pais,codigo_iso,anio,tipo_ganado,cabezas_ganado,produccion_carne_ton,produccion_leche_lt,emisiones_ch4_ton_co2eq,intensidad_emisiones,eficiencia_carne,flag_emision_extrema,flag_eficiencia_anomala,flag_leche_no_aplica,temperatura_promedio,temperatura_maxima,temperatura_minima,precipitacion_total,humedad_relativa_promedio,dias_con_heladas,meses_estres_hidrico,indice_aridez,n_eventos_total_regiones,ev_granizo,ev_helada_tardia,ev_incendios,ev_inundacion,ev_ola_calor,ev_sequia_extrema,ev_sequia_moderada,ev_sequia_severa,ev_tormenta_severa,flag_anio_eventos_extremos,tiene_subsidio_activo,reg_bienestar_animal,reg_deforestacion,reg_emisiones_ganaderas,reg_etanol_mezcla,reg_pesticidas_neonicotinoides,reg_reservas_legales,reg_rotacion_cultivos,reg_uso_agua,acuerdo_Acuerdo_Mercosur,acuerdo_Acuerdo_Paris,acuerdo_Convenio_Biodiversidad,acuerdo_ODS_2030,acuerdo_Protocolo_Kyoto,acuerdo_TLCAN,objetivo_reduccion_emisiones_pct,flag_sin_clima
Argentina,ARG,2011,bovino,18160590,1857394,2355425160.0,1121740,0.062,0.1023,0,0,0,16.37,26.13,4.73,795.67,69.0,51.0,4.67,14.75,0.0,0.0,0.0,0.0,0.0,0.0,0.0,0.0,0.0,0.0,0.0,0,0,0,0,0,1,0,0,0,0,0,0,0,0,0,0.0,0
Argentina,ARG,2011,porcino,13481224,1528896,,1984357,0.147,0.1134,0,0,1,16.37,26.13,4.73,795.67,69.0,51.0,4.67,14.75,0.0,0.0,0.0,0.0,0.0,0.0,0.0,0.0,0.0,0.0,0.0,0,0,0,0,0,1,0,0,0,0,0,0,0,0,0,0.0,0
Argentina,ARG,2011,avicola,979196737,1290153,,10160819,0.01,0.0013,0,0,1,16.37,26.13,4.73,795.67,69.0,51.0,4.67,14.75,0.0,0.0,0.0,0.0,0.0,0.0,0.0,0.0,0.0,0.0,0.0,0,0,0,0,0,1,0,0,0,0,0,0,0,0,0,0.0,0
Argentina,ARG,2011,ovino,13789178,477282,329191349.0,5061273,0.367,0.0346,0,0,1,16.37,26.13,4.73,795.67,69.0,51.0,4.67,14.75,0.0,0.0,0.0,0.0,0.0,0.0,0.0,0.0,0.0,0.0,0.0,0,0,0,0,0,1,0,0,0,0,0,0,0,0,0,0.0,0
Argentina,ARG,2011,caprino,2045715,345732,454558689.0,284966,0.139,0.169,0,0,0,16.37,26.13,4.73,795.67,69.0,51.0,4.67,14.75,0.0,0.0,0.0,0.0,0.0,0.0,0.0,0.0,0.0,0.0,0.0,0,0,0,0,0,1,0,0,0,0,0,0,0,0,0,0.0,0
Argentina,ARG,2012,bovino,16274211,2481380,5234719650.0,2122329,0.13,0.1525,0,0,0,18.87,29.07,7.8,865.67,60.33,74.0,2.33,13.47,1.0,1.0,0.0,0.0,0.0,0.0,0.0,0.0,0.0,0.0,1.0,0,0,0,0,0,1,0,0,1,0,0,0,0,0,0,0.0,0
Argentina,ARG,2012,porcino,4456499,3268435,,7561616,1.697,0.7334,0,0,1,18.87,29.07,7.8,865.67,60.33,74.0,2.33,13.47,1.0,1.0,0.0,0.0,0.0,0.0,0.0,0.0,0.0,0.0,1.0,0,0,0,0,0,1,0,0,1,0,0,0,0,0,0,0.0,0
Argentina,ARG,2012,avicola,291021486,2019646,,23100170,0.079,0.0069,0,0,1,18.87,29.07,7.8,865.67,60.33,74.0,2.33,13.47,1.0,1.0,0.0,0.0,0.0,0.0,0.0,0.0,0.0,0.0,1.0,0,0,0,0,0,1,0,0,1,0,0,0,0,0,0,0.0,0
Argentina,ARG,2012,ovino,18365917,112058,434565072.0,7450288,0.406,0.0061,0,0,1,18.87,29.07,7.8,865.67,60.33,74.0,2.33,13.47,1.0,1.0,0.0,0.0,0.0,0.0,0.0,0.0,0.0,0.0,1.0,0,0,0,0,0,1,0,0,1,0,0,0,0,0,0,0.0,0
Argentina,ARG,2012,caprino,8904812,109883,306627430.0,6612691,0.743,0.0123,0,0,0,18.87,29.07,7.8,865.67,60.33,74.0,2.33,13.47,1.0,1.0,0.0,0.0,0.0,0.0,0.0,0.0,0.0,0.0,1.0,0,0,0,0,0,1,0,0,1,0,0,0,0,0,0,0.0,0
Argentina,ARG,2013,bovino,15892202,3543044,1521265099.0,31826900,2.003,0.2229,0,0,0,16.3,28.1,7.17,980.67,60.67,36.0,2.67,17.39,5.0,0.0,1.0,0.0,0.0,1.0,1.0,1.0,1.0,0.0,1.0,0,0,0,0,1,1,0,0,1,0,0,0,0,0,0,0.0,0
Argentina,ARG,2013,porcino,7351492,2260825,,4020380,0.547,0.3075,0,0,1,16.3,28.1,7.17,980.67,60.67,36.0,2.67,17.39,5.0,0.0,1.0,0.0,0.0,1.0,1.0,1.0,1.0,0.0,1.0,0,0,0,0,1,1,0,0,1,0,0,0,0,0,0,0.0,0
Argentina,ARG,2013,avicola,198390904,517709,,20992115,0.106,0.0026,0,0,1,16.3,28.1,7.17,980.67,60.67,36.0,2.67,17.39,5.0,0.0,1.0,0.0,0.0,1.0,1.0,1.0,1.0,0.0,1.0,0,0,0,0,1,1,0,0,1,0,0,0,0,0,0,0.0,0
Argentina,ARG,2013,ovino,6134828,346281,152210080.0,455445,0.074,0.0564,0,0,1,16.3,28.1,7.17,980.67,60.67,36.0,2.67,17.39,5.0,0.0,1.0,0.0,0.0,1.0,1.0,1.0,1.0,0.0,1.0,0,0,0,0,1,1,0,0,1,0,0,0,0,0,0,0.0,0
Argentina,ARG,2013,caprino,5744772,414209,202176158.0,3106121,0.541,0.0721,0,0,0,16.3,28.1,7.17,980.67,60.67,36.0,2.67,17.39,5.0,0.0,1.0,0.0,0.0,1.0,1.0,1.0,1.0,0.0,1.0,0,0,0,0,1,1,0,0,1,0,0,0,0,0,0,0.0,0
Argentina,ARG,2014,bovino,7036760,4373759,6450940482.0,53414726,7.591,0.6216,1,0,0,18.3,29.7,10.6,980.33,50.67,24.0,3.0,15.13,0.0,0.0,0.0,0.0,0.0,0.0,0.0,0.0,0.0,0.0,0.0,0,0,0,0,1,1,0,0,1,0,0,0,0,0,0,0.0,0
Argentina,ARG,2014,porcino,4362933,2608156,,3165929,0.726,0.5978,0,0,1,18.3,29.7,10.6,980.33,50.67,24.0,3.0,15.13,0.0,0.0,0.0,0.0,0.0,0.0,0.0,0.0,0.0,0.0,0.0,0,0,0,0,1,1,0,0,1,0,0,0,0,0,0,0.0,0
Argentina,ARG,2014,avicola,824219637,118352,,20158336,0.024,0.0001,0,0,1,18.3,29.7,10.6,980.33,50.67,24.0,3.0,15.13,0.0,0.0,0.0,0.0,0.0,0.0,0.0,0.0,0.0,0.0,0.0,0,0,0,0,1,1,0,0,1,0,0,0,0,0,0,0.0,0
Argentina,ARG,2014,ovino,14753516,18091,67393705.0,373400,0.025,0.0012,0,0,1,18.3,29.7,10.6,980.33,50.67,24.0,3.0,15.13,0.0,0.0,0.0,0.0,0.0,0.0,0.0,0.0,0.0,0.0,0.0,0,0,0,0,1,1,0,0,1,0,0,0,0,0,0,0.0,0
Argentina,ARG,2014,caprino,1510012,73924,132665194.0,1494917,0.99,0.049,0,0,0,18.3,29.7,10.6,980.33,50.67,24.0,3.0,15.13,0.0,0.0,0.0,0.0,0.0,0.0,0.0,0.0,0.0,0.0,0.0,0,0,0,0,1,1,0,0,1,0,0,0,0,0,0,0.0,0
Argentina,ARG,2015,bovino,50340284,190625,3972229187.0,43677142,0.868,0.0038,0,0,0,13.57,21.53,4.4,874.0,55.67,50.67,3.0,19.2,3.0,0.0,1.0,1.0,0.0,0.0,0.0,0.0,1.0,0.0,1.0,0,0,0,0,1,1,0,0,1,0,0,0,0,0,0,0.0,0
Argentina,ARG,2015,porcino,11259045,433446,,3698782,0.329,0.0385,0,0,1,13.57,21.53,4.4,874.0,55.67,50.67,3.0,19.2,3.0,0.0,1.0,1.0,0.0,0.0,0.0,0.0,1.0,0.0,1.0,0,0,0,0,1,1,0,0,1,0,0,0,0,0,0,0.0,0
Argentina,ARG,2015,avicola,979770973,1536055,,19085897,0.019,0.0016,0,0,1,13.57,21.53,4.4,874.0,55.67,50.67,3.0,19.2,3.0,0.0,1.0,1.0,0.0,0.0,0.0,0.0,1.0,0.0,1.0,0,0,0,0,1,1,0,0,1,0,0,0,0,0,0,0.0,0
Argentina,ARG,2015,ovino,10213007,176325,253372859.0,2653046,0.26,0.0173,0,0,1,13.57,21.53,4.4,874.0,55.67,50.67,3.0,19.2,3.0,0.0,1.0,1.0,0.0,0.0,0.0,0.0,1.0,0.0,1.0,0,0,0,0,1,1,0,0,1,0,0,0,0,0,0,0.0,0
Argentina,ARG,2015,caprino,17270152,347361,135609496.0,8707273,0.504,0.0201,0,0,0,13.57,21.53,4.4,874.0,55.67,50.67,3.0,19.2,3.0,0.0,1.0,1.0,0.0,0.0,0.0,0.0,1.0,0.0,1.0,0,0,0,0,1,1,0,0,1,0,0,0,0,0,0,0.0,0
Argentina,ARG,2016,bovino,4381607,1002516,7289921981.0,8660966,1.977,0.2288,0,0,0,18.73,28.17,10.43,1178.33,66.33,80.67,1.0,19.18,1.0,0.0,0.0,0.0,0.0,1.0,0.0,0.0,0.0,0.0,1.0,0,0,0,0,1,1,0,0,1,0,0,0,0,0,0,0.0,0
Argentina,ARG,2016,porcino,18674060,898989,,673119,0.036,0.0481,0,0,1,18.73,28.17,10.43,1178.33,66.33,80.67,1.0,19.18,1.0,0.0,0.0,0.0,0.0,1.0,0.0,0.0,0.0,0.0,1.0,0,0,0,0,1,1,0,0,1,0,0,0,0,0,0,0.0,0
Argentina,ARG,2016,avicola,27911119,599881,,15985408,0.573,0.0215,0,0,1,18.73,28.17,10.43,1178.33,66.33,80.67,1.0,19.18,1.0,0.0,0.0,0.0,0.0,1.0,0.0,0.0,0.0,0.0,1.0,0,0,0,0,1,1,0,0,1,0,0,0,0,0,0,0.0,0
Argentina,ARG,2016,ovino,15460730,452712,200006295.0,5051423,0.327,0.0293,0,0,1,18.73,28.17,10.43,1178.33,66.33,80.67,1.0,19.18,1.0,0.0,0.0,0.0,0.0,1.0,0.0,0.0,0.0,0.0,1.0,0,0,0,0,1,1,0,0,1,0,0,0,0,0,0,0.0,0
Argentina,ARG,2016,caprino,14122975,397826,517329458.0,2164134,0.153,0.0282,0,0,0,18.73,28.17,10.43,1178.33,66.33,80.67,1.0,19.18,1.0,0.0,0.0,0.0,0.0,1.0,0.0,0.0,0.0,0.0,1.0,0,0,0,0,1,1,0,0,1,0,0,0,0,0,0,0.0,0
Argentina,ARG,2017,bovino,7566960,1743540,7576185538.0,22525297,2.977,0.2304,1,0,0,18.63,26.63,7.67,886.67,58.33,62.0,4.0,14.77,0.0,0.0,0.0,0.0,0.0,0.0,0.0,0.0,0.0,0.0,0.0,0,0,0,0,1,1,0,0,1,0,0,0,0,0,0,0.0,0
Argentina,ARG,2017,porcino,15880125,809620,,8889107,0.56,0.051,0,0,1,18.63,26.63,7.67,886.67,58.33,62.0,4.0,14.77,0.0,0.0,0.0,0.0,0.0,0.0,0.0,0.0,0.0,0.0,0.0,0,0,0,0,1,1,0,0,1,0,0,0,0,0,0,0.0,0
Argentina,ARG,2017,avicola,1153883502,324265,,2864531,0.002,0.0003,0,0,1,18.63,26.63,7.67,886.67,58.33,62.0,4.0,14.77,0.0,0.0,0.0,0.0,0.0,0.0,0.0,0.0,0.0,0.0,0.0,0,0,0,0,1,1,0,0,1,0,0,0,0,0,0,0.0,0
Argentina,ARG,2017,ovino,7015033,267474,331611842.0,6657338,0.949,0.0381,0,0,1,18.63,26.63,7.67,886.67,58.33,62.0,4.0,14.77,0.0,0.0,0.0,0.0,0.0,0.0,0.0,0.0,0.0,0.0,0.0,0,0,0,0,1,1,0,0,1,0,0,0,0,0,0,0.0,0
Argentina,ARG,2017,caprino,16873880,98703,565060189.0,6080038,0.36,0.0058,0,0,0,18.63,26.63,7.67,886.67,58.33,62.0,4.0,14.77,0.0,0.0,0.0,0.0,0.0,0.0,0.0,0.0,0.0,0.0,0.0,0,0,0,0,1,1,0,0,1,0,0,0,0,0,0,0.0,0
Argentina,ARG,2018,bovino,28622696,4199285,5313013034.0,27114110,0.947,0.1467,0,0,0,19.53,31.2,8.57,789.67,74.67,66.67,4.33,10.86,2.0,0.0,0.0,0.0,0.0,1.0,1.0,0.0,0.0,0.0,1.0,0,0,0,0,1,1,0,0,1,0,0,0,0,0,0,0.0,0
Argentina,ARG,2018,porcino,18113372,1705395,,19823100,1.094,0.0942,0,0,1,19.53,31.2,8.57,789.67,74.67,66.67,4.33,10.86,2.0,0.0,0.0,0.0,0.0,1.0,1.0,0.0,0.0,0.0,1.0,0,0,0,0,1,1,0,0,1,0,0,0,0,0,0,0.0,0
Argentina,ARG,2018,avicola,731357959,221608,,23399247,0.032,0.0003,0,0,1,19.53,31.2,8.57,789.67,74.67,66.67,4.33,10.86,2.0,0.0,0.0,0.0,0.0,1.0,1.0,0.0,0.0,0.0,1.0,0,0,0,0,1,1,0,0,1,0,0,0,0,0,0,0.0,0
Argentina,ARG,2018,ovino,5135902,420834,358988086.0,2609283,0.508,0.0819,0,0,1,19.53,31.2,8.57,789.67,74.67,66.67,4.33,10.86,2.0,0.0,0.0,0.0,0.0,1.0,1.0,0.0,0.0,0.0,1.0,0,0,0,0,1,1,0,0,1,0,0,0,0,0,0,0.0,0
Argentina,ARG,2018,caprino,17597489,319941,518010561.0,10870079,0.618,0.0182,0,0,0,19.53,31.2,8.57,789.67,74.67,66.67,4.33,10.86,2.0,0.0,0.0,0.0,0.0,1.0,1.0,0.0,0.0,0.0,1.0,0,0,0,0,1,1,0,0,1,0,0,0,0,0,0,0.0,0
Argentina,ARG,2019,bovino,7593050,4326749,6553035977.0,9460926,1.246,0.5698,0,0,0,13.4,25.77,3.13,762.0,75.33,68.33,3.67,15.68,1.0,0.0,1.0,0.0,0.0,0.0,0.0,0.0,0.0,0.0,1.0,1,0,0,0,1,1,0,0,1,0,0,0,0,0,0,0.0,0
Argentina,ARG,2019,porcino,5086842,918331,,14237642,2.799,0.1805,1,0,1,13.4,25.77,3.13,762.0,75.33,68.33,3.67,15.68,1.0,0.0,1.0,0.0,0.0,0.0,0.0,0.0,0.0,0.0,1.0,1,0,0,0,1,1,0,0,1,0,0,0,0,0,0,0.0,0
Argentina,ARG,2019,avicola,388626399,1284364,,17202956,0.044,0.0033,0,0,1,13.4,25.77,3.13,762.0,75.33,68.33,3.67,15.68,1.0,0.0,1.0,0.0,0.0,0.0,0.0,0.0,0.0,0.0,1.0,1,0,0,0,1,1,0,0,1,0,0,0,0,0,0,0.0,0
Argentina,ARG,2019,ovino,12696608,291906,388028119.0,5186803,0.409,0.023,0,0,1,13.4,25.77,3.13,762.0,75.33,68.33,3.67,15.68,1.0,0.0,1.0,0.0,0.0,0.0,0.0,0.0,0.0,0.0,1.0,1,0,0,0,1,1,0,0,1,0,0,0,0,0,0,0.0,0
Argentina,ARG,2019,caprino,9474573,234999,256544950.0,10633115,1.122,0.0248,0,0,0,13.4,25.77,3.13,762.0,75.33,68.33,3.67,15.68,1.0,0.0,1.0,0.0,0.0,0.0,0.0,0.0,0.0,0.0,1.0,1,0,0,0,1,1,0,0,1,0,0,0,0,0,0,0.0,0
Argentina,ARG,2020,bovino,31931197,3626867,3060289758.0,23251460,0.728,0.1136,0,0,0,16.07,25.8,7.73,540.67,74.33,50.67,6.0,9.49,0.0,0.0,0.0,0.0,0.0,0.0,0.0,0.0,0.0,0.0,0.0,1,0,0,0,1,1,0,0,1,0,0,0,0,0,0,0.0,0
Argentina,ARG,2020,porcino,20544621,3238676,,14292799,0.696,0.1576,0,0,1,16.07,25.8,7.73,540.67,74.33,50.67,6.0,9.49,0.0,0.0,0.0,0.0,0.0,0.0,0.0,0.0,0.0,0.0,0.0,1,0,0,0,1,1,0,0,1,0,0,0,0,0,0,0.0,0
Argentina,ARG,2020,avicola,1163169233,2226345,,11149475,0.01,0.0019,0,0,1,16.07,25.8,7.73,540.67,74.33,50.67,6.0,9.49,0.0,0.0,0.0,0.0,0.0,0.0,0.0,0.0,0.0,0.0,0.0,1,0,0,0,1,1,0,0,1,0,0,0,0,0,0,0.0,0
Argentina,ARG,2020,ovino,12883839,315760,2512483.0,5694987,0.442,0.0245,0,0,1,16.07,25.8,7.73,540.67,74.33,50.67,6.0,9.49,0.0,0.0,0.0,0.0,0.0,0.0,0.0,0.0,0.0,0.0,0.0,1,0,0,0,1,1,0,0,1,0,0,0,0,0,0,0.0,0
Argentina,ARG,2020,caprino,990627,308774,474694328.0,12748609,12.869,0.3117,1,0,0,16.07,25.8,7.73,540.67,74.33,50.67,6.0,9.49,0.0,0.0,0.0,0.0,0.0,0.0,0.0,0.0,0.0,0.0,0.0,1,0,0,0,1,1,0,0,1,0,0,0,0,0,0,0.0,0
Brasil,BRA,2011,bovino,8723233,571438,8533823798.0,26210666,3.005,0.0655,1,0,0,17.97,31.43,5.43,615.0,67.67,70.67,7.33,9.75,3.0,0.0,0.0,1.0,0.0,0.0,0.0,0.0,1.0,1.0,1.0,0,0,0,0,0,0,0,0,0,1,0,0,0,1,0,0.0,0
Brasil,BRA,2011,porcino,5124492,1322809,,8142533,1.589,0.2581,0,0,1,17.97,31.43,5.43,615.0,67.67,70.67,7.33,9.75,3.0,0.0,0.0,1.0,0.0,0.0,0.0,0.0,1.0,1.0,1.0,0,0,0,0,0,0,0,0,0,1,0,0,0,1,0,0.0,0
Brasil,BRA,2011,avicola,914462196,1252778,,15083230,0.016,0.0014,0,0,1,17.97,31.43,5.43,615.0,67.67,70.67,7.33,9.75,3.0,0.0,0.0,1.0,0.0,0.0,0.0,0.0,1.0,1.0,1.0,0,0,0,0,0,0,0,0,0,1,0,0,0,1,0,0.0,0
Brasil,BRA,2011,ovino,7496430,33884,396320298.0,2383477,0.318,0.0045,0,0,1,17.97,31.43,5.43,615.0,67.67,70.67,7.33,9.75,3.0,0.0,0.0,1.0,0.0,0.0,0.0,0.0,1.0,1.0,1.0,0,0,0,0,0,0,0,0,0,1,0,0,0,1,0,0.0,0
Brasil,BRA,2011,caprino,4990211,208726,404887142.0,557598,0.112,0.0418,0,0,0,17.97,31.43,5.43,615.0,67.67,70.67,7.33,9.75,3.0,0.0,0.0,1.0,0.0,0.0,0.0,0.0,1.0,1.0,1.0,0,0,0,0,0,0,0,0,0,1,0,0,0,1,0,0.0,0
Brasil,BRA,2012,bovino,31079507,3337336,9295097022.0,8548155,0.275,0.1074,0,0,0,15.43,25.07,6.33,864.33,62.33,25.0,4.67,16.98,0.0,0.0,0.0,0.0,0.0,0.0,0.0,0.0,0.0,0.0,0.0,0,0,0,0,0,0,0,0,0,1,0,0,0,1,0,0.0,0
Brasil,BRA,2012,porcino,3105088,2191544,,15184457,4.89,0.7058,1,0,1,15.43,25.07,6.33,864.33,62.33,25.0,4.67,16.98,0.0,0.0,0.0,0.0,0.0,0.0,0.0,0.0,0.0,0.0,0.0,0,0,0,0,0,0,0,0,0,1,0,0,0,1,0,0.0,0
Brasil,BRA,2012,avicola,172744608,165127,,5994892,0.035,0.001,0,0,1,15.43,25.07,6.33,864.33,62.33,25.0,4.67,16.98,0.0,0.0,0.0,0.0,0.0,0.0,0.0,0.0,0.0,0.0,0.0,0,0,0,0,0,0,0,0,0,1,0,0,0,1,0,0.0,0
Brasil,BRA,2012,ovino,2808812,138823,43042765.0,321739,0.115,0.0494,0,0,1,15.43,25.07,6.33,864.33,62.33,25.0,4.67,16.98,0.0,0.0,0.0,0.0,0.0,0.0,0.0,0.0,0.0,0.0,0.0,0,0,0,0,0,0,0,0,0,1,0,0,0,1,0,0.0,0
Brasil,BRA,2012,caprino,14388965,85659,421597443.0,3242538,0.225,0.006,0,0,0,15.43,25.07,6.33,864.33,62.33,25.0,4.67,16.98,0.0,0.0,0.0,0.0,0.0,0.0,0.0,0.0,0.0,0.0,0.0,0,0,0,0,0,0,0,0,0,1,0,0,0,1,0,0.0,0
Brasil,BRA,2013,bovino,11386583,4897735,6110270171.0,31323122,2.751,0.4301,1,0,0,17.47,25.5,6.23,775.0,53.33,99.0,4.33,13.11,5.0,0.0,0.0,1.0,1.0,0.0,1.0,0.0,1.0,1.0,1.0,0,0,0,0,0,0,0,0,0,1,0,0,0,1,0,0.0,0
Brasil,BRA,2013,porcino,14532858,2647225,,11481388,0.79,0.1822,0,0,1,17.47,25.5,6.23,775.0,53.33,99.0,4.33,13.11,5.0,0.0,0.0,1.0,1.0,0.0,1.0,0.0,1.0,1.0,1.0,0,0,0,0,0,0,0,0,0,1,0,0,0,1,0,0.0,0
Brasil,BRA,2013,avicola,136172425,482558,,3406006,0.025,0.0035,0,0,1,17.47,25.5,6.23,775.0,53.33,99.0,4.33,13.11,5.0,0.0,0.0,1.0,1.0,0.0,1.0,0.0,1.0,1.0,1.0,0,0,0,0,0,0,0,0,0,1,0,0,0,1,0,0.0,0
Brasil,BRA,2013,ovino,1180055,336686,421979784.0,3151932,2.671,0.2853,1,0,1,17.47,25.5,6.23,775.0,53.33,99.0,4.33,13.11,5.0,0.0,0.0,1.0,1.0,0.0,1.0,0.0,1.0,1.0,1.0,0,0,0,0,0,0,0,0,0,1,0,0,0,1,0,0.0,0
Brasil,BRA,2013,caprino,449935,230929,485089078.0,7820399,17.381,0.5132,1,0,0,17.47,25.5,6.23,775.0,53.33,99.0,4.33,13.11,5.0,0.0,0.0,1.0,1.0,0.0,1.0,0.0,1.0,1.0,1.0,0,0,0,0,0,0,0,0,0,1,0,0,0,1,0,0.0,0
Brasil,BRA,2014,bovino,32721335,4882737,10293538866.0,16891881,0.516,0.1492,0,0,0,22.53,33.8,11.0,784.33,51.33,49.67,6.67,9.78,2.0,0.0,0.0,0.0,0.0,0.0,1.0,0.0,0.0,1.0,1.0,0,0,0,0,0,0,0,0,0,1,0,0,0,1,0,0.0,0
Brasil,BRA,2014,porcino,6151243,1324049,,2180655,0.355,0.2152,0,0,1,22.53,33.8,11.0,784.33,51.33,49.67,6.67,9.78,2.0,0.0,0.0,0.0,0.0,0.0,1.0,0.0,0.0,1.0,1.0,0,0,0,0,0,0,0,0,0,1,0,0,0,1,0,0.0,0
Brasil,BRA,2014,avicola,139760342,1712368,,8372537,0.06,0.0123,0,0,1,22.53,33.8,11.0,784.33,51.33,49.67,6.67,9.78,2.0,0.0,0.0,0.0,0.0,0.0,1.0,0.0,0.0,1.0,1.0,0,0,0,0,0,0,0,0,0,1,0,0,0,1,0,0.0,0
Brasil,BRA,2014,ovino,2235617,138811,244105392.0,3687746,1.65,0.0621,0,0,1,22.53,33.8,11.0,784.33,51.33,49.67,6.67,9.78,2.0,0.0,0.0,0.0,0.0,0.0,1.0,0.0,0.0,1.0,1.0,0,0,0,0,0,0,0,0,0,1,0,0,0,1,0,0.0,0
Brasil,BRA,2014,caprino,21773456,372869,522907747.0,1614606,0.074,0.0171,0,0,0,22.53,33.8,11.0,784.33,51.33,49.67,6.67,9.78,2.0,0.0,0.0,0.0,0.0,0.0,1.0,0.0,0.0,1.0,1.0,0,0,0,0,0,0,0,0,0,1,0,0,0,1,0,0.0,0
Brasil,BRA,2015,bovino,33814403,4227144,10358249853.0,45949342,1.359,0.125,0,0,0,19.27,31.7,10.4,1005.33,68.67,53.33,3.0,15.01,0.0,0.0,0.0,0.0,0.0,0.0,0.0,0.0,0.0,0.0,0.0,0,0,0,0,1,0,0,0,0,1,0,0,0,1,0,0.0,0
Brasil,BRA,2015,porcino,15850522,945458,,1693290,0.107,0.0596,0,0,1,19.27,31.7,10.4,1005.33,68.67,53.33,3.0,15.01,0.0,0.0,0.0,0.0,0.0,0.0,0.0,0.0,0.0,0.0,0.0,0,0,0,0,1,0,0,0,0,1,0,0,0,1,0,0.0,0
Brasil,BRA,2015,avicola,691496728,984198,,7492516,0.011,0.0014,0,0,1,19.27,31.7,10.4,1005.33,68.67,53.33,3.0,15.01,0.0,0.0,0.0,0.0,0.0,0.0,0.0,0.0,0.0,0.0,0.0,0,0,0,0,1,0,0,0,0,1,0,0,0,1,0,0.0,0
Brasil,BRA,2015,ovino,3244008,41810,177794461.0,5229989,1.612,0.0129,0,0,1,19.27,31.7,10.4,1005.33,68.67,53.33,3.0,15.01,0.0,0.0,0.0,0.0,0.0,0.0,0.0,0.0,0.0,0.0,0.0,0,0,0,0,1,0,0,0,0,1,0,0,0,1,0,0.0,0
Brasil,BRA,2015,caprino,8807301,83576,269014628.0,1745102,0.198,0.0095,0,0,0,19.27,31.7,10.4,1005.33,68.67,53.33,3.0,15.01,0.0,0.0,0.0,0.0,0.0,0.0,0.0,0.0,0.0,0.0,0.0,0,0,0,0,1,0,0,0,0,1,0,0,0,1,0,0.0,0
Brasil,BRA,2016,bovino,39643753,137142,1282475631.0,36701662,0.926,0.0035,0,0,0,16.37,26.87,7.53,660.33,58.0,42.0,5.33,11.75,1.0,0.0,1.0,0.0,0.0,0.0,0.0,0.0,0.0,0.0,1.0,0,0,0,0,1,0,0,0,0,1,0,0,0,1,0,0.0,0
Brasil,BRA,2016,porcino,1456978,1017867,,4607703,3.163,0.6986,1,0,1,16.37,26.87,7.53,660.33,58.0,42.0,5.33,11.75,1.0,0.0,1.0,0.0,0.0,0.0,0.0,0.0,0.0,0.0,1.0,0,0,0,0,1,0,0,0,0,1,0,0,0,1,0,0.0,0
Brasil,BRA,2016,avicola,688339581,1441941,,2812946,0.004,0.0021,0,0,1,16.37,26.87,7.53,660.33,58.0,42.0,5.33,11.75,1.0,0.0,1.0,0.0,0.0,0.0,0.0,0.0,0.0,0.0,1.0,0,0,0,0,1,0,0,0,0,1,0,0,0,1,0,0.0,0
Brasil,BRA,2016,ovino,15010858,26685,23788641.0,4957366,0.33,0.0018,0,0,1,16.37,26.87,7.53,660.33,58.0,42.0,5.33,11.75,1.0,0.0,1.0,0.0,0.0,0.0,0.0,0.0,0.0,0.0,1.0,0,0,0,0,1,0,0,0,0,1,0,0,0,1,0,0.0,0
Brasil,BRA,2016,caprino,13715218,12449,252401477.0,6377008,0.465,0.0009,0,0,0,16.37,26.87,7.53,660.33,58.0,42.0,5.33,11.75,1.0,0.0,1.0,0.0,0.0,0.0,0.0,0.0,0.0,0.0,1.0,0,0,0,0,1,0,0,0,0,1,0,0,0,1,0,0.0,0
Brasil,BRA,2017,bovino,31502213,1535338,8335727720.0,42172020,1.339,0.0487,0,0,0,21.3,34.03,11.07,621.0,55.33,31.0,5.0,8.38,0.0,0.0,0.0,0.0,0.0,0.0,0.0,0.0,0.0,0.0,0.0,0,0,0,0,1,0,1,0,0,1,0,0,0,1,0,0.0,0
Brasil,BRA,2017,porcino,15738893,2457736,,2438167,0.155,0.1562,0,0,1,21.3,34.03,11.07,621.0,55.33,31.0,5.0,8.38,0.0,0.0,0.0,0.0,0.0,0.0,0.0,0.0,0.0,0.0,0.0,0,0,0,0,1,0,1,0,0,1,0,0,0,1,0,0.0,0
Brasil,BRA,2017,avicola,964365302,480280,,2077246,0.002,0.0005,0,0,1,21.3,34.03,11.07,621.0,55.33,31.0,5.0,8.38,0.0,0.0,0.0,0.0,0.0,0.0,0.0,0.0,0.0,0.0,0.0,0,0,0,0,1,0,1,0,0,1,0,0,0,1,0,0.0,0
Brasil,BRA,2017,ovino,12899350,255611,315488802.0,729177,0.057,0.0198,0,0,1,21.3,34.03,11.07,621.0,55.33,31.0,5.0,8.38,0.0,0.0,0.0,0.0,0.0,0.0,0.0,0.0,0.0,0.0,0.0,0,0,0,0,1,0,1,0,0,1,0,0,0,1,0,0.0,0
Brasil,BRA,2017,caprino,6846842,483714,331541387.0,1895139,0.277,0.0706,0,0,0,21.3,34.03,11.07,621.0,55.33,31.0,5.0,8.38,0.0,0.0,0.0,0.0,0.0,0.0,0.0,0.0,0.0,0.0,0.0,0,0,0,0,1,0,1,0,0,1,0,0,0,1,0,0.0,0
Brasil,BRA,2018,bovino,8901456,2442841,4658112203.0,57292829,6.436,0.2744,1,0,0,17.53,27.0,8.7,639.0,62.0,68.33,4.67,10.3,3.0,0.0,1.0,0.0,0.0,0.0,2.0,0.0,0.0,0.0,1.0,0,0,1,0,1,0,1,0,0,1,0,0,0,1,0,0.0,0
Brasil,BRA,2018,porcino,8686807,3242847,,13480935,1.552,0.3733,0,0,1,17.53,27.0,8.7,639.0,62.0,68.33,4.67,10.3,3.0,0.0,1.0,0.0,0.0,0.0,2.0,0.0,0.0,0.0,1.0,0,0,1,0,1,0,1,0,0,1,0,0,0,1,0,0.0,0
Brasil,BRA,2018,avicola,931773863,2086755,,26415623,0.028,0.0022,0,0,1,17.53,27.0,8.7,639.0,62.0,68.33,4.67,10.3,3.0,0.0,1.0,0.0,0.0,0.0,2.0,0.0,0.0,0.0,1.0,0,0,1,0,1,0,1,0,0,1,0,0,0,1,0,0.0,0
Brasil,BRA,2018,ovino,11853987,246854,434394889.0,2370726,0.2,0.0208,0,0,1,17.53,27.0,8.7,639.0,62.0,68.33,4.67,10.3,3.0,0.0,1.0,0.0,0.0,0.0,2.0,0.0,0.0,0.0,1.0,0,0,1,0,1,0,1,0,0,1,0,0,0,1,0,0.0,0
Brasil,BRA,2018,caprino,10566972,288870,399993920.0,6379526,0.604,0.0273,0,0,0,17.53,27.0,8.7,639.0,62.0,68.33,4.67,10.3,3.0,0.0,1.0,0.0,0.0,0.0,2.0,0.0,0.0,0.0,1.0,0,0,1,0,1,0,1,0,0,1,0,0,0,1,0,0.0,0
Brasil,BRA,2019,bovino,59649839,4033088,1255683408.0,51257682,0.859,0.0676,0,0,0,16.47,27.53,3.07,932.0,52.67,96.33,4.33,16.15,0.0,0.0,0.0,0.0,0.0,0.0,0.0,0.0,0.0,0.0,0.0,1,0,1,0,1,0,1,0,0,1,0,0,0,1,0,0.0,0
Brasil,BRA,2019,porcino,8679562,3830924,,17057750,1.965,0.4414,0,0,1,16.47,27.53,3.07,932.0,52.67,96.33,4.33,16.15,0.0,0.0,0.0,0.0,0.0,0.0,0.0,0.0,0.0,0.0,0.0,1,0,1,0,1,0,1,0,0,1,0,0,0,1,0,0.0,0
Brasil,BRA,2019,avicola,96442915,1632789,,1371315,0.014,0.0169,0,0,1,16.47,27.53,3.07,932.0,52.67,96.33,4.33,16.15,0.0,0.0,0.0,0.0,0.0,0.0,0.0,0.0,0.0,0.0,0.0,1,0,1,0,1,0,1,0,0,1,0,0,0,1,0,0.0,0
Brasil,BRA,2019,ovino,11924953,333479,532189981.0,1785262,0.15,0.028,0,0,1,16.47,27.53,3.07,932.0,52.67,96.33,4.33,16.15,0.0,0.0,0.0,0.0,0.0,0.0,0.0,0.0,0.0,0.0,0.0,1,0,1,0,1,0,1,0,0,1,0,0,0,1,0,0.0,0
Brasil,BRA,2019,caprino,14153260,156664,84236938.0,4676965,0.33,0.0111,0,0,0,16.47,27.53,3.07,932.0,52.67,96.33,4.33,16.15,0.0,0.0,0.0,0.0,0.0,0.0,0.0,0.0,0.0,0.0,0.0,1,0,1,0,1,0,1,0,0,1,0,0,0,1,0,0.0,0
Brasil,BRA,2020,bovino,17017684,4199875,5033914424.0,6006601,0.353,0.2468,0,0,0,20.37,32.2,12.07,960.33,60.33,77.33,2.67,13.48,2.0,0.0,0.0,1.0,0.0,0.0,0.0,1.0,0.0,0.0,1.0,1,0,1,0,1,0,1,0,0,1,0,0,0,1,0,0.0,0
Brasil,BRA,2020,porcino,25626499,1897744,,13551938,0.529,0.0741,0,0,1,20.37,32.2,12.07,960.33,60.33,77.33,2.67,13.48,2.0,0.0,0.0,1.0,0.0,0.0,0.0,1.0,0.0,0.0,1.0,1,0,1,0,1,0,1,0,0,1,0,0,0,1,0,0.0,0
Brasil,BRA,2020,avicola,1055554399,2494051,,20370183,0.019,0.0024,0,0,1,20.37,32.2,12.07,960.33,60.33,77.33,2.67,13.48,2.0,0.0,0.0,1.0,0.0,0.0,0.0,1.0,0.0,0.0,1.0,1,0,1,0,1,0,1,0,0,1,0,0,0,1,0,0.0,0
Brasil,BRA,2020,ovino,5482630,572988,76626833.0,11099383,2.024,0.1045,0,0,1,20.37,32.2,12.07,960.33,60.33,77.33,2.67,13.48,2.0,0.0,0.0,1.0,0.0,0.0,0.0,1.0,0.0,0.0,1.0,1,0,1,0,1,0,1,0,0,1,0,0,0,1,0,0.0,0
Brasil,BRA,2020,caprino,13345247,496236,167703102.0,7439367,0.557,0.0372,0,0,0,20.37,32.2,12.07,960.33,60.33,77.33,2.67,13.48,2.0,0.0,0.0,1.0,0.0,0.0,0.0,1.0,0.0,0.0,1.0,1,0,1,0,1,0,1,0,0,1,0,0,0,1,0,0.0,0
Estados Unidos,USA,2011,bovino,44253016,1176302,6431547942.0,36777085,0.831,0.0266,0,0,0,15.73,28.23,5.5,1098.67,49.0,73.0,3.33,19.68,5.0,0.0,1.0,0.0,1.0,0.0,2.0,0.0,1.0,0.0,1.0,0,0,0,0,0,0,0,0,0,1,0,0,0,1,0,0.0,0
Estados Unidos,USA,2011,porcino,11330159,1713615,,1953491,0.172,0.1512,0,0,1,15.73,28.23,5.5,1098.67,49.0,73.0,3.33,19.68,5.0,0.0,1.0,0.0,1.0,0.0,2.0,0.0,1.0,0.0,1.0,0,0,0,0,0,0,0,0,0,1,0,0,0,1,0,0.0,0
Estados Unidos,USA,2011,avicola,566793685,1087148,,10225715,0.018,0.0019,0,0,1,15.73,28.23,5.5,1098.67,49.0,73.0,3.33,19.68,5.0,0.0,1.0,0.0,1.0,0.0,2.0,0.0,1.0,0.0,1.0,0,0,0,0,0,0,0,0,0,1,0,0,0,1,0,0.0,0
Estados Unidos,USA,2011,ovino,1529188,340910,356701308.0,1090983,0.713,0.2229,0,0,1,15.73,28.23,5.5,1098.67,49.0,73.0,3.33,19.68,5.0,0.0,1.0,0.0,1.0,0.0,2.0,0.0,1.0,0.0,1.0,0,0,0,0,0,0,0,0,0,1,0,0,0,1,0,0.0,0
Estados Unidos,USA,2011,caprino,8103989,364637,432334203.0,9323782,1.151,0.045,0,0,0,15.73,28.23,5.5,1098.67,49.0,73.0,3.33,19.68,5.0,0.0,1.0,0.0,1.0,0.0,2.0,0.0,1.0,0.0,1.0,0,0,0,0,0,0,0,0,0,1,0,0,0,1,0,0.0,0
Estados Unidos,USA,2012,bovino,8195189,2527955,1640923501.0,39887728,4.867,0.3085,1,0,0,15.47,24.9,4.57,913.0,61.67,73.33,2.67,17.82,3.0,0.0,0.0,1.0,0.0,1.0,0.0,0.0,0.0,1.0,1.0,0,0,0,0,0,0,0,0,0,1,0,0,0,1,0,0.0,0
Estados Unidos,USA,2012,porcino,3196686,1122611,,7602972,2.378,0.3512,0,0,1,15.47,24.9,4.57,913.0,61.67,73.33,2.67,17.82,3.0,0.0,0.0,1.0,0.0,1.0,0.0,0.0,0.0,1.0,1.0,0,0,0,0,0,0,0,0,0,1,0,0,0,1,0,0.0,0
Estados Unidos,USA,2012,avicola,737757104,303605,,13030978,0.018,0.0004,0,0,1,15.47,24.9,4.57,913.0,61.67,73.33,2.67,17.82,3.0,0.0,0.0,1.0,0.0,1.0,0.0,0.0,0.0,1.0,1.0,0,0,0,0,0,0,0,0,0,1,0,0,0,1,0,0.0,0
Estados Unidos,USA,2012,ovino,17563100,465206,428531491.0,7704857,0.439,0.0265,0,0,1,15.47,24.9,4.57,913.0,61.67,73.33,2.67,17.82,3.0,0.0,0.0,1.0,0.0,1.0,0.0,0.0,0.0,1.0,1.0,0,0,0,0,0,0,0,0,0,1,0,0,0,1,0,0.0,0
Estados Unidos,USA,2012,caprino,6517914,415359,62175448.0,7223955,1.108,0.0637,0,0,0,15.47,24.9,4.57,913.0,61.67,73.33,2.67,17.82,3.0,0.0,0.0,1.0,0.0,1.0,0.0,0.0,0.0,1.0,1.0,0,0,0,0,0,0,0,0,0,1,0,0,0,1,0,0.0,0
Estados Unidos,USA,2013,bovino,14558278,3459065,1429736753.0,22559162,1.55,0.2376,0,0,0,15.3,28.5,6.17,1169.67,58.0,25.67,2.33,22.67,0.0,0.0,0.0,0.0,0.0,0.0,0.0,0.0,0.0,0.0,0.0,0,0,0,0,0,0,0,0,0,1,0,0,0,1,0,0.0,0
Estados Unidos,USA,2013,porcino,18478119,1089804,,13495418,0.73,0.059,0,0,1,15.3,28.5,6.17,1169.67,58.0,25.67,2.33,22.67,0.0,0.0,0.0,0.0,0.0,0.0,0.0,0.0,0.0,0.0,0.0,0,0,0,0,0,0,0,0,0,1,0,0,0,1,0,0.0,0
Estados Unidos,USA,2013,avicola,117437301,648875,,15423146,0.131,0.0055,0,0,1,15.3,28.5,6.17,1169.67,58.0,25.67,2.33,22.67,0.0,0.0,0.0,0.0,0.0,0.0,0.0,0.0,0.0,0.0,0.0,0,0,0,0,0,0,0,0,0,1,0,0,0,1,0,0.0,0
Estados Unidos,USA,2013,ovino,5314088,253222,78699106.0,3708148,0.698,0.0477,0,0,1,15.3,28.5,6.17,1169.67,58.0,25.67,2.33,22.67,0.0,0.0,0.0,0.0,0.0,0.0,0.0,0.0,0.0,0.0,0.0,0,0,0,0,0,0,0,0,0,1,0,0,0,1,0,0.0,0
Estados Unidos,USA,2013,caprino,1050201,305357,396468851.0,6180954,5.885,0.2908,1,0,0,15.3,28.5,6.17,1169.67,58.0,25.67,2.33,22.67,0.0,0.0,0.0,0.0,0.0,0.0,0.0,0.0,0.0,0.0,0.0,0,0,0,0,0,0,0,0,0,1,0,0,0,1,0,0.0,0
Estados Unidos,USA,2014,bovino,23660505,3426476,7960895245.0,14352552,0.607,0.1448,0,0,0,18.1,24.83,6.9,634.0,51.0,21.0,5.0,9.68,0.0,0.0,0.0,0.0,0.0,0.0,0.0,0.0,0.0,0.0,0.0,0,0,0,0,0,0,0,0,0,1,0,0,0,1,0,0.0,0
Estados Unidos,USA,2014,porcino,1264198,2954363,,7561739,5.981,1.0,1,1,1,18.1,24.83,6.9,634.0,51.0,21.0,5.0,9.68,0.0,0.0,0.0,0.0,0.0,0.0,0.0,0.0,0.0,0.0,0.0,0,0,0,0,0,0,0,0,0,1,0,0,0,1,0,0.0,0
Estados Unidos,USA,2014,avicola,656421051,450684,,3653774,0.006,0.0007,0,0,1,18.1,24.83,6.9,634.0,51.0,21.0,5.0,9.68,0.0,0.0,0.0,0.0,0.0,0.0,0.0,0.0,0.0,0.0,0.0,0,0,0,0,0,0,0,0,0,1,0,0,0,1,0,0.0,0
Estados Unidos,USA,2014,ovino,10858846,255435,51560422.0,5999222,0.552,0.0235,0,0,1,18.1,24.83,6.9,634.0,51.0,21.0,5.0,9.68,0.0,0.0,0.0,0.0,0.0,0.0,0.0,0.0,0.0,0.0,0.0,0,0,0,0,0,0,0,0,0,1,0,0,0,1,0,0.0,0
Estados Unidos,USA,2014,caprino,14894742,452615,220861980.0,8727112,0.586,0.0304,0,0,0,18.1,24.83,6.9,634.0,51.0,21.0,5.0,9.68,0.0,0.0,0.0,0.0,0.0,0.0,0.0,0.0,0.0,0.0,0.0,0,0,0,0,0,0,0,0,0,1,0,0,0,1,0,0.0,0
Estados Unidos,USA,2015,bovino,22686562,1964347,4396765565.0,8876415,0.391,0.0866,0,0,0,14.6,26.67,5.83,884.67,68.67,67.33,5.33,16.98,3.0,0.0,1.0,0.0,0.0,0.0,0.0,1.0,0.0,1.0,1.0,0,0,0,0,0,1,0,0,0,1,0,0,0,1,0,0.0,0
Estados Unidos,USA,2015,porcino,14937593,1540551,,13187728,0.883,0.1031,0,0,1,14.6,26.67,5.83,884.67,68.67,67.33,5.33,16.98,3.0,0.0,1.0,0.0,0.0,0.0,0.0,1.0,0.0,1.0,1.0,0,0,0,0,0,1,0,0,0,1,0,0,0,1,0,0.0,0
Estados Unidos,USA,2015,avicola,229350254,891154,,16124248,0.07,0.0039,0,0,1,14.6,26.67,5.83,884.67,68.67,67.33,5.33,16.98,3.0,0.0,1.0,0.0,0.0,0.0,0.0,1.0,0.0,1.0,1.0,0,0,0,0,0,1,0,0,0,1,0,0,0,1,0,0.0,0
Estados Unidos,USA,2015,ovino,22734251,461968,530978142.0,3527633,0.155,0.0203,0,0,1,14.6,26.67,5.83,884.67,68.67,67.33,5.33,16.98,3.0,0.0,1.0,0.0,0.0,0.0,0.0,1.0,0.0,1.0,1.0,0,0,0,0,0,1,0,0,0,1,0,0,0,1,0,0.0,0
Estados Unidos,USA,2015,caprino,15246135,197973,507951498.0,10023410,0.657,0.013,0,0,0,14.6,26.67,5.83,884.67,68.67,67.33,5.33,16.98,3.0,0.0,1.0,0.0,0.0,0.0,0.0,1.0,0.0,1.0,1.0,0,0,0,0,0,1,0,0,0,1,0,0,0,1,0,0.0,0
Estados Unidos,USA,2016,bovino,1996735,5697570,3074073727.0,7454577,3.733,1.0,1,1,0,22.27,33.7,10.33,1386.0,57.33,78.33,1.0,17.33,0.0,0.0,0.0,0.0,0.0,0.0,0.0,0.0,0.0,0.0,0.0,0,0,0,0,0,1,0,0,0,1,0,0,0,1,0,0.0,0
Estados Unidos,USA,2016,porcino,20230934,2729012,,2973311,0.147,0.1349,0,0,1,22.27,33.7,10.33,1386.0,57.33,78.33,1.0,17.33,0.0,0.0,0.0,0.0,0.0,0.0,0.0,0.0,0.0,0.0,0.0,0,0,0,0,0,1,0,0,0,1,0,0,0,1,0,0.0,0
Estados Unidos,USA,2016,avicola,1105742771,2048597,,32383520,0.029,0.0019,0,0,1,22.27,33.7,10.33,1386.0,57.33,78.33,1.0,17.33,0.0,0.0,0.0,0.0,0.0,0.0,0.0,0.0,0.0,0.0,0.0,0,0,0,0,0,1,0,0,0,1,0,0,0,1,0,0.0,0
Estados Unidos,USA,2016,ovino,13925088,16230,105460986.0,10172576,0.731,0.0012,0,0,1,22.27,33.7,10.33,1386.0,57.33,78.33,1.0,17.33,0.0,0.0,0.0,0.0,0.0,0.0,0.0,0.0,0.0,0.0,0.0,0,0,0,0,0,1,0,0,0,1,0,0,0,1,0,0.0,0
Estados Unidos,USA,2016,caprino,20714980,564615,209360752.0,2472208,0.119,0.0273,0,0,0,22.27,33.7,10.33,1386.0,57.33,78.33,1.0,17.33,0.0,0.0,0.0,0.0,0.0,0.0,0.0,0.0,0.0,0.0,0.0,0,0,0,0,0,1,0,0,0,1,0,0,0,1,0,0.0,0
Estados Unidos,USA,2017,bovino,40205287,3008386,8453412932.0,43026747,1.07,0.0748,0,0,0,16.03,26.93,6.77,698.0,70.33,82.0,4.33,12.41,0.0,0.0,0.0,0.0,0.0,0.0,0.0,0.0,0.0,0.0,0.0,0,0,0,0,0,1,0,0,0,1,0,0,0,1,0,0.0,0
Estados Unidos,USA,2017,porcino,16914234,679348,,12066193,0.713,0.0402,0,0,1,16.03,26.93,6.77,698.0,70.33,82.0,4.33,12.41,0.0,0.0,0.0,0.0,0.0,0.0,0.0,0.0,0.0,0.0,0.0,0,0,0,0,0,1,0,0,0,1,0,0,0,1,0,0.0,0
Estados Unidos,USA,2017,avicola,601864405,294493,,2152165,0.004,0.0005,0,0,1,16.03,26.93,6.77,698.0,70.33,82.0,4.33,12.41,0.0,0.0,0.0,0.0,0.0,0.0,0.0,0.0,0.0,0.0,0.0,0,0,0,0,0,1,0,0,0,1,0,0,0,1,0,0.0,0
Estados Unidos,USA,2017,ovino,8031589,285101,473174171.0,11720542,1.459,0.0355,0,0,1,16.03,26.93,6.77,698.0,70.33,82.0,4.33,12.41,0.0,0.0,0.0,0.0,0.0,0.0,0.0,0.0,0.0,0.0,0.0,0,0,0,0,0,1,0,0,0,1,0,0,0,1,0,0.0,0
Estados Unidos,USA,2017,caprino,17502517,162820,257179909.0,4980527,0.285,0.0093,0,0,0,16.03,26.93,6.77,698.0,70.33,82.0,4.33,12.41,0.0,0.0,0.0,0.0,0.0,0.0,0.0,0.0,0.0,0.0,0.0,0,0,0,0,0,1,0,0,0,1,0,0,0,1,0,0.0,0
Estados Unidos,USA,2018,bovino,62313452,6536095,5485647326.0,34556489,0.555,0.1049,0,0,0,16.77,24.6,5.7,877.33,67.67,36.67,1.67,16.3,3.0,1.0,0.0,0.0,0.0,1.0,0.0,0.0,0.0,1.0,1.0,0,0,0,0,0,1,0,0,1,1,0,0,0,1,0,0.0,0
Estados Unidos,USA,2018,porcino,1176608,1541063,,6372037,5.416,1.0,1,1,1,16.77,24.6,5.7,877.33,67.67,36.67,1.67,16.3,3.0,1.0,0.0,0.0,0.0,1.0,0.0,0.0,0.0,1.0,1.0,0,0,0,0,0,1,0,0,1,1,0,0,0,1,0,0.0,0
Estados Unidos,USA,2018,avicola,1050230096,407154,,27546638,0.026,0.0004,0,0,1,16.77,24.6,5.7,877.33,67.67,36.67,1.67,16.3,3.0,1.0,0.0,0.0,0.0,1.0,0.0,0.0,0.0,1.0,1.0,0,0,0,0,0,1,0,0,1,1,0,0,0,1,0,0.0,0
Estados Unidos,USA,2018,ovino,15931771,230488,228674554.0,6228175,0.391,0.0145,0,0,1,16.77,24.6,5.7,877.33,67.67,36.67,1.67,16.3,3.0,1.0,0.0,0.0,0.0,1.0,0.0,0.0,0.0,1.0,1.0,0,0,0,0,0,1,0,0,1,1,0,0,0,1,0,0.0,0
Estados Unidos,USA,2018,caprino,16563310,207145,254894591.0,5203650,0.314,0.0125,0,0,0,16.77,24.6,5.7,877.33,67.67,36.67,1.67,16.3,3.0,1.0,0.0,0.0,0.0,1.0,0.0,0.0,0.0,1.0,1.0,0,0,0,0,0,1,0,0,1,1,0,0,0,1,0,0.0,0
Estados Unidos,USA,2019,bovino,15120062,4606064,7248772093.0,15205793,1.006,0.3046,0,0,0,22.37,27.8,12.07,1066.33,49.67,60.33,3.67,13.65,1.0,0.0,0.0,0.0,0.0,0.0,1.0,0.0,0.0,0.0,1.0,0,0,0,0,0,1,0,0,1,1,0,0,0,1,0,0.0,0
Estados Unidos,USA,2019,porcino,6327440,2523929,,8297423,1.311,0.3989,0,0,1,22.37,27.8,12.07,1066.33,49.67,60.33,3.67,13.65,1.0,0.0,0.0,0.0,0.0,0.0,1.0,0.0,0.0,0.0,1.0,0,0,0,0,0,1,0,0,1,1,0,0,0,1,0,0.0,0
Estados Unidos,USA,2019,avicola,1160844110,1895478,,30802054,0.027,0.0016,0,0,1,22.37,27.8,12.07,1066.33,49.67,60.33,3.67,13.65,1.0,0.0,0.0,0.0,0.0,0.0,1.0,0.0,0.0,0.0,1.0,0,0,0,0,0,1,0,0,1,1,0,0,0,1,0,0.0,0
Estados Unidos,USA,2019,ovino,14780573,577189,515268403.0,2730052,0.185,0.0391,0,0,1,22.37,27.8,12.07,1066.33,49.67,60.33,3.67,13.65,1.0,0.0,0.0,0.0,0.0,0.0,1.0,0.0,0.0,0.0,1.0,0,0,0,0,0,1,0,0,1,1,0,0,0,1,0,0.0,0
Estados Unidos,USA,2019,caprino,4341061,63882,428502718.0,461448,0.106,0.0147,0,0,0,22.37,27.8,12.07,1066.33,49.67,60.33,3.67,13.65,1.0,0.0,0.0,0.0,0.0,0.0,1.0,0.0,0.0,0.0,1.0,0,0,0,0,0,1,0,0,1,1,0,0,0,1,0,0.0,0
Estados Unidos,USA,2020,bovino,33269089,1069815,10491384888.0,35831415,1.077,0.0322,0,0,0,15.7,27.0,5.2,804.33,48.33,54.33,5.0,14.4,3.0,1.0,0.0,1.0,0.0,0.0,0.0,0.0,1.0,0.0,1.0,1,0,0,0,0,1,0,0,1,1,0,0,0,1,0,0.0,0
Estados Unidos,USA,2020,porcino,2352460,4277877,,7910707,3.363,1.0,1,1,1,15.7,27.0,5.2,804.33,48.33,54.33,5.0,14.4,3.0,1.0,0.0,1.0,0.0,0.0,0.0,0.0,1.0,0.0,1.0,1,0,0,0,0,1,0,0,1,1,0,0,0,1,0,0.0,0
Estados Unidos,USA,2020,avicola,256996172,638186,,30444070,0.118,0.0025,0,0,1,15.7,27.0,5.2,804.33,48.33,54.33,5.0,14.4,3.0,1.0,0.0,1.0,0.0,0.0,0.0,0.0,1.0,0.0,1.0,1,0,0,0,0,1,0,0,1,1,0,0,0,1,0,0.0,0
Estados Unidos,USA,2020,ovino,20230809,102487,165479544.0,12573454,0.622,0.0051,0,0,1,15.7,27.0,5.2,804.33,48.33,54.33,5.0,14.4,3.0,1.0,0.0,1.0,0.0,0.0,0.0,0.0,1.0,0.0,1.0,1,0,0,0,0,1,0,0,1,1,0,0,0,1,0,0.0,0
Estados Unidos,USA,2020,caprino,12909968,460198,536220551.0,8614636,0.667,0.0356,0,0,0,15.7,27.0,5.2,804.33,48.33,54.33,5.0,14.4,3.0,1.0,0.0,1.0,0.0,0.0,0.0,0.0,1.0,0.0,1.0,1,0,0,0,0,1,0,0,1,1,0,0,0,1,0,0.0,0
India,IND,2011,bovino,44219668,3366010,9540628215.0,20006981,0.452,0.0761,0,0,0,18.93,28.97,5.1,1198.67,53.0,44.33,2.33,19.17,0.0,0.0,0.0,0.0,0.0,0.0,0.0,0.0,0.0,0.0,0.0,0,0,0,0,0,0,0,0,0,1,0,0,0,0,0,0.0,0
India,IND,2011,porcino,9780000,1449315,,15196555,1.554,0.1482,0,0,1,18.93,28.97,5.1,1198.67,53.0,44.33,2.33,19.17,0.0,0.0,0.0,0.0,0.0,0.0,0.0,0.0,0.0,0.0,0.0,0,0,0,0,0,0,0,0,0,1,0,0,0,0,0,0.0,0
India,IND,2011,avicola,974372621,966725,,23519297,0.024,0.001,0,0,1,18.93,28.97,5.1,1198.67,53.0,44.33,2.33,19.17,0.0,0.0,0.0,0.0,0.0,0.0,0.0,0.0,0.0,0.0,0.0,0,0,0,0,0,0,0,0,0,1,0,0,0,0,0,0.0,0
India,IND,2011,ovino,13830889,21924,8270310.0,535342,0.039,0.0016,0,0,1,18.93,28.97,5.1,1198.67,53.0,44.33,2.33,19.17,0.0,0.0,0.0,0.0,0.0,0.0,0.0,0.0,0.0,0.0,0.0,0,0,0,0,0,0,0,0,0,1,0,0,0,0,0,0.0,0
India,IND,2011,caprino,13084726,462479,454876305.0,9136151,0.698,0.0353,0,0,0,18.93,28.97,5.1,1198.67,53.0,44.33,2.33,19.17,0.0,0.0,0.0,0.0,0.0,0.0,0.0,0.0,0.0,0.0,0.0,0,0,0,0,0,0,0,0,0,1,0,0,0,0,0,0.0,0
India,IND,2012,bovino,45447509,2988376,1586303074.0,43395709,0.955,0.0658,0,0,0,16.67,23.93,5.77,832.0,63.0,77.0,4.0,17.8,5.0,0.0,0.0,1.0,0.0,1.0,0.0,1.0,1.0,1.0,1.0,0,0,0,0,0,0,0,0,0,1,0,0,0,0,0,0.0,0
India,IND,2012,porcino,8502644,2399373,,6974218,0.82,0.2822,0,0,1,16.67,23.93,5.77,832.0,63.0,77.0,4.0,17.8,5.0,0.0,0.0,1.0,0.0,1.0,0.0,1.0,1.0,1.0,1.0,0,0,0,0,0,0,0,0,0,1,0,0,0,0,0,0.0,0
India,IND,2012,avicola,670428088,894780,,27865182,0.042,0.0013,0,0,1,16.67,23.93,5.77,832.0,63.0,77.0,4.0,17.8,5.0,0.0,0.0,1.0,0.0,1.0,0.0,1.0,1.0,1.0,1.0,0,0,0,0,0,0,0,0,0,1,0,0,0,0,0,0.0,0
India,IND,2012,ovino,21367442,252780,76059308.0,7309528,0.342,0.0118,0,0,1,16.67,23.93,5.77,832.0,63.0,77.0,4.0,17.8,5.0,0.0,0.0,1.0,0.0,1.0,0.0,1.0,1.0,1.0,1.0,0,0,0,0,0,0,0,0,0,1,0,0,0,0,0,0.0,0
India,IND,2012,caprino,6071118,223420,501298013.0,5614947,0.925,0.0368,0,0,0,16.67,23.93,5.77,832.0,63.0,77.0,4.0,17.8,5.0,0.0,0.0,1.0,0.0,1.0,0.0,1.0,1.0,1.0,1.0,0,0,0,0,0,0,0,0,0,1,0,0,0,0,0,0.0,0
India,IND,2013,bovino,31767986,2080129,9438882955.0,9919546,0.312,0.0655,0,0,0,19.67,30.4,9.1,920.67,57.67,48.33,3.0,13.77,1.0,0.0,0.0,0.0,0.0,0.0,0.0,1.0,0.0,0.0,1.0,0,0,0,0,0,0,0,0,0,1,0,0,0,0,0,0.0,0
India,IND,2013,porcino,21912672,1924622,,16158310,0.737,0.0878,0,0,1,19.67,30.4,9.1,920.67,57.67,48.33,3.0,13.77,1.0,0.0,0.0,0.0,0.0,0.0,0.0,1.0,0.0,0.0,1.0,0,0,0,0,0,0,0,0,0,1,0,0,0,0,0,0.0,0
India,IND,2013,avicola,1041585569,682656,,30759724,0.03,0.0007,0,0,1,19.67,30.4,9.1,920.67,57.67,48.33,3.0,13.77,1.0,0.0,0.0,0.0,0.0,0.0,0.0,1.0,0.0,0.0,1.0,0,0,0,0,0,0,0,0,0,1,0,0,0,0,0,0.0,0
India,IND,2013,ovino,10285276,105832,47390171.0,1575457,0.153,0.0103,0,0,1,19.67,30.4,9.1,920.67,57.67,48.33,3.0,13.77,1.0,0.0,0.0,0.0,0.0,0.0,0.0,1.0,0.0,0.0,1.0,0,0,0,0,0,0,0,0,0,1,0,0,0,0,0,0.0,0
India,IND,2013,caprino,413904,316918,391429723.0,2525842,6.102,0.7657,1,0,0,19.67,30.4,9.1,920.67,57.67,48.33,3.0,13.77,1.0,0.0,0.0,0.0,0.0,0.0,0.0,1.0,0.0,0.0,1.0,0,0,0,0,0,0,0,0,0,1,0,0,0,0,0,0.0,0
India,IND,2014,bovino,45044678,4283533,8295737643.0,24771058,0.55,0.0951,0,0,0,19.13,32.1,13.37,869.33,63.0,72.67,4.33,13.69,0.0,0.0,0.0,0.0,0.0,0.0,0.0,0.0,0.0,0.0,0.0,0,0,0,0,0,0,0,0,0,1,0,0,0,0,0,0.0,0
India,IND,2014,porcino,5370427,2204066,,12263356,2.283,0.4104,0,0,1,19.13,32.1,13.37,869.33,63.0,72.67,4.33,13.69,0.0,0.0,0.0,0.0,0.0,0.0,0.0,0.0,0.0,0.0,0.0,0,0,0,0,0,0,0,0,0,1,0,0,0,0,0,0.0,0
India,IND,2014,avicola,426677570,543663,,10008970,0.023,0.0013,0,0,1,19.13,32.1,13.37,869.33,63.0,72.67,4.33,13.69,0.0,0.0,0.0,0.0,0.0,0.0,0.0,0.0,0.0,0.0,0.0,0,0,0,0,0,0,0,0,0,1,0,0,0,0,0,0.0,0
India,IND,2014,ovino,8723956,187120,121202450.0,10577948,1.213,0.0214,0,0,1,19.13,32.1,13.37,869.33,63.0,72.67,4.33,13.69,0.0,0.0,0.0,0.0,0.0,0.0,0.0,0.0,0.0,0.0,0.0,0,0,0,0,0,0,0,0,0,1,0,0,0,0,0,0.0,0
India,IND,2014,caprino,12698870,407677,139433521.0,965290,0.076,0.0321,0,0,0,19.13,32.1,13.37,869.33,63.0,72.67,4.33,13.69,0.0,0.0,0.0,0.0,0.0,0.0,0.0,0.0,0.0,0.0,0.0,0,0,0,0,0,0,0,0,0,1,0,0,0,0,0,0.0,0
India,IND,2015,bovino,13263507,304076,554523067.0,39624746,2.988,0.0229,1,0,0,18.63,29.8,8.03,747.0,65.67,59.0,2.33,13.72,0.0,0.0,0.0,0.0,0.0,0.0,0.0,0.0,0.0,0.0,0.0,0,0,0,0,0,0,0,0,0,1,0,0,0,0,0,0.0,0
India,IND,2015,porcino,4611350,548487,,2876326,0.624,0.1189,0,0,1,18.63,29.8,8.03,747.0,65.67,59.0,2.33,13.72,0.0,0.0,0.0,0.0,0.0,0.0,0.0,0.0,0.0,0.0,0.0,0,0,0,0,0,0,0,0,0,1,0,0,0,0,0,0.0,0
India,IND,2015,avicola,893475324,444893,,3821793,0.004,0.0005,0,0,1,18.63,29.8,8.03,747.0,65.67,59.0,2.33,13.72,0.0,0.0,0.0,0.0,0.0,0.0,0.0,0.0,0.0,0.0,0.0,0,0,0,0,0,0,0,0,0,1,0,0,0,0,0,0.0,0
India,IND,2015,ovino,12630970,501574,466876633.0,3723165,0.295,0.0397,0,0,1,18.63,29.8,8.03,747.0,65.67,59.0,2.33,13.72,0.0,0.0,0.0,0.0,0.0,0.0,0.0,0.0,0.0,0.0,0.0,0,0,0,0,0,0,0,0,0,1,0,0,0,0,0,0.0,0
India,IND,2015,caprino,15335308,391621,10947704.0,6533970,0.426,0.0255,0,0,0,18.63,29.8,8.03,747.0,65.67,59.0,2.33,13.72,0.0,0.0,0.0,0.0,0.0,0.0,0.0,0.0,0.0,0.0,0.0,0,0,0,0,0,0,0,0,0,1,0,0,0,0,0,0.0,0
India,IND,2016,bovino,44631079,716521,9856835489.0,30294176,0.679,0.0161,0,0,0,17.57,30.17,6.5,1018.33,72.67,24.67,1.0,16.22,3.0,1.0,0.0,0.0,1.0,0.0,1.0,0.0,0.0,0.0,1.0,0,0,0,0,0,0,0,0,0,1,0,0,0,0,0,0.0,0
India,IND,2016,porcino,13675088,3420964,,10005527,0.732,0.2502,0,0,1,17.57,30.17,6.5,1018.33,72.67,24.67,1.0,16.22,3.0,1.0,0.0,0.0,1.0,0.0,1.0,0.0,0.0,0.0,1.0,0,0,0,0,0,0,0,0,0,1,0,0,0,0,0,0.0,0
India,IND,2016,avicola,250202005,936694,,1727938,0.007,0.0037,0,0,1,17.57,30.17,6.5,1018.33,72.67,24.67,1.0,16.22,3.0,1.0,0.0,0.0,1.0,0.0,1.0,0.0,0.0,0.0,1.0,0,0,0,0,0,0,0,0,0,1,0,0,0,0,0,0.0,0
India,IND,2016,ovino,17773713,312851,303323354.0,584519,0.033,0.0176,0,0,1,17.57,30.17,6.5,1018.33,72.67,24.67,1.0,16.22,3.0,1.0,0.0,0.0,1.0,0.0,1.0,0.0,0.0,0.0,1.0,0,0,0,0,0,0,0,0,0,1,0,0,0,0,0,0.0,0
India,IND,2016,caprino,10255981,165843,230643756.0,8228054,0.802,0.0162,0,0,0,17.57,30.17,6.5,1018.33,72.67,24.67,1.0,16.22,3.0,1.0,0.0,0.0,1.0,0.0,1.0,0.0,0.0,0.0,1.0,0,0,0,0,0,0,0,0,0,1,0,0,0,0,0,0.0,0
India,IND,2017,bovino,42062898,2551888,4649238231.0,16283278,0.387,0.0607,0,0,0,19.5,30.5,9.23,805.33,57.0,91.67,6.0,10.97,2.0,0.0,0.0,0.0,0.0,0.0,0.0,1.0,1.0,0.0,1.0,0,0,0,0,0,0,0,0,0,1,0,0,0,0,0,0.0,0
India,IND,2017,porcino,20630566,219468,,10258016,0.497,0.0106,0,0,1,19.5,30.5,9.23,805.33,57.0,91.67,6.0,10.97,2.0,0.0,0.0,0.0,0.0,0.0,0.0,1.0,1.0,0.0,1.0,0,0,0,0,0,0,0,0,0,1,0,0,0,0,0,0.0,0
India,IND,2017,avicola,151281115,508890,,12173519,0.08,0.0034,0,0,1,19.5,30.5,9.23,805.33,57.0,91.67,6.0,10.97,2.0,0.0,0.0,0.0,0.0,0.0,0.0,1.0,1.0,0.0,1.0,0,0,0,0,0,0,0,0,0,1,0,0,0,0,0,0.0,0
India,IND,2017,ovino,7096270,19812,170251498.0,2347451,0.331,0.0028,0,0,1,19.5,30.5,9.23,805.33,57.0,91.67,6.0,10.97,2.0,0.0,0.0,0.0,0.0,0.0,0.0,1.0,1.0,0.0,1.0,0,0,0,0,0,0,0,0,0,1,0,0,0,0,0,0.0,0
India,IND,2017,caprino,4118508,139248,140819399.0,7839121,1.903,0.0338,0,0,0,19.5,30.5,9.23,805.33,57.0,91.67,6.0,10.97,2.0,0.0,0.0,0.0,0.0,0.0,0.0,1.0,1.0,0.0,1.0,0,0,0,0,0,0,0,0,0,1,0,0,0,0,0,0.0,0
India,IND,2018,bovino,9239066,3830992,9141124557.0,41664448,4.51,0.4147,1,0,0,17.6,29.77,7.1,1124.67,55.33,35.0,1.33,18.71,7.0,2.0,1.0,0.0,1.0,0.0,1.0,2.0,0.0,0.0,1.0,0,0,0,0,0,1,0,0,0,1,0,0,0,0,0,0.0,0
India,IND,2018,porcino,24602694,2769435,,13066256,0.531,0.1126,0,0,1,17.6,29.77,7.1,1124.67,55.33,35.0,1.33,18.71,7.0,2.0,1.0,0.0,1.0,0.0,1.0,2.0,0.0,0.0,1.0,0,0,0,0,0,1,0,0,0,1,0,0,0,0,0,0.0,0
India,IND,2018,avicola,930468595,473852,,8814839,0.009,0.0005,0,0,1,17.6,29.77,7.1,1124.67,55.33,35.0,1.33,18.71,7.0,2.0,1.0,0.0,1.0,0.0,1.0,2.0,0.0,0.0,1.0,0,0,0,0,0,1,0,0,0,1,0,0,0,0,0,0.0,0
India,IND,2018,ovino,12535761,278904,73048521.0,13078385,1.043,0.0222,0,0,1,17.6,29.77,7.1,1124.67,55.33,35.0,1.33,18.71,7.0,2.0,1.0,0.0,1.0,0.0,1.0,2.0,0.0,0.0,1.0,0,0,0,0,0,1,0,0,0,1,0,0,0,0,0,0.0,0
India,IND,2018,caprino,28490764,242676,128205413.0,5121745,0.18,0.0085,0,0,0,17.6,29.77,7.1,1124.67,55.33,35.0,1.33,18.71,7.0,2.0,1.0,0.0,1.0,0.0,1.0,2.0,0.0,0.0,1.0,0,0,0,0,0,1,0,0,0,1,0,0,0,0,0,0.0,0
India,IND,2019,bovino,40944219,4473598,9815362407.0,35724156,0.873,0.1093,0,0,0,14.43,25.73,3.33,1190.0,63.67,29.0,2.33,24.05,4.0,0.0,1.0,1.0,0.0,0.0,1.0,0.0,1.0,0.0,1.0,1,1,0,0,0,1,0,0,0,1,0,0,0,0,0,0.0,0
India,IND,2019,porcino,8588900,1283465,,9781187,1.139,0.1494,0,0,1,14.43,25.73,3.33,1190.0,63.67,29.0,2.33,24.05,4.0,0.0,1.0,1.0,0.0,0.0,1.0,0.0,1.0,0.0,1.0,1,1,0,0,0,1,0,0,0,1,0,0,0,0,0,0.0,0
India,IND,2019,avicola,491424527,1192330,,9179686,0.019,0.0024,0,0,1,14.43,25.73,3.33,1190.0,63.67,29.0,2.33,24.05,4.0,0.0,1.0,1.0,0.0,0.0,1.0,0.0,1.0,0.0,1.0,1,1,0,0,0,1,0,0,0,1,0,0,0,0,0,0.0,0
India,IND,2019,ovino,13958356,527126,376366567.0,1305429,0.094,0.0378,0,0,1,14.43,25.73,3.33,1190.0,63.67,29.0,2.33,24.05,4.0,0.0,1.0,1.0,0.0,0.0,1.0,0.0,1.0,0.0,1.0,1,1,0,0,0,1,0,0,0,1,0,0,0,0,0,0.0,0
India,IND,2019,caprino,1278546,295205,146871590.0,10751177,8.409,0.2309,1,0,0,14.43,25.73,3.33,1190.0,63.67,29.0,2.33,24.05,4.0,0.0,1.0,1.0,0.0,0.0,1.0,0.0,1.0,0.0,1.0,1,1,0,0,0,1,0,0,0,1,0,0,0,0,0,0.0,0
India,IND,2020,bovino,36812893,3989400,5149608513.0,2667704,0.072,0.1084,0,0,0,17.77,30.87,9.3,673.33,56.0,88.67,5.33,10.3,3.0,0.0,1.0,0.0,1.0,0.0,0.0,0.0,0.0,1.0,1.0,1,1,0,0,0,1,0,0,0,1,0,0,0,0,0,0.0,0
India,IND,2020,porcino,10560475,1772274,,12836822,1.216,0.1678,0,0,1,17.77,30.87,9.3,673.33,56.0,88.67,5.33,10.3,3.0,0.0,1.0,0.0,1.0,0.0,0.0,0.0,0.0,1.0,1.0,1,1,0,0,0,1,0,0,0,1,0,0,0,0,0,0.0,0
India,IND,2020,avicola,341737788,326136,,10624532,0.031,0.001,0,0,1,17.77,30.87,9.3,673.33,56.0,88.67,5.33,10.3,3.0,0.0,1.0,0.0,1.0,0.0,0.0,0.0,0.0,1.0,1.0,1,1,0,0,0,1,0,0,0,1,0,0,0,0,0,0.0,0
India,IND,2020,ovino,11169231,72234,373027043.0,4791443,0.429,0.0065,0,0,1,17.77,30.87,9.3,673.33,56.0,88.67,5.33,10.3,3.0,0.0,1.0,0.0,1.0,0.0,0.0,0.0,0.0,1.0,1.0,1,1,0,0,0,1,0,0,0,1,0,0,0,0,0,0.0,0
India,IND,2020,caprino,10211307,347850,5573814.0,5340943,0.523,0.0341,0,0,0,17.77,30.87,9.3,673.33,56.0,88.67,5.33,10.3,3.0,0.0,1.0,0.0,1.0,0.0,0.0,0.0,0.0,1.0,1.0,1,1,0,0,0,1,0,0,0,1,0,0,0,0,0,0.0,0
China,CHN,2011,bovino,38481774,2705240,3801756201.0,38096629,0.99,0.0703,0,0,0,17.0,25.5,6.6,817.0,54.0,40.0,2.0,13.35,0.0,0.0,0.0,0.0,0.0,0.0,0.0,0.0,0.0,0.0,0.0,0,0,0,0,0,0,0,0,0,1,0,0,0,0,0,0.0,0
China,CHN,2011,porcino,10185877,2668509,,4128351,0.405,0.262,0,0,1,17.0,25.5,6.6,817.0,54.0,40.0,2.0,13.35,0.0,0.0,0.0,0.0,0.0,0.0,0.0,0.0,0.0,0.0,0.0,0,0,0,0,0,0,0,0,0,1,0,0,0,0,0,0.0,0
China,CHN,2011,avicola,114870458,1314884,,10641082,0.093,0.0114,0,0,1,17.0,25.5,6.6,817.0,54.0,40.0,2.0,13.35,0.0,0.0,0.0,0.0,0.0,0.0,0.0,0.0,0.0,0.0,0.0,0,0,0,0,0,0,0,0,0,1,0,0,0,0,0,0.0,0
China,CHN,2011,ovino,2631739,314402,492554316.0,7374915,2.802,0.1195,1,0,1,17.0,25.5,6.6,817.0,54.0,40.0,2.0,13.35,0.0,0.0,0.0,0.0,0.0,0.0,0.0,0.0,0.0,0.0,0.0,0,0,0,0,0,0,0,0,0,1,0,0,0,0,0,0.0,0
China,CHN,2011,caprino,14563259,170557,434021107.0,5437213,0.373,0.0117,0,0,0,17.0,25.5,6.6,817.0,54.0,40.0,2.0,13.35,0.0,0.0,0.0,0.0,0.0,0.0,0.0,0.0,0.0,0.0,0.0,0,0,0,0,0,0,0,0,0,1,0,0,0,0,0,0.0,0
China,CHN,2012,bovino,4415201,4273360,2183536150.0,19785834,4.481,0.9679,1,0,0,23.1,34.5,10.5,445.0,52.0,33.0,9.0,5.35,0.0,0.0,0.0,0.0,0.0,0.0,0.0,0.0,0.0,0.0,0.0,0,0,0,0,0,0,0,0,0,1,0,0,0,0,0,0.0,0
China,CHN,2012,porcino,4872280,2088456,,3521904,0.723,0.4286,0,0,1,23.1,34.5,10.5,445.0,52.0,33.0,9.0,5.35,0.0,0.0,0.0,0.0,0.0,0.0,0.0,0.0,0.0,0.0,0.0,0,0,0,0,0,0,0,0,0,1,0,0,0,0,0,0.0,0
China,CHN,2012,avicola,661902717,940030,,9300256,0.014,0.0014,0,0,1,23.1,34.5,10.5,445.0,52.0,33.0,9.0,5.35,0.0,0.0,0.0,0.0,0.0,0.0,0.0,0.0,0.0,0.0,0.0,0,0,0,0,0,0,0,0,0,1,0,0,0,0,0,0.0,0
China,CHN,2012,ovino,10582695,15796,380385757.0,10742715,1.015,0.0015,0,0,1,23.1,34.5,10.5,445.0,52.0,33.0,9.0,5.35,0.0,0.0,0.0,0.0,0.0,0.0,0.0,0.0,0.0,0.0,0.0,0,0,0,0,0,0,0,0,0,1,0,0,0,0,0,0.0,0
China,CHN,2012,caprino,15007961,148770,67942334.0,6621332,0.441,0.0099,0,0,0,23.1,34.5,10.5,445.0,52.0,33.0,9.0,5.35,0.0,0.0,0.0,0.0,0.0,0.0,0.0,0.0,0.0,0.0,0.0,0,0,0,0,0,0,0,0,0,1,0,0,0,0,0,0.0,0
China,CHN,2013,bovino,34757122,4226636,4216136514.0,41812179,1.203,0.1216,0,0,0,22.4,37.0,14.2,860.0,47.0,24.0,1.0,10.66,0.0,0.0,0.0,0.0,0.0,0.0,0.0,0.0,0.0,0.0,0.0,0,0,0,0,0,0,0,0,0,1,0,0,0,0,0,0.0,0
China,CHN,2013,porcino,18097061,555094,,16045133,0.887,0.0307,0,0,1,22.4,37.0,14.2,860.0,47.0,24.0,1.0,10.66,0.0,0.0,0.0,0.0,0.0,0.0,0.0,0.0,0.0,0.0,0.0,0,0,0,0,0,0,0,0,0,1,0,0,0,0,0,0.0,0
China,CHN,2013,avicola,782738771,736083,,10284192,0.013,0.0009,0,0,1,22.4,37.0,14.2,860.0,47.0,24.0,1.0,10.66,0.0,0.0,0.0,0.0,0.0,0.0,0.0,0.0,0.0,0.0,0.0,0,0,0,0,0,0,0,0,0,1,0,0,0,0,0,0.0,0
China,CHN,2013,ovino,12891854,237721,47384704.0,10437967,0.81,0.0184,0,0,1,22.4,37.0,14.2,860.0,47.0,24.0,1.0,10.66,0.0,0.0,0.0,0.0,0.0,0.0,0.0,0.0,0.0,0.0,0.0,0,0,0,0,0,0,0,0,0,1,0,0,0,0,0,0.0,0
China,CHN,2013,caprino,16664269,326904,25349647.0,6716863,0.403,0.0196,0,0,0,22.4,37.0,14.2,860.0,47.0,24.0,1.0,10.66,0.0,0.0,0.0,0.0,0.0,0.0,0.0,0.0,0.0,0.0,0.0,0,0,0,0,0,0,0,0,0,1,0,0,0,0,0,0.0,0
China,CHN,2014,bovino,30965675,4116515,2609616329.0,2914595,0.094,0.1329,0,0,0,19.3,26.1,8.1,1424.0,44.0,25.0,4.0,20.5,0.0,0.0,0.0,0.0,0.0,0.0,0.0,0.0,0.0,0.0,0.0,0,0,0,0,0,0,0,0,1,1,0,0,0,0,0,0.0,0
China,CHN,2014,porcino,1029984,827419,,2747028,2.667,0.8033,1,0,1,19.3,26.1,8.1,1424.0,44.0,25.0,4.0,20.5,0.0,0.0,0.0,0.0,0.0,0.0,0.0,0.0,0.0,0.0,0.0,0,0,0,0,0,0,0,0,1,1,0,0,0,0,0,0.0,0
China,CHN,2014,avicola,965405605,1607775,,26381212,0.027,0.0017,0,0,1,19.3,26.1,8.1,1424.0,44.0,25.0,4.0,20.5,0.0,0.0,0.0,0.0,0.0,0.0,0.0,0.0,0.0,0.0,0.0,0,0,0,0,0,0,0,0,1,1,0,0,0,0,0,0.0,0
China,CHN,2014,ovino,6665103,59175,118752251.0,7276107,1.092,0.0089,0,0,1,19.3,26.1,8.1,1424.0,44.0,25.0,4.0,20.5,0.0,0.0,0.0,0.0,0.0,0.0,0.0,0.0,0.0,0.0,0.0,0,0,0,0,0,0,0,0,1,1,0,0,0,0,0,0.0,0
China,CHN,2014,caprino,17956013,7534,366821295.0,973525,0.054,0.0004,0,0,0,19.3,26.1,8.1,1424.0,44.0,25.0,4.0,20.5,0.0,0.0,0.0,0.0,0.0,0.0,0.0,0.0,0.0,0.0,0.0,0,0,0,0,0,0,0,0,1,1,0,0,0,0,0,0.0,0
China,CHN,2015,bovino,3950550,994530,1328003820.0,18985610,4.806,0.2517,1,0,0,12.6,24.8,2.3,1229.0,65.0,17.0,1.0,27.09,0.0,0.0,0.0,0.0,0.0,0.0,0.0,0.0,0.0,0.0,0.0,0,0,0,0,0,1,0,0,1,1,0,0,0,0,0,0.0,0
China,CHN,2015,porcino,12709883,1183136,,11736029,0.923,0.0931,0,0,1,12.6,24.8,2.3,1229.0,65.0,17.0,1.0,27.09,0.0,0.0,0.0,0.0,0.0,0.0,0.0,0.0,0.0,0.0,0.0,0,0,0,0,0,1,0,0,1,1,0,0,0,0,0,0.0,0
China,CHN,2015,avicola,140477930,1248538,,15525083,0.111,0.0089,0,0,1,12.6,24.8,2.3,1229.0,65.0,17.0,1.0,27.09,0.0,0.0,0.0,0.0,0.0,0.0,0.0,0.0,0.0,0.0,0.0,0,0,0,0,0,1,0,0,1,1,0,0,0,0,0,0.0,0
China,CHN,2015,ovino,13232980,561624,97686192.0,12169740,0.92,0.0424,0,0,1,12.6,24.8,2.3,1229.0,65.0,17.0,1.0,27.09,0.0,0.0,0.0,0.0,0.0,0.0,0.0,0.0,0.0,0.0,0.0,0,0,0,0,0,1,0,0,1,1,0,0,0,0,0,0.0,0
China,CHN,2015,caprino,15106328,367861,260356531.0,2336941,0.155,0.0244,0,0,0,12.6,24.8,2.3,1229.0,65.0,17.0,1.0,27.09,0.0,0.0,0.0,0.0,0.0,0.0,0.0,0.0,0.0,0.0,0.0,0,0,0,0,0,1,0,0,1,1,0,0,0,0,0,0.0,0
China,CHN,2016,bovino,16714625,4775750,5363972393.0,32562729,1.948,0.2857,0,0,0,25.2,36.3,10.5,477.0,60.0,28.0,8.0,5.26,0.0,0.0,0.0,0.0,0.0,0.0,0.0,0.0,0.0,0.0,0.0,0,0,0,0,0,1,0,0,1,1,0,0,0,0,0,0.0,0
China,CHN,2016,porcino,8582792,1232066,,11412137,1.33,0.1436,0,0,1,25.2,36.3,10.5,477.0,60.0,28.0,8.0,5.26,0.0,0.0,0.0,0.0,0.0,0.0,0.0,0.0,0.0,0.0,0.0,0,0,0,0,0,1,0,0,1,1,0,0,0,0,0,0.0,0
China,CHN,2016,avicola,701387853,2162724,,10663593,0.015,0.0031,0,0,1,25.2,36.3,10.5,477.0,60.0,28.0,8.0,5.26,0.0,0.0,0.0,0.0,0.0,0.0,0.0,0.0,0.0,0.0,0.0,0,0,0,0,0,1,0,0,1,1,0,0,0,0,0,0.0,0
China,CHN,2016,ovino,9220316,489415,55512090.0,1802987,0.196,0.0531,0,0,1,25.2,36.3,10.5,477.0,60.0,28.0,8.0,5.26,0.0,0.0,0.0,0.0,0.0,0.0,0.0,0.0,0.0,0.0,0.0,0,0,0,0,0,1,0,0,1,1,0,0,0,0,0,0.0,0
China,CHN,2016,caprino,2236158,125606,7616472.0,4020932,1.798,0.0562,0,0,0,25.2,36.3,10.5,477.0,60.0,28.0,8.0,5.26,0.0,0.0,0.0,0.0,0.0,0.0,0.0,0.0,0.0,0.0,0.0,0,0,0,0,0,1,0,0,1,1,0,0,0,0,0,0.0,0
China,CHN,2017,bovino,25843801,1565944,2017576014.0,22961287,0.888,0.0606,0,0,0,16.8,30.6,7.4,372.0,53.0,18.0,7.0,6.15,2.0,0.0,0.0,0.0,1.0,0.0,0.0,0.0,0.0,1.0,1.0,0,0,0,0,0,1,0,0,1,1,0,0,0,0,0,0.0,0
China,CHN,2017,porcino,18452853,2286298,,15105593,0.819,0.1239,0,0,1,16.8,30.6,7.4,372.0,53.0,18.0,7.0,6.15,2.0,0.0,0.0,0.0,1.0,0.0,0.0,0.0,0.0,1.0,1.0,0,0,0,0,0,1,0,0,1,1,0,0,0,0,0,0.0,0
China,CHN,2017,avicola,401562934,1896318,,19412640,0.048,0.0047,0,0,1,16.8,30.6,7.4,372.0,53.0,18.0,7.0,6.15,2.0,0.0,0.0,0.0,1.0,0.0,0.0,0.0,0.0,1.0,1.0,0,0,0,0,0,1,0,0,1,1,0,0,0,0,0,0.0,0
China,CHN,2017,ovino,16429538,58442,474906475.0,2208255,0.134,0.0036,0,0,1,16.8,30.6,7.4,372.0,53.0,18.0,7.0,6.15,2.0,0.0,0.0,0.0,1.0,0.0,0.0,0.0,0.0,1.0,1.0,0,0,0,0,0,1,0,0,1,1,0,0,0,0,0,0.0,0
China,CHN,2017,caprino,11763954,198902,233234231.0,8367460,0.711,0.0169,0,0,0,16.8,30.6,7.4,372.0,53.0,18.0,7.0,6.15,2.0,0.0,0.0,0.0,1.0,0.0,0.0,0.0,0.0,1.0,1.0,0,0,0,0,0,1,0,0,1,1,0,0,0,0,0,0.0,0
China,CHN,2018,bovino,26017093,1519213,4287512904.0,27451684,1.055,0.0584,0,0,0,8.7,19.3,-6.3,619.0,52.0,52.0,6.0,19.76,0.0,0.0,0.0,0.0,0.0,0.0,0.0,0.0,0.0,0.0,0.0,1,0,0,0,0,1,0,0,1,1,0,0,0,0,0,0.0,0
China,CHN,2018,porcino,9743528,2273217,,10259214,1.053,0.2333,0,0,1,8.7,19.3,-6.3,619.0,52.0,52.0,6.0,19.76,0.0,0.0,0.0,0.0,0.0,0.0,0.0,0.0,0.0,0.0,0.0,1,0,0,0,0,1,0,0,1,1,0,0,0,0,0,0.0,0
China,CHN,2018,avicola,638826321,2495709,,5920277,0.009,0.0039,0,0,1,8.7,19.3,-6.3,619.0,52.0,52.0,6.0,19.76,0.0,0.0,0.0,0.0,0.0,0.0,0.0,0.0,0.0,0.0,0.0,1,0,0,0,0,1,0,0,1,1,0,0,0,0,0,0.0,0
China,CHN,2018,ovino,7683794,12957,454130038.0,7409239,0.964,0.0017,0,0,1,8.7,19.3,-6.3,619.0,52.0,52.0,6.0,19.76,0.0,0.0,0.0,0.0,0.0,0.0,0.0,0.0,0.0,0.0,0.0,1,0,0,0,0,1,0,0,1,1,0,0,0,0,0,0.0,0
China,CHN,2018,caprino,1107483,279491,389966214.0,9883972,8.925,0.2524,1,0,0,8.7,19.3,-6.3,619.0,52.0,52.0,6.0,19.76,0.0,0.0,0.0,0.0,0.0,0.0,0.0,0.0,0.0,0.0,0.0,1,0,0,0,0,1,0,0,1,1,0,0,0,0,0,0.0,0
China,CHN,2019,bovino,17967138,995203,4445355188.0,28594127,1.591,0.0554,0,0,0,12.5,25.0,0.4,950.0,63.0,102.0,3.0,21.11,0.0,0.0,0.0,0.0,0.0,0.0,0.0,0.0,0.0,0.0,0.0,1,0,0,0,0,1,0,0,1,1,0,0,0,0,0,0.0,0
China,CHN,2019,porcino,15878063,2535145,,8880189,0.559,0.1597,0,0,1,12.5,25.0,0.4,950.0,63.0,102.0,3.0,21.11,0.0,0.0,0.0,0.0,0.0,0.0,0.0,0.0,0.0,0.0,0.0,1,0,0,0,0,1,0,0,1,1,0,0,0,0,0,0.0,0
China,CHN,2019,avicola,61226239,1081169,,10696768,0.175,0.0177,0,0,1,12.5,25.0,0.4,950.0,63.0,102.0,3.0,21.11,0.0,0.0,0.0,0.0,0.0,0.0,0.0,0.0,0.0,0.0,0.0,1,0,0,0,0,1,0,0,1,1,0,0,0,0,0,0.0,0
China,CHN,2019,ovino,1602940,325616,193800446.0,6784641,4.233,0.2031,1,0,1,12.5,25.0,0.4,950.0,63.0,102.0,3.0,21.11,0.0,0.0,0.0,0.0,0.0,0.0,0.0,0.0,0.0,0.0,0.0,1,0,0,0,0,1,0,0,1,1,0,0,0,0,0,0.0,0
China,CHN,2019,caprino,7461075,251687,110451734.0,5507429,0.738,0.0337,0,0,0,12.5,25.0,0.4,950.0,63.0,102.0,3.0,21.11,0.0,0.0,0.0,0.0,0.0,0.0,0.0,0.0,0.0,0.0,0.0,1,0,0,0,0,1,0,0,1,1,0,0,0,0,0,0.0,0
China,CHN,2020,bovino,28892797,3725671,1577435051.0,39548637,1.369,0.1289,0,0,0,21.6,29.8,8.3,956.0,84.0,31.0,1.0,12.29,3.0,0.0,1.0,0.0,0.0,0.0,0.0,0.0,1.0,1.0,1.0,1,0,0,1,0,1,0,0,1,1,0,0,0,0,0,0.0,0
China,CHN,2020,porcino,7851387,501878,,3710497,0.473,0.0639,0,0,1,21.6,29.8,8.3,956.0,84.0,31.0,1.0,12.29,3.0,0.0,1.0,0.0,0.0,0.0,0.0,0.0,1.0,1.0,1.0,1,0,0,1,0,1,0,0,1,1,0,0,0,0,0,0.0,0
China,CHN,2020,avicola,948985962,172466,,20025606,0.021,0.0002,0,0,1,21.6,29.8,8.3,956.0,84.0,31.0,1.0,12.29,3.0,0.0,1.0,0.0,0.0,0.0,0.0,0.0,1.0,1.0,1.0,1,0,0,1,0,1,0,0,1,1,0,0,0,0,0,0.0,0
China,CHN,2020,ovino,2167490,272429,52042632.0,4529238,2.09,0.1257,0,0,1,21.6,29.8,8.3,956.0,84.0,31.0,1.0,12.29,3.0,0.0,1.0,0.0,0.0,0.0,0.0,0.0,1.0,1.0,1.0,1,0,0,1,0,1,0,0,1,1,0,0,0,0,0,0.0,0
China,CHN,2020,caprino,13009814,200972,201418163.0,1718379,0.132,0.0154,0,0,0,21.6,29.8,8.3,956.0,84.0,31.0,1.0,12.29,3.0,0.0,1.0,0.0,0.0,0.0,0.0,0.0,1.0,1.0,1.0,1,0,0,1,0,1,0,0,1,1,0,0,0,0,0,0.0,0
Francia,FRA,2011,bovino,49077791,2380901,2202219199.0,12914295,0.263,0.0485,0,0,0,20.7,31.1,14.7,1160.0,78.0,29.0,3.0,15.57,0.0,0.0,0.0,0.0,0.0,0.0,0.0,0.0,0.0,0.0,0.0,0,0,0,0,0,0,0,1,0,0,0,0,1,0,0,0.0,0
Francia,FRA,2011,porcino,12522389,2852852,,5488517,0.438,0.2278,0,0,1,20.7,31.1,14.7,1160.0,78.0,29.0,3.0,15.57,0.0,0.0,0.0,0.0,0.0,0.0,0.0,0.0,0.0,0.0,0.0,0,0,0,0,0,0,0,1,0,0,0,0,1,0,0,0.0,0
Francia,FRA,2011,avicola,306056888,1617093,,1089448,0.004,0.0053,0,0,1,20.7,31.1,14.7,1160.0,78.0,29.0,3.0,15.57,0.0,0.0,0.0,0.0,0.0,0.0,0.0,0.0,0.0,0.0,0.0,0,0,0,0,0,0,0,1,0,0,0,0,1,0,0,0.0,0
Francia,FRA,2011,ovino,17473421,496202,388007797.0,8355699,0.478,0.0284,0,0,1,20.7,31.1,14.7,1160.0,78.0,29.0,3.0,15.57,0.0,0.0,0.0,0.0,0.0,0.0,0.0,0.0,0.0,0.0,0.0,0,0,0,0,0,0,0,1,0,0,0,0,1,0,0,0.0,0
Francia,FRA,2011,caprino,7989589,93464,167774608.0,1254709,0.157,0.0117,0,0,0,20.7,31.1,14.7,1160.0,78.0,29.0,3.0,15.57,0.0,0.0,0.0,0.0,0.0,0.0,0.0,0.0,0.0,0.0,0.0,0,0,0,0,0,0,0,1,0,0,0,0,1,0,0,0.0,0
Francia,FRA,2012,bovino,23756568,3946035,8818614202.0,33507182,1.41,0.1661,0,0,0,21.2,28.9,7.8,1186.0,69.0,79.0,3.0,15.54,0.0,0.0,0.0,0.0,0.0,0.0,0.0,0.0,0.0,0.0,0.0,0,0,0,0,0,0,0,1,0,0,0,0,1,0,0,0.0,0
Francia,FRA,2012,porcino,1300870,916435,,5345671,4.109,0.7045,1,0,1,21.2,28.9,7.8,1186.0,69.0,79.0,3.0,15.54,0.0,0.0,0.0,0.0,0.0,0.0,0.0,0.0,0.0,0.0,0.0,0,0,0,0,0,0,0,1,0,0,0,0,1,0,0,0.0,0
Francia,FRA,2012,avicola,199246011,1647881,,28657699,0.144,0.0083,0,0,1,21.2,28.9,7.8,1186.0,69.0,79.0,3.0,15.54,0.0,0.0,0.0,0.0,0.0,0.0,0.0,0.0,0.0,0.0,0.0,0,0,0,0,0,0,0,1,0,0,0,0,1,0,0,0.0,0
Francia,FRA,2012,ovino,19192996,182141,244356693.0,9493749,0.495,0.0095,0,0,1,21.2,28.9,7.8,1186.0,69.0,79.0,3.0,15.54,0.0,0.0,0.0,0.0,0.0,0.0,0.0,0.0,0.0,0.0,0.0,0,0,0,0,0,0,0,1,0,0,0,0,1,0,0,0.0,0
Francia,FRA,2012,caprino,8990414,271981,63202626.0,923175,0.103,0.0303,0,0,0,21.2,28.9,7.8,1186.0,69.0,79.0,3.0,15.54,0.0,0.0,0.0,0.0,0.0,0.0,0.0,0.0,0.0,0.0,0.0,0,0,0,0,0,0,0,1,0,0,0,0,1,0,0,0.0,0
Francia,FRA,2013,bovino,40879817,2603572,3755215670.0,37930751,0.928,0.0637,0,0,0,15.3,25.1,3.2,1209.0,44.0,87.0,2.0,21.95,2.0,0.0,0.0,0.0,0.0,0.0,0.0,1.0,0.0,1.0,1.0,0,0,0,0,0,0,0,1,0,0,0,0,1,0,0,0.0,0
Francia,FRA,2013,porcino,5440027,495848,,2186243,0.402,0.0911,0,0,1,15.3,25.1,3.2,1209.0,44.0,87.0,2.0,21.95,2.0,0.0,0.0,0.0,0.0,0.0,0.0,1.0,0.0,1.0,1.0,0,0,0,0,0,0,0,1,0,0,0,0,1,0,0,0.0,0
Francia,FRA,2013,avicola,826029478,839066,,16894010,0.02,0.001,0,0,1,15.3,25.1,3.2,1209.0,44.0,87.0,2.0,21.95,2.0,0.0,0.0,0.0,0.0,0.0,0.0,1.0,0.0,1.0,1.0,0,0,0,0,0,0,0,1,0,0,0,0,1,0,0,0.0,0
Francia,FRA,2013,ovino,11740565,289148,137236560.0,8206300,0.699,0.0246,0,0,1,15.3,25.1,3.2,1209.0,44.0,87.0,2.0,21.95,2.0,0.0,0.0,0.0,0.0,0.0,0.0,1.0,0.0,1.0,1.0,0,0,0,0,0,0,0,1,0,0,0,0,1,0,0,0.0,0
Francia,FRA,2013,caprino,15493182,12148,445845219.0,6035590,0.39,0.0008,0,0,0,15.3,25.1,3.2,1209.0,44.0,87.0,2.0,21.95,2.0,0.0,0.0,0.0,0.0,0.0,0.0,1.0,0.0,1.0,1.0,0,0,0,0,0,0,0,1,0,0,0,0,1,0,0,0.0,0
Francia,FRA,2014,bovino,23293651,4374503,6824435862.0,8529483,0.366,0.1878,0,0,0,14.6,26.7,4.7,1302.0,85.0,97.0,0.0,24.77,0.0,0.0,0.0,0.0,0.0,0.0,0.0,0.0,0.0,0.0,0.0,0,0,0,0,0,0,0,1,0,0,0,0,1,0,0,0.0,0
Francia,FRA,2014,porcino,17243367,2677651,,815503,0.047,0.1553,0,0,1,14.6,26.7,4.7,1302.0,85.0,97.0,0.0,24.77,0.0,0.0,0.0,0.0,0.0,0.0,0.0,0.0,0.0,0.0,0.0,0,0,0,0,0,0,0,1,0,0,0,0,1,0,0,0.0,0
Francia,FRA,2014,avicola,489619923,2101971,,9303438,0.019,0.0043,0,0,1,14.6,26.7,4.7,1302.0,85.0,97.0,0.0,24.77,0.0,0.0,0.0,0.0,0.0,0.0,0.0,0.0,0.0,0.0,0.0,0,0,0,0,0,0,0,1,0,0,0,0,1,0,0,0.0,0
Francia,FRA,2014,ovino,4747062,190055,264200730.0,611364,0.129,0.04,0,0,1,14.6,26.7,4.7,1302.0,85.0,97.0,0.0,24.77,0.0,0.0,0.0,0.0,0.0,0.0,0.0,0.0,0.0,0.0,0.0,0,0,0,0,0,0,0,1,0,0,0,0,1,0,0,0.0,0
Francia,FRA,2014,caprino,14133097,188510,107948392.0,1557061,0.11,0.0133,0,0,0,14.6,26.7,4.7,1302.0,85.0,97.0,0.0,24.77,0.0,0.0,0.0,0.0,0.0,0.0,0.0,0.0,0.0,0.0,0.0,0,0,0,0,0,0,0,1,0,0,0,0,1,0,0,0.0,0
Francia,FRA,2015,bovino,30182916,1094275,9669792926.0,49330777,1.634,0.0363,0,0,0,23.3,31.6,12.6,1455.0,72.0,52.0,2.0,17.35,0.0,0.0,0.0,0.0,0.0,0.0,0.0,0.0,0.0,0.0,0.0,0,0,0,0,0,0,0,1,0,0,0,0,1,0,0,0.0,0
Francia,FRA,2015,porcino,15464061,2293556,,3410747,0.221,0.1483,0,0,1,23.3,31.6,12.6,1455.0,72.0,52.0,2.0,17.35,0.0,0.0,0.0,0.0,0.0,0.0,0.0,0.0,0.0,0.0,0.0,0,0,0,0,0,0,0,1,0,0,0,0,1,0,0,0.0,0
Francia,FRA,2015,avicola,757454111,862687,,12566191,0.017,0.0011,0,0,1,23.3,31.6,12.6,1455.0,72.0,52.0,2.0,17.35,0.0,0.0,0.0,0.0,0.0,0.0,0.0,0.0,0.0,0.0,0.0,0,0,0,0,0,0,0,1,0,0,0,0,1,0,0,0.0,0
Francia,FRA,2015,ovino,12889504,137436,152336691.0,3024484,0.235,0.0107,0,0,1,23.3,31.6,12.6,1455.0,72.0,52.0,2.0,17.35,0.0,0.0,0.0,0.0,0.0,0.0,0.0,0.0,0.0,0.0,0.0,0,0,0,0,0,0,0,1,0,0,0,0,1,0,0,0.0,0
Francia,FRA,2015,caprino,18424813,392653,194033768.0,2277132,0.124,0.0213,0,0,0,23.3,31.6,12.6,1455.0,72.0,52.0,2.0,17.35,0.0,0.0,0.0,0.0,0.0,0.0,0.0,0.0,0.0,0.0,0.0,0,0,0,0,0,0,0,1,0,0,0,0,1,0,0,0.0,0
Francia,FRA,2016,bovino,29281781,4460094,7148621658.0,18899560,0.645,0.1523,0,0,0,12.7,25.4,7.0,877.0,44.0,67.0,0.0,19.18,3.0,0.0,1.0,0.0,0.0,1.0,0.0,1.0,0.0,0.0,1.0,0,0,0,0,0,0,0,1,0,0,0,0,1,0,0,0.0,0
Francia,FRA,2016,porcino,735377,2068083,,11319421,15.393,1.0,1,1,1,12.7,25.4,7.0,877.0,44.0,67.0,0.0,19.18,3.0,0.0,1.0,0.0,0.0,1.0,0.0,1.0,0.0,0.0,1.0,0,0,0,0,0,0,0,1,0,0,0,0,1,0,0,0.0,0
Francia,FRA,2016,avicola,968124267,548832,,24536101,0.025,0.0006,0,0,1,12.7,25.4,7.0,877.0,44.0,67.0,0.0,19.18,3.0,0.0,1.0,0.0,0.0,1.0,0.0,1.0,0.0,0.0,1.0,0,0,0,0,0,0,0,1,0,0,0,0,1,0,0,0.0,0
Francia,FRA,2016,ovino,20421099,384206,94948012.0,5648807,0.277,0.0188,0,0,1,12.7,25.4,7.0,877.0,44.0,67.0,0.0,19.18,3.0,0.0,1.0,0.0,0.0,1.0,0.0,1.0,0.0,0.0,1.0,0,0,0,0,0,0,0,1,0,0,0,0,1,0,0,0.0,0
Francia,FRA,2016,caprino,2379499,455178,169749236.0,387896,0.163,0.1913,0,0,0,12.7,25.4,7.0,877.0,44.0,67.0,0.0,19.18,3.0,0.0,1.0,0.0,0.0,1.0,0.0,1.0,0.0,0.0,1.0,0,0,0,0,0,0,0,1,0,0,0,0,1,0,0,0.0,0
Francia,FRA,2017,bovino,15738650,2448105,536407924.0,34107882,2.167,0.1555,0,0,0,15.3,28.7,10.0,588.0,71.0,93.0,4.0,10.68,0.0,0.0,0.0,0.0,0.0,0.0,0.0,0.0,0.0,0.0,0.0,0,0,0,0,0,0,0,1,1,0,0,0,1,0,0,0.0,0
Francia,FRA,2017,porcino,19446668,2053415,,15070259,0.775,0.1056,0,0,1,15.3,28.7,10.0,588.0,71.0,93.0,4.0,10.68,0.0,0.0,0.0,0.0,0.0,0.0,0.0,0.0,0.0,0.0,0.0,0,0,0,0,0,0,0,1,1,0,0,0,1,0,0,0.0,0
Francia,FRA,2017,avicola,56330624,647391,,5801164,0.103,0.0115,0,0,1,15.3,28.7,10.0,588.0,71.0,93.0,4.0,10.68,0.0,0.0,0.0,0.0,0.0,0.0,0.0,0.0,0.0,0.0,0.0,0,0,0,0,0,0,0,1,1,0,0,0,1,0,0,0.0,0
Francia,FRA,2017,ovino,11480229,500675,554122923.0,10239348,0.892,0.0436,0,0,1,15.3,28.7,10.0,588.0,71.0,93.0,4.0,10.68,0.0,0.0,0.0,0.0,0.0,0.0,0.0,0.0,0.0,0.0,0.0,0,0,0,0,0,0,0,1,1,0,0,0,1,0,0,0.0,0
Francia,FRA,2017,caprino,17582136,80413,43040813.0,4325324,0.246,0.0046,0,0,0,15.3,28.7,10.0,588.0,71.0,93.0,4.0,10.68,0.0,0.0,0.0,0.0,0.0,0.0,0.0,0.0,0.0,0.0,0.0,0,0,0,0,0,0,0,1,1,0,0,0,1,0,0,0.0,0
Francia,FRA,2018,bovino,12306341,3183829,4022912164.0,13593236,1.105,0.2587,0,0,0,13.1,26.1,4.3,418.0,70.0,17.0,9.0,8.86,0.0,0.0,0.0,0.0,0.0,0.0,0.0,0.0,0.0,0.0,0.0,0,0,0,0,0,0,0,1,1,0,0,0,1,0,0,0.0,0
Francia,FRA,2018,porcino,15404279,1420286,,17539519,1.139,0.0922,0,0,1,13.1,26.1,4.3,418.0,70.0,17.0,9.0,8.86,0.0,0.0,0.0,0.0,0.0,0.0,0.0,0.0,0.0,0.0,0.0,0,0,0,0,0,0,0,1,1,0,0,0,1,0,0,0.0,0
Francia,FRA,2018,avicola,603454803,1431516,,20891172,0.035,0.0024,0,0,1,13.1,26.1,4.3,418.0,70.0,17.0,9.0,8.86,0.0,0.0,0.0,0.0,0.0,0.0,0.0,0.0,0.0,0.0,0.0,0,0,0,0,0,0,0,1,1,0,0,0,1,0,0,0.0,0
Francia,FRA,2018,ovino,3972256,562280,166677772.0,6139728,1.546,0.1416,0,0,1,13.1,26.1,4.3,418.0,70.0,17.0,9.0,8.86,0.0,0.0,0.0,0.0,0.0,0.0,0.0,0.0,0.0,0.0,0.0,0,0,0,0,0,0,0,1,1,0,0,0,1,0,0,0.0,0
Francia,FRA,2018,caprino,7801494,399913,311241892.0,7329637,0.94,0.0513,0,0,0,13.1,26.1,4.3,418.0,70.0,17.0,9.0,8.86,0.0,0.0,0.0,0.0,0.0,0.0,0.0,0.0,0.0,0.0,0.0,0,0,0,0,0,0,0,1,1,0,0,0,1,0,0,0.0,0
Francia,FRA,2019,bovino,12226975,2038131,1270982407.0,34219376,2.799,0.1667,1,0,0,22.1,32.1,15.3,452.0,65.0,25.0,8.0,5.68,0.0,0.0,0.0,0.0,0.0,0.0,0.0,0.0,0.0,0.0,0.0,1,0,0,0,0,0,0,1,1,0,0,0,1,0,0,0.0,0
Francia,FRA,2019,porcino,10679837,1389375,,1950313,0.183,0.1301,0,0,1,22.1,32.1,15.3,452.0,65.0,25.0,8.0,5.68,0.0,0.0,0.0,0.0,0.0,0.0,0.0,0.0,0.0,0.0,0.0,1,0,0,0,0,0,0,1,1,0,0,0,1,0,0,0.0,0
Francia,FRA,2019,avicola,1172196283,1667659,,19378590,0.017,0.0014,0,0,1,22.1,32.1,15.3,452.0,65.0,25.0,8.0,5.68,0.0,0.0,0.0,0.0,0.0,0.0,0.0,0.0,0.0,0.0,0.0,1,0,0,0,0,0,0,1,1,0,0,0,1,0,0,0.0,0
Francia,FRA,2019,ovino,11229835,368145,416966720.0,6587746,0.587,0.0328,0,0,1,22.1,32.1,15.3,452.0,65.0,25.0,8.0,5.68,0.0,0.0,0.0,0.0,0.0,0.0,0.0,0.0,0.0,0.0,0.0,1,0,0,0,0,0,0,1,1,0,0,0,1,0,0,0.0,0
Francia,FRA,2019,caprino,20307528,271262,427117270.0,6138098,0.302,0.0134,0,0,0,22.1,32.1,15.3,452.0,65.0,25.0,8.0,5.68,0.0,0.0,0.0,0.0,0.0,0.0,0.0,0.0,0.0,0.0,0.0,1,0,0,0,0,0,0,1,1,0,0,0,1,0,0,0.0,0
Francia,FRA,2020,bovino,53278108,3458186,7153156685.0,33681627,0.632,0.0649,0,0,0,13.8,21.4,0.0,1387.0,43.0,71.0,4.0,27.92,0.0,0.0,0.0,0.0,0.0,0.0,0.0,0.0,0.0,0.0,0.0,1,0,0,0,0,0,0,1,1,0,0,0,1,0,0,0.0,0
Francia,FRA,2020,porcino,21918155,3126195,,1481502,0.068,0.1426,0,0,1,13.8,21.4,0.0,1387.0,43.0,71.0,4.0,27.92,0.0,0.0,0.0,0.0,0.0,0.0,0.0,0.0,0.0,0.0,0.0,1,0,0,0,0,0,0,1,1,0,0,0,1,0,0,0.0,0
Francia,FRA,2020,avicola,25557470,1486284,,13160236,0.515,0.0582,0,0,1,13.8,21.4,0.0,1387.0,43.0,71.0,4.0,27.92,0.0,0.0,0.0,0.0,0.0,0.0,0.0,0.0,0.0,0.0,0.0,1,0,0,0,0,0,0,1,1,0,0,0,1,0,0,0.0,0
Francia,FRA,2020,ovino,6728879,462322,687205675.0,7301927,1.085,0.0687,0,0,1,13.8,21.4,0.0,1387.0,43.0,71.0,4.0,27.92,0.0,0.0,0.0,0.0,0.0,0.0,0.0,0.0,0.0,0.0,0.0,1,0,0,0,0,0,0,1,1,0,0,0,1,0,0,0.0,0
Francia,FRA,2020,caprino,24617921,344940,252608642.0,2818756,0.115,0.014,0,0,0,13.8,21.4,0.0,1387.0,43.0,71.0,4.0,27.92,0.0,0.0,0.0,0.0,0.0,0.0,0.0,0.0,0.0,0.0,0.0,1,0,0,0,0,0,0,1,1,0,0,0,1,0,0,0.0,0
Alemania,DEU,2011,bovino,39274731,2531344,7990713373.0,9528968,0.243,0.0645,0,0,0,9.9,18.2,1.8,886.0,76.0,72.0,0.0,24.86,0.0,0.0,0.0,0.0,0.0,0.0,0.0,0.0,0.0,0.0,0.0,0,0,0,0,0,0,0,0,0,0,0,1,0,1,0,0.0,0
Alemania,DEU,2011,porcino,723122,2109350,,14516598,20.075,1.0,1,1,1,9.9,18.2,1.8,886.0,76.0,72.0,0.0,24.86,0.0,0.0,0.0,0.0,0.0,0.0,0.0,0.0,0.0,0.0,0.0,0,0,0,0,0,0,0,0,0,0,0,1,0,1,0,0.0,0
Alemania,DEU,2011,avicola,548182757,1047901,,28686563,0.052,0.0019,0,0,1,9.9,18.2,1.8,886.0,76.0,72.0,0.0,24.86,0.0,0.0,0.0,0.0,0.0,0.0,0.0,0.0,0.0,0.0,0.0,0,0,0,0,0,0,0,0,0,0,0,1,0,1,0,0.0,0
Alemania,DEU,2011,ovino,1891487,147139,447045971.0,1902321,1.006,0.0778,0,0,1,9.9,18.2,1.8,886.0,76.0,72.0,0.0,24.86,0.0,0.0,0.0,0.0,0.0,0.0,0.0,0.0,0.0,0.0,0.0,0,0,0,0,0,0,0,0,0,0,0,1,0,1,0,0.0,0
Alemania,DEU,2011,caprino,3363638,441906,158150093.0,9717928,2.889,0.1314,1,0,0,9.9,18.2,1.8,886.0,76.0,72.0,0.0,24.86,0.0,0.0,0.0,0.0,0.0,0.0,0.0,0.0,0.0,0.0,0.0,0,0,0,0,0,0,0,0,0,0,0,1,0,1,0,0.0,0
Alemania,DEU,2012,bovino,24515202,591490,9615157014.0,42452193,1.732,0.0241,0,0,0,14.6,21.8,6.1,404.0,83.0,116.0,10.0,7.69,0.0,0.0,0.0,0.0,0.0,0.0,0.0,0.0,0.0,0.0,0.0,0,0,0,0,0,0,0,0,0,0,0,1,0,1,0,0.0,0
Alemania,DEU,2012,porcino,2234119,941168,,8980803,4.02,0.4213,1,0,1,14.6,21.8,6.1,404.0,83.0,116.0,10.0,7.69,0.0,0.0,0.0,0.0,0.0,0.0,0.0,0.0,0.0,0.0,0.0,0,0,0,0,0,0,0,0,0,0,0,1,0,1,0,0.0,0
Alemania,DEU,2012,avicola,789110900,1128839,,5528480,0.007,0.0014,0,0,1,14.6,21.8,6.1,404.0,83.0,116.0,10.0,7.69,0.0,0.0,0.0,0.0,0.0,0.0,0.0,0.0,0.0,0.0,0.0,0,0,0,0,0,0,0,0,0,0,0,1,0,1,0,0.0,0
Alemania,DEU,2012,ovino,5566398,172779,358070905.0,5643342,1.014,0.031,0,0,1,14.6,21.8,6.1,404.0,83.0,116.0,10.0,7.69,0.0,0.0,0.0,0.0,0.0,0.0,0.0,0.0,0.0,0.0,0.0,0,0,0,0,0,0,0,0,0,0,0,1,0,1,0,0.0,0
Alemania,DEU,2012,caprino,260111,417204,254172201.0,3384674,13.012,1.0,1,1,0,14.6,21.8,6.1,404.0,83.0,116.0,10.0,7.69,0.0,0.0,0.0,0.0,0.0,0.0,0.0,0.0,0.0,0.0,0.0,0,0,0,0,0,0,0,0,0,0,0,1,0,1,0,0.0,0
Alemania,DEU,2013,bovino,994311,1322886,9037295589.0,7439917,7.482,1.0,1,1,0,11.4,21.5,-1.7,731.0,68.0,3.0,4.0,17.81,0.0,0.0,0.0,0.0,0.0,0.0,0.0,0.0,0.0,0.0,0.0,0,0,0,0,0,0,0,0,0,0,0,1,0,1,0,0.0,0
Alemania,DEU,2013,porcino,4450975,2336057,,1022690,0.23,0.5248,0,0,1,11.4,21.5,-1.7,731.0,68.0,3.0,4.0,17.81,0.0,0.0,0.0,0.0,0.0,0.0,0.0,0.0,0.0,0.0,0.0,0,0,0,0,0,0,0,0,0,0,0,1,0,1,0,0.0,0
Alemania,DEU,2013,avicola,544679970,1048639,,3270529,0.006,0.0019,0,0,1,11.4,21.5,-1.7,731.0,68.0,3.0,4.0,17.81,0.0,0.0,0.0,0.0,0.0,0.0,0.0,0.0,0.0,0.0,0.0,0,0,0,0,0,0,0,0,0,0,0,1,0,1,0,0.0,0
Alemania,DEU,2013,ovino,11292124,242398,289963119.0,3559147,0.315,0.0215,0,0,1,11.4,21.5,-1.7,731.0,68.0,3.0,4.0,17.81,0.0,0.0,0.0,0.0,0.0,0.0,0.0,0.0,0.0,0.0,0.0,0,0,0,0,0,0,0,0,0,0,0,1,0,1,0,0.0,0
Alemania,DEU,2013,caprino,20700780,159189,496450828.0,8403465,0.406,0.0077,0,0,0,11.4,21.5,-1.7,731.0,68.0,3.0,4.0,17.81,0.0,0.0,0.0,0.0,0.0,0.0,0.0,0.0,0.0,0.0,0.0,0,0,0,0,0,0,0,0,0,0,0,1,0,1,0,0.0,0
Alemania,DEU,2014,bovino,39366571,1005535,1724338309.0,40552356,1.03,0.0255,0,0,0,20.5,32.3,9.6,1589.0,50.0,115.0,2.0,21.53,2.0,0.0,0.0,0.0,0.0,1.0,0.0,0.0,1.0,0.0,1.0,0,0,0,0,0,0,0,0,0,0,0,1,0,1,0,0.0,0
Alemania,DEU,2014,porcino,5087133,2766746,,4393680,0.864,0.5439,0,0,1,20.5,32.3,9.6,1589.0,50.0,115.0,2.0,21.53,2.0,0.0,0.0,0.0,0.0,1.0,0.0,0.0,1.0,0.0,1.0,0,0,0,0,0,0,0,0,0,0,0,1,0,1,0,0.0,0
Alemania,DEU,2014,avicola,778468389,1530102,,18885354,0.024,0.002,0,0,1,20.5,32.3,9.6,1589.0,50.0,115.0,2.0,21.53,2.0,0.0,0.0,0.0,0.0,1.0,0.0,0.0,1.0,0.0,1.0,0,0,0,0,0,0,0,0,0,0,0,1,0,1,0,0.0,0
Alemania,DEU,2014,ovino,19443337,188835,186845629.0,2137751,0.11,0.0097,0,0,1,20.5,32.3,9.6,1589.0,50.0,115.0,2.0,21.53,2.0,0.0,0.0,0.0,0.0,1.0,0.0,0.0,1.0,0.0,1.0,0,0,0,0,0,0,0,0,0,0,0,1,0,1,0,0.0,0
Alemania,DEU,2014,caprino,17086569,203491,369183291.0,4857626,0.284,0.0119,0,0,0,20.5,32.3,9.6,1589.0,50.0,115.0,2.0,21.53,2.0,0.0,0.0,0.0,0.0,1.0,0.0,0.0,1.0,0.0,1.0,0,0,0,0,0,0,0,0,0,0,0,1,0,1,0,0.0,0
Alemania,DEU,2015,bovino,45560512,905516,5991702620.0,28116487,0.617,0.0199,0,0,0,10.5,24.8,0.0,555.0,64.0,100.0,6.0,14.68,0.0,0.0,0.0,0.0,0.0,0.0,0.0,0.0,0.0,0.0,0.0,0,0,0,0,0,1,0,0,0,0,0,1,0,1,0,0.0,0
Alemania,DEU,2015,porcino,11024575,2221576,,2770318,0.251,0.2015,0,0,1,10.5,24.8,0.0,555.0,64.0,100.0,6.0,14.68,0.0,0.0,0.0,0.0,0.0,0.0,0.0,0.0,0.0,0.0,0.0,0,0,0,0,0,1,0,0,0,0,0,1,0,1,0,0.0,0
Alemania,DEU,2015,avicola,11741221,1205461,,10210228,0.87,0.1027,0,0,1,10.5,24.8,0.0,555.0,64.0,100.0,6.0,14.68,0.0,0.0,0.0,0.0,0.0,0.0,0.0,0.0,0.0,0.0,0.0,0,0,0,0,0,1,0,0,0,0,0,1,0,1,0,0.0,0
Alemania,DEU,2015,ovino,18862927,34476,614568777.0,7627896,0.404,0.0018,0,0,1,10.5,24.8,0.0,555.0,64.0,100.0,6.0,14.68,0.0,0.0,0.0,0.0,0.0,0.0,0.0,0.0,0.0,0.0,0.0,0,0,0,0,0,1,0,0,0,0,0,1,0,1,0,0.0,0
Alemania,DEU,2015,caprino,15701849,466203,387007128.0,7765847,0.495,0.0297,0,0,0,10.5,24.8,0.0,555.0,64.0,100.0,6.0,14.68,0.0,0.0,0.0,0.0,0.0,0.0,0.0,0.0,0.0,0.0,0.0,0,0,0,0,0,1,0,0,0,0,0,1,0,1,0,0.0,0
Alemania,DEU,2016,bovino,12842872,3370837,5746504159.0,53467018,4.163,0.2625,1,0,0,16.9,31.5,7.0,411.0,65.0,5.0,7.0,6.76,0.0,0.0,0.0,0.0,0.0,0.0,0.0,0.0,0.0,0.0,0.0,0,0,1,0,0,1,0,0,0,0,0,1,0,1,0,0.0,0
Alemania,DEU,2016,porcino,20654099,423527,,3996253,0.193,0.0205,0,0,1,16.9,31.5,7.0,411.0,65.0,5.0,7.0,6.76,0.0,0.0,0.0,0.0,0.0,0.0,0.0,0.0,0.0,0.0,0.0,0,0,1,0,0,1,0,0,0,0,0,1,0,1,0,0.0,0
Alemania,DEU,2016,avicola,425153894,1656098,,28207078,0.066,0.0039,0,0,1,16.9,31.5,7.0,411.0,65.0,5.0,7.0,6.76,0.0,0.0,0.0,0.0,0.0,0.0,0.0,0.0,0.0,0.0,0.0,0,0,1,0,0,1,0,0,0,0,0,1,0,1,0,0.0,0
Alemania,DEU,2016,ovino,15419804,378785,459575722.0,2441892,0.158,0.0246,0,0,1,16.9,31.5,7.0,411.0,65.0,5.0,7.0,6.76,0.0,0.0,0.0,0.0,0.0,0.0,0.0,0.0,0.0,0.0,0.0,0,0,1,0,0,1,0,0,0,0,0,1,0,1,0,0.0,0
Alemania,DEU,2016,caprino,13235900,633851,274055490.0,1612433,0.122,0.0479,0,0,0,16.9,31.5,7.0,411.0,65.0,5.0,7.0,6.76,0.0,0.0,0.0,0.0,0.0,0.0,0.0,0.0,0.0,0.0,0.0,0,0,1,0,0,1,0,0,0,0,0,1,0,1,0,0.0,0
Alemania,DEU,2017,bovino,54326530,5038363,3472522999.0,48639417,0.895,0.0927,0,0,0,16.6,22.6,6.4,1574.0,82.0,83.0,4.0,26.34,0.0,0.0,0.0,0.0,0.0,0.0,0.0,0.0,0.0,0.0,0.0,0,0,1,0,0,1,0,0,0,0,0,1,0,1,0,0.0,0
Alemania,DEU,2017,porcino,17285408,2826686,,9195082,0.532,0.1635,0,0,1,16.6,22.6,6.4,1574.0,82.0,83.0,4.0,26.34,0.0,0.0,0.0,0.0,0.0,0.0,0.0,0.0,0.0,0.0,0.0,0,0,1,0,0,1,0,0,0,0,0,1,0,1,0,0.0,0
Alemania,DEU,2017,avicola,1033763967,1074294,,28604130,0.028,0.001,0,0,1,16.6,22.6,6.4,1574.0,82.0,83.0,4.0,26.34,0.0,0.0,0.0,0.0,0.0,0.0,0.0,0.0,0.0,0.0,0.0,0,0,1,0,0,1,0,0,0,0,0,1,0,1,0,0.0,0
Alemania,DEU,2017,ovino,10532293,279638,297661204.0,6172229,0.586,0.0266,0,0,1,16.6,22.6,6.4,1574.0,82.0,83.0,4.0,26.34,0.0,0.0,0.0,0.0,0.0,0.0,0.0,0.0,0.0,0.0,0.0,0,0,1,0,0,1,0,0,0,0,0,1,0,1,0,0.0,0
Alemania,DEU,2017,caprino,1013359,439889,383174823.0,2698094,2.663,0.4341,1,0,0,16.6,22.6,6.4,1574.0,82.0,83.0,4.0,26.34,0.0,0.0,0.0,0.0,0.0,0.0,0.0,0.0,0.0,0.0,0.0,0,0,1,0,0,1,0,0,0,0,0,1,0,1,0,0.0,0
Alemania,DEU,2018,bovino,59271533,1221975,9367160119.0,29503262,0.498,0.0206,0,0,0,15.0,26.4,7.2,944.0,48.0,57.0,4.0,17.48,0.0,0.0,0.0,0.0,0.0,0.0,0.0,0.0,0.0,0.0,0.0,0,0,1,0,0,1,0,0,0,0,0,1,0,1,0,0.0,0
Alemania,DEU,2018,porcino,10771906,692058,,4364129,0.405,0.0642,0,0,1,15.0,26.4,7.2,944.0,48.0,57.0,4.0,17.48,0.0,0.0,0.0,0.0,0.0,0.0,0.0,0.0,0.0,0.0,0.0,0,0,1,0,0,1,0,0,0,0,0,1,0,1,0,0.0,0
Alemania,DEU,2018,avicola,585956500,2388374,,21395078,0.037,0.0041,0,0,1,15.0,26.4,7.2,944.0,48.0,57.0,4.0,17.48,0.0,0.0,0.0,0.0,0.0,0.0,0.0,0.0,0.0,0.0,0.0,0,0,1,0,0,1,0,0,0,0,0,1,0,1,0,0.0,0
Alemania,DEU,2018,ovino,1849422,283172,116886442.0,1756111,0.95,0.1531,0,0,1,15.0,26.4,7.2,944.0,48.0,57.0,4.0,17.48,0.0,0.0,0.0,0.0,0.0,0.0,0.0,0.0,0.0,0.0,0.0,0,0,1,0,0,1,0,0,0,0,0,1,0,1,0,0.0,0
Alemania,DEU,2018,caprino,2980709,282468,489515938.0,7620576,2.557,0.0948,1,0,0,15.0,26.4,7.2,944.0,48.0,57.0,4.0,17.48,0.0,0.0,0.0,0.0,0.0,0.0,0.0,0.0,0.0,0.0,0.0,0,0,1,0,0,1,0,0,0,0,0,1,0,1,0,0.0,0
Alemania,DEU,2019,bovino,3298661,1673359,1529520581.0,53065397,16.087,0.5073,1,0,0,21.8,27.0,15.8,626.0,75.0,61.0,6.0,7.98,0.0,0.0,0.0,0.0,0.0,0.0,0.0,0.0,0.0,0.0,0.0,1,0,1,0,0,1,0,0,0,0,0,1,0,1,0,0.0,0
Alemania,DEU,2019,porcino,5884961,3284005,,11990648,2.038,0.558,0,0,1,21.8,27.0,15.8,626.0,75.0,61.0,6.0,7.98,0.0,0.0,0.0,0.0,0.0,0.0,0.0,0.0,0.0,0.0,0.0,1,0,1,0,0,1,0,0,0,0,0,1,0,1,0,0.0,0
Alemania,DEU,2019,avicola,232223711,692347,,19223082,0.083,0.003,0,0,1,21.8,27.0,15.8,626.0,75.0,61.0,6.0,7.98,0.0,0.0,0.0,0.0,0.0,0.0,0.0,0.0,0.0,0.0,0.0,1,0,1,0,0,1,0,0,0,0,0,1,0,1,0,0.0,0
Alemania,DEU,2019,ovino,10589792,135231,118550151.0,3094126,0.292,0.0128,0,0,1,21.8,27.0,15.8,626.0,75.0,61.0,6.0,7.98,0.0,0.0,0.0,0.0,0.0,0.0,0.0,0.0,0.0,0.0,0.0,1,0,1,0,0,1,0,0,0,0,0,1,0,1,0,0.0,0
Alemania,DEU,2019,caprino,15668173,377929,373668181.0,2930376,0.187,0.0241,0,0,0,21.8,27.0,15.8,626.0,75.0,61.0,6.0,7.98,0.0,0.0,0.0,0.0,0.0,0.0,0.0,0.0,0.0,0.0,0.0,1,0,1,0,0,1,0,0,0,0,0,1,0,1,0,0.0,0
Alemania,DEU,2020,bovino,3984139,1299827,1327371439.0,15823266,3.972,0.3263,1,0,0,20.6,30.9,15.2,739.0,45.0,39.0,3.0,9.96,0.0,0.0,0.0,0.0,0.0,0.0,0.0,0.0,0.0,0.0,0.0,1,0,1,0,0,1,0,0,0,0,0,1,0,1,0,0.0,0
Alemania,DEU,2020,porcino,15057312,2170709,,12024898,0.799,0.1442,0,0,1,20.6,30.9,15.2,739.0,45.0,39.0,3.0,9.96,0.0,0.0,0.0,0.0,0.0,0.0,0.0,0.0,0.0,0.0,0.0,1,0,1,0,0,1,0,0,0,0,0,1,0,1,0,0.0,0
Alemania,DEU,2020,avicola,102930866,1071131,,9491682,0.092,0.0104,0,0,1,20.6,30.9,15.2,739.0,45.0,39.0,3.0,9.96,0.0,0.0,0.0,0.0,0.0,0.0,0.0,0.0,0.0,0.0,0.0,1,0,1,0,0,1,0,0,0,0,0,1,0,1,0,0.0,0
Alemania,DEU,2020,ovino,21648144,322967,124355515.0,4361865,0.201,0.0149,0,0,1,20.6,30.9,15.2,739.0,45.0,39.0,3.0,9.96,0.0,0.0,0.0,0.0,0.0,0.0,0.0,0.0,0.0,0.0,0.0,1,0,1,0,0,1,0,0,0,0,0,1,0,1,0,0.0,0
Alemania,DEU,2020,caprino,20074723,336876,237995409.0,7655349,0.381,0.0168,0,0,0,20.6,30.9,15.2,739.0,45.0,39.0,3.0,9.96,0.0,0.0,0.0,0.0,0.0,0.0,0.0,0.0,0.0,0.0,0.0,1,0,1,0,0,1,0,0,0,0,0,1,0,1,0,0.0,0
Australia,AUS,2011,bovino,38875621,1218543,3478010982.0,30754875,0.791,0.0313,0,0,0,19.13,29.27,8.23,1018.33,74.33,89.33,0.67,17.84,3.0,0.0,0.0,0.0,1.0,0.0,0.0,0.0,1.0,1.0,1.0,0,0,0,0,0,0,0,0,0,0,0,1,0,0,0,0.0,0
Australia,AUS,2011,porcino,12929793,391468,,9902784,0.766,0.0303,0,0,1,19.13,29.27,8.23,1018.33,74.33,89.33,0.67,17.84,3.0,0.0,0.0,0.0,1.0,0.0,0.0,0.0,1.0,1.0,1.0,0,0,0,0,0,0,0,0,0,0,0,1,0,0,0,0.0,0
Australia,AUS,2011,avicola,830201717,1169419,,10864451,0.013,0.0014,0,0,1,19.13,29.27,8.23,1018.33,74.33,89.33,0.67,17.84,3.0,0.0,0.0,0.0,1.0,0.0,0.0,0.0,1.0,1.0,1.0,0,0,0,0,0,0,0,0,0,0,0,1,0,0,0,0.0,0
Australia,AUS,2011,ovino,16837117,126284,27735069.0,9197736,0.546,0.0075,0,0,1,19.13,29.27,8.23,1018.33,74.33,89.33,0.67,17.84,3.0,0.0,0.0,0.0,1.0,0.0,0.0,0.0,1.0,1.0,1.0,0,0,0,0,0,0,0,0,0,0,0,1,0,0,0,0.0,0
Australia,AUS,2011,caprino,7622368,438804,156787852.0,4349133,0.571,0.0576,0,0,0,19.13,29.27,8.23,1018.33,74.33,89.33,0.67,17.84,3.0,0.0,0.0,0.0,1.0,0.0,0.0,0.0,1.0,1.0,1.0,0,0,0,0,0,0,0,0,0,0,0,1,0,0,0,0.0,0
Australia,AUS,2012,bovino,26043395,645425,1288966643.0,38374579,1.473,0.0248,0,0,0,16.43,26.73,9.53,1591.0,53.33,66.67,2.67,28.59,1.0,0.0,0.0,0.0,0.0,0.0,1.0,0.0,0.0,0.0,1.0,0,0,0,0,0,0,0,0,0,0,0,1,0,0,0,0.0,0
Australia,AUS,2012,porcino,17939567,2673658,,8922437,0.497,0.149,0,0,1,16.43,26.73,9.53,1591.0,53.33,66.67,2.67,28.59,1.0,0.0,0.0,0.0,0.0,0.0,1.0,0.0,0.0,0.0,1.0,0,0,0,0,0,0,0,0,0,0,0,1,0,0,0,0.0,0
Australia,AUS,2012,avicola,704171920,231595,,20448587,0.029,0.0003,0,0,1,16.43,26.73,9.53,1591.0,53.33,66.67,2.67,28.59,1.0,0.0,0.0,0.0,0.0,0.0,1.0,0.0,0.0,0.0,1.0,0,0,0,0,0,0,0,0,0,0,0,1,0,0,0,0.0,0
Australia,AUS,2012,ovino,3966817,326723,266042641.0,4748505,1.197,0.0824,0,0,1,16.43,26.73,9.53,1591.0,53.33,66.67,2.67,28.59,1.0,0.0,0.0,0.0,0.0,0.0,1.0,0.0,0.0,0.0,1.0,0,0,0,0,0,0,0,0,0,0,0,1,0,0,0,0.0,0
Australia,AUS,2012,caprino,1119485,180065,223559699.0,4423615,3.951,0.1608,1,0,0,16.43,26.73,9.53,1591.0,53.33,66.67,2.67,28.59,1.0,0.0,0.0,0.0,0.0,0.0,1.0,0.0,0.0,0.0,1.0,0,0,0,0,0,0,0,0,0,0,0,1,0,0,0,0.0,0
Australia,AUS,2013,bovino,5684516,1389210,10795141700.0,26360107,4.637,0.2444,1,0,0,18.57,24.67,11.17,1230.0,51.67,66.33,3.0,18.95,0.0,0.0,0.0,0.0,0.0,0.0,0.0,0.0,0.0,0.0,0.0,0,0,0,0,0,0,0,0,0,0,0,1,0,0,0,0.0,0
Australia,AUS,2013,porcino,2477307,1040338,,8393909,3.388,0.4199,1,0,1,18.57,24.67,11.17,1230.0,51.67,66.33,3.0,18.95,0.0,0.0,0.0,0.0,0.0,0.0,0.0,0.0,0.0,0.0,0.0,0,0,0,0,0,0,0,0,0,0,0,1,0,0,0,0.0,0
Australia,AUS,2013,avicola,661157605,2176658,,23405444,0.035,0.0033,0,0,1,18.57,24.67,11.17,1230.0,51.67,66.33,3.0,18.95,0.0,0.0,0.0,0.0,0.0,0.0,0.0,0.0,0.0,0.0,0.0,0,0,0,0,0,0,0,0,0,0,0,1,0,0,0,0.0,0
Australia,AUS,2013,ovino,1319472,198816,40548831.0,7558334,5.728,0.1507,1,0,1,18.57,24.67,11.17,1230.0,51.67,66.33,3.0,18.95,0.0,0.0,0.0,0.0,0.0,0.0,0.0,0.0,0.0,0.0,0.0,0,0,0,0,0,0,0,0,0,0,0,1,0,0,0,0.0,0
Australia,AUS,2013,caprino,3154478,538654,339072529.0,9314143,2.953,0.1708,1,0,0,18.57,24.67,11.17,1230.0,51.67,66.33,3.0,18.95,0.0,0.0,0.0,0.0,0.0,0.0,0.0,0.0,0.0,0.0,0.0,0,0,0,0,0,0,0,0,0,0,0,1,0,0,0,0.0,0
Australia,AUS,2014,bovino,20371516,425594,476424795.0,36508894,1.792,0.0209,0,0,0,18.9,29.0,12.33,621.33,75.67,34.0,6.0,9.88,3.0,0.0,0.0,0.0,0.0,1.0,1.0,0.0,1.0,0.0,1.0,0,0,0,0,0,0,0,0,0,0,0,1,0,0,0,0.0,0
Australia,AUS,2014,porcino,12313548,1919392,,8554951,0.695,0.1559,0,0,1,18.9,29.0,12.33,621.33,75.67,34.0,6.0,9.88,3.0,0.0,0.0,0.0,0.0,1.0,1.0,0.0,1.0,0.0,1.0,0,0,0,0,0,0,0,0,0,0,0,1,0,0,0,0.0,0
Australia,AUS,2014,avicola,847759038,1798570,,8020234,0.009,0.0021,0,0,1,18.9,29.0,12.33,621.33,75.67,34.0,6.0,9.88,3.0,0.0,0.0,0.0,0.0,1.0,1.0,0.0,1.0,0.0,1.0,0,0,0,0,0,0,0,0,0,0,0,1,0,0,0,0.0,0
Australia,AUS,2014,ovino,2043665,20159,444999191.0,3633421,1.778,0.0099,0,0,1,18.9,29.0,12.33,621.33,75.67,34.0,6.0,9.88,3.0,0.0,0.0,0.0,0.0,1.0,1.0,0.0,1.0,0.0,1.0,0,0,0,0,0,0,0,0,0,0,0,1,0,0,0,0.0,0
Australia,AUS,2014,caprino,13761901,390381,395205275.0,434583,0.032,0.0284,0,0,0,18.9,29.0,12.33,621.33,75.67,34.0,6.0,9.88,3.0,0.0,0.0,0.0,0.0,1.0,1.0,0.0,1.0,0.0,1.0,0,0,0,0,0,0,0,0,0,0,0,1,0,0,0,0.0,0
Australia,AUS,2015,bovino,4251998,3116345,7168007871.0,45052217,10.596,0.7329,1,0,0,20.9,30.8,8.33,1160.0,76.33,78.33,2.33,15.23,3.0,0.0,0.0,1.0,2.0,0.0,0.0,0.0,0.0,0.0,1.0,0,0,0,0,0,0,1,0,0,0,0,1,0,0,0,0.0,0
Australia,AUS,2015,porcino,13960332,2265123,,2647936,0.19,0.1623,0,0,1,20.9,30.8,8.33,1160.0,76.33,78.33,2.33,15.23,3.0,0.0,0.0,1.0,2.0,0.0,0.0,0.0,0.0,0.0,1.0,0,0,0,0,0,0,1,0,0,0,0,1,0,0,0,0.0,0
Australia,AUS,2015,avicola,162026322,2514203,,27481019,0.17,0.0155,0,0,1,20.9,30.8,8.33,1160.0,76.33,78.33,2.33,15.23,3.0,0.0,0.0,1.0,2.0,0.0,0.0,0.0,0.0,0.0,1.0,0,0,0,0,0,0,1,0,0,0,0,1,0,0,0,0.0,0
Australia,AUS,2015,ovino,13056105,199650,109577871.0,6172426,0.473,0.0153,0,0,1,20.9,30.8,8.33,1160.0,76.33,78.33,2.33,15.23,3.0,0.0,0.0,1.0,2.0,0.0,0.0,0.0,0.0,0.0,1.0,0,0,0,0,0,0,1,0,0,0,0,1,0,0,0,0.0,0
Australia,AUS,2015,caprino,2214059,144233,138361792.0,1825116,0.824,0.0651,0,0,0,20.9,30.8,8.33,1160.0,76.33,78.33,2.33,15.23,3.0,0.0,0.0,1.0,2.0,0.0,0.0,0.0,0.0,0.0,1.0,0,0,0,0,0,0,1,0,0,0,0,1,0,0,0,0.0,0
Australia,AUS,2016,bovino,20685608,4476672,3108478467.0,2546927,0.123,0.2164,0,0,0,16.5,23.63,6.5,743.33,61.67,53.0,5.67,12.06,1.0,0.0,0.0,0.0,0.0,0.0,0.0,0.0,1.0,0.0,1.0,0,0,0,0,0,0,1,0,0,0,0,1,0,0,0,0.0,0
Australia,AUS,2016,porcino,8064669,307291,,1620311,0.201,0.0381,0,0,1,16.5,23.63,6.5,743.33,61.67,53.0,5.67,12.06,1.0,0.0,0.0,0.0,0.0,0.0,0.0,0.0,1.0,0.0,1.0,0,0,0,0,0,0,1,0,0,0,0,1,0,0,0,0.0,0
Australia,AUS,2016,avicola,425919197,432088,,9461056,0.022,0.001,0,0,1,16.5,23.63,6.5,743.33,61.67,53.0,5.67,12.06,1.0,0.0,0.0,0.0,0.0,0.0,0.0,0.0,1.0,0.0,1.0,0,0,0,0,0,0,1,0,0,0,0,1,0,0,0,0.0,0
Australia,AUS,2016,ovino,15778136,429626,471048696.0,5621073,0.356,0.0272,0,0,1,16.5,23.63,6.5,743.33,61.67,53.0,5.67,12.06,1.0,0.0,0.0,0.0,0.0,0.0,0.0,0.0,1.0,0.0,1.0,0,0,0,0,0,0,1,0,0,0,0,1,0,0,0,0.0,0
Australia,AUS,2016,caprino,5136497,376593,249194082.0,9486829,1.847,0.0733,0,0,0,16.5,23.63,6.5,743.33,61.67,53.0,5.67,12.06,1.0,0.0,0.0,0.0,0.0,0.0,0.0,0.0,1.0,0.0,1.0,0,0,0,0,0,0,1,0,0,0,0,1,0,0,0,0.0,0
Australia,AUS,2017,bovino,43329090,667562,4446084900.0,36041186,0.832,0.0154,0,0,0,17.13,25.77,5.23,1078.67,60.0,95.33,2.67,20.26,1.0,0.0,0.0,0.0,0.0,1.0,0.0,0.0,0.0,0.0,1.0,0,0,0,0,0,0,1,0,0,0,0,1,0,0,0,0.0,0
Australia,AUS,2017,porcino,15337384,1258640,,9761565,0.636,0.0821,0,0,1,17.13,25.77,5.23,1078.67,60.0,95.33,2.67,20.26,1.0,0.0,0.0,0.0,0.0,1.0,0.0,0.0,0.0,0.0,1.0,0,0,0,0,0,0,1,0,0,0,0,1,0,0,0,0.0,0
Australia,AUS,2017,avicola,396342807,1742152,,19568803,0.049,0.0044,0,0,1,17.13,25.77,5.23,1078.67,60.0,95.33,2.67,20.26,1.0,0.0,0.0,0.0,0.0,1.0,0.0,0.0,0.0,0.0,1.0,0,0,0,0,0,0,1,0,0,0,0,1,0,0,0,0.0,0
Australia,AUS,2017,ovino,8379014,285817,487264849.0,4663537,0.557,0.0341,0,0,1,17.13,25.77,5.23,1078.67,60.0,95.33,2.67,20.26,1.0,0.0,0.0,0.0,0.0,1.0,0.0,0.0,0.0,0.0,1.0,0,0,0,0,0,0,1,0,0,0,0,1,0,0,0,0.0,0
Australia,AUS,2017,caprino,18767821,277081,57742261.0,1036343,0.055,0.0148,0,0,0,17.13,25.77,5.23,1078.67,60.0,95.33,2.67,20.26,1.0,0.0,0.0,0.0,0.0,1.0,0.0,0.0,0.0,0.0,1.0,0,0,0,0,0,0,1,0,0,0,0,1,0,0,0,0.0,0
Australia,AUS,2018,bovino,40271907,5819508,1695222507.0,20664599,0.513,0.1445,0,0,0,20.33,27.83,8.27,586.67,58.67,41.67,5.33,7.92,3.0,0.0,0.0,0.0,0.0,0.0,1.0,0.0,1.0,1.0,1.0,0,0,1,0,0,0,1,0,0,0,0,1,0,0,0,0.0,0
Australia,AUS,2018,porcino,23123018,1371995,,7221766,0.312,0.0593,0,0,1,20.33,27.83,8.27,586.67,58.67,41.67,5.33,7.92,3.0,0.0,0.0,0.0,0.0,0.0,1.0,0.0,1.0,1.0,1.0,0,0,1,0,0,0,1,0,0,0,0,1,0,0,0,0.0,0
Australia,AUS,2018,avicola,289619891,455392,,17194491,0.059,0.0016,0,0,1,20.33,27.83,8.27,586.67,58.67,41.67,5.33,7.92,3.0,0.0,0.0,0.0,0.0,0.0,1.0,0.0,1.0,1.0,1.0,0,0,1,0,0,0,1,0,0,0,0,1,0,0,0,0.0,0
Australia,AUS,2018,ovino,5887324,29114,154393891.0,9156928,1.555,0.0049,0,0,1,20.33,27.83,8.27,586.67,58.67,41.67,5.33,7.92,3.0,0.0,0.0,0.0,0.0,0.0,1.0,0.0,1.0,1.0,1.0,0,0,1,0,0,0,1,0,0,0,0,1,0,0,0,0.0,0
Australia,AUS,2018,caprino,20672731,87819,15481508.0,11462853,0.554,0.0042,0,0,0,20.33,27.83,8.27,586.67,58.67,41.67,5.33,7.92,3.0,0.0,0.0,0.0,0.0,0.0,1.0,0.0,1.0,1.0,1.0,0,0,1,0,0,0,1,0,0,0,0,1,0,0,0,0.0,0
Australia,AUS,2019,bovino,26750881,3328945,9535616831.0,29575509,1.106,0.1244,0,0,0,18.27,28.33,9.67,1041.0,47.67,61.67,1.0,16.09,1.0,0.0,1.0,0.0,0.0,0.0,0.0,0.0,0.0,0.0,1.0,0,0,1,0,0,0,1,0,0,0,0,1,0,0,0,0.0,0
Australia,AUS,2019,porcino,4739540,498072,,7364693,1.554,0.1051,0,0,1,18.27,28.33,9.67,1041.0,47.67,61.67,1.0,16.09,1.0,0.0,1.0,0.0,0.0,0.0,0.0,0.0,0.0,0.0,1.0,0,0,1,0,0,0,1,0,0,0,0,1,0,0,0,0.0,0
Australia,AUS,2019,avicola,590190361,1626459,,2331420,0.004,0.0028,0,0,1,18.27,28.33,9.67,1041.0,47.67,61.67,1.0,16.09,1.0,0.0,1.0,0.0,0.0,0.0,0.0,0.0,0.0,0.0,1.0,0,0,1,0,0,0,1,0,0,0,0,1,0,0,0,0.0,0
Australia,AUS,2019,ovino,12318677,226076,22679914.0,3675137,0.298,0.0184,0,0,1,18.27,28.33,9.67,1041.0,47.67,61.67,1.0,16.09,1.0,0.0,1.0,0.0,0.0,0.0,0.0,0.0,0.0,0.0,1.0,0,0,1,0,0,0,1,0,0,0,0,1,0,0,0,0.0,0
Australia,AUS,2019,caprino,5378567,302617,199548914.0,7788701,1.448,0.0563,0,0,0,18.27,28.33,9.67,1041.0,47.67,61.67,1.0,16.09,1.0,0.0,1.0,0.0,0.0,0.0,0.0,0.0,0.0,0.0,1.0,0,0,1,0,0,0,1,0,0,0,0,1,0,0,0,0.0,0
Australia,AUS,2020,bovino,30803432,448343,11662863197.0,26701879,0.867,0.0146,0,0,0,16.67,27.53,8.03,1281.33,65.0,66.0,1.33,21.33,3.0,0.0,1.0,1.0,1.0,0.0,0.0,0.0,0.0,0.0,1.0,0,0,1,0,0,0,1,0,0,0,0,1,0,0,0,0.0,0
Australia,AUS,2020,porcino,10518736,290792,,8424856,0.801,0.0276,0,0,1,16.67,27.53,8.03,1281.33,65.0,66.0,1.33,21.33,3.0,0.0,1.0,1.0,1.0,0.0,0.0,0.0,0.0,0.0,1.0,0,0,1,0,0,0,1,0,0,0,0,1,0,0,0,0.0,0
Australia,AUS,2020,avicola,940816632,1422173,,21601921,0.023,0.0015,0,0,1,16.67,27.53,8.03,1281.33,65.0,66.0,1.33,21.33,3.0,0.0,1.0,1.0,1.0,0.0,0.0,0.0,0.0,0.0,1.0,0,0,1,0,0,0,1,0,0,0,0,1,0,0,0,0.0,0
Australia,AUS,2020,ovino,2112175,460017,62983272.0,10077377,4.771,0.2178,1,0,1,16.67,27.53,8.03,1281.33,65.0,66.0,1.33,21.33,3.0,0.0,1.0,1.0,1.0,0.0,0.0,0.0,0.0,0.0,1.0,0,0,1,0,0,0,1,0,0,0,0,1,0,0,0,0.0,0
Australia,AUS,2020,caprino,10673286,501074,316106116.0,8671797,0.812,0.0469,0,0,0,16.67,27.53,8.03,1281.33,65.0,66.0,1.33,21.33,3.0,0.0,1.0,1.0,1.0,0.0,0.0,0.0,0.0,0.0,1.0,0,0,1,0,0,0,1,0,0,0,0,1,0,0,0,0.0,0
México,MEX,2011,bovino,49892382,4878514,1132339057.0,26926028,0.54,0.0978,0,0,0,16.5,24.9,8.1,796.0,45.0,113.0,7.0,13.4,0.0,0.0,0.0,0.0,0.0,0.0,0.0,0.0,0.0,0.0,0.0,0,0,0,0,0,0,0,1,0,0,1,0,0,0,1,24.0,0
México,MEX,2011,porcino,8490586,652884,,754470,0.089,0.0769,0,0,1,16.5,24.9,8.1,796.0,45.0,113.0,7.0,13.4,0.0,0.0,0.0,0.0,0.0,0.0,0.0,0.0,0.0,0.0,0.0,0,0,0,0,0,0,0,1,0,0,1,0,0,0,1,24.0,0
México,MEX,2011,avicola,770570208,709158,,4063323,0.005,0.0009,0,0,1,16.5,24.9,8.1,796.0,45.0,113.0,7.0,13.4,0.0,0.0,0.0,0.0,0.0,0.0,0.0,0.0,0.0,0.0,0.0,0,0,0,0,0,0,0,1,0,0,1,0,0,0,1,24.0,0
México,MEX,2011,ovino,18402703,161317,182602586.0,9754966,0.53,0.0088,0,0,1,16.5,24.9,8.1,796.0,45.0,113.0,7.0,13.4,0.0,0.0,0.0,0.0,0.0,0.0,0.0,0.0,0.0,0.0,0.0,0,0,0,0,0,0,0,1,0,0,1,0,0,0,1,24.0,0
México,MEX,2011,caprino,9574694,201399,149309665.0,4452526,0.465,0.021,0,0,0,16.5,24.9,8.1,796.0,45.0,113.0,7.0,13.4,0.0,0.0,0.0,0.0,0.0,0.0,0.0,0.0,0.0,0.0,0.0,0,0,0,0,0,0,0,1,0,0,1,0,0,0,1,24.0,0
México,MEX,2012,bovino,44025923,161674,5086798137.0,41229999,0.936,0.0037,0,0,0,15.9,30.8,3.0,549.0,82.0,25.0,3.0,9.59,0.0,0.0,0.0,0.0,0.0,0.0,0.0,0.0,0.0,0.0,0.0,0,0,0,0,0,0,0,1,0,0,1,0,0,0,1,24.0,0
México,MEX,2012,porcino,9609518,871067,,8144003,0.847,0.0906,0,0,1,15.9,30.8,3.0,549.0,82.0,25.0,3.0,9.59,0.0,0.0,0.0,0.0,0.0,0.0,0.0,0.0,0.0,0.0,0.0,0,0,0,0,0,0,0,1,0,0,1,0,0,0,1,24.0,0
México,MEX,2012,avicola,457010701,114509,,16076375,0.035,0.0003,0,0,1,15.9,30.8,3.0,549.0,82.0,25.0,3.0,9.59,0.0,0.0,0.0,0.0,0.0,0.0,0.0,0.0,0.0,0.0,0.0,0,0,0,0,0,0,0,1,0,0,1,0,0,0,1,24.0,0
México,MEX,2012,ovino,11972191,254332,339149986.0,9348868,0.781,0.0212,0,0,1,15.9,30.8,3.0,549.0,82.0,25.0,3.0,9.59,0.0,0.0,0.0,0.0,0.0,0.0,0.0,0.0,0.0,0.0,0.0,0,0,0,0,0,0,0,1,0,0,1,0,0,0,1,24.0,0
México,MEX,2012,caprino,2191994,335860,46450575.0,5152170,2.35,0.1532,0,0,0,15.9,30.8,3.0,549.0,82.0,25.0,3.0,9.59,0.0,0.0,0.0,0.0,0.0,0.0,0.0,0.0,0.0,0.0,0.0,0,0,0,0,0,0,0,1,0,0,1,0,0,0,1,24.0,0
México,MEX,2013,bovino,37167970,2624985,4004951416.0,29882788,0.804,0.0706,0,0,0,25.1,34.3,18.4,807.0,56.0,24.0,4.0,8.93,3.0,0.0,0.0,1.0,0.0,1.0,0.0,1.0,0.0,0.0,1.0,0,0,0,0,1,0,0,1,0,0,1,0,0,0,1,24.0,0
México,MEX,2013,porcino,9444418,1149470,,8513757,0.901,0.1217,0,0,1,25.1,34.3,18.4,807.0,56.0,24.0,4.0,8.93,3.0,0.0,0.0,1.0,0.0,1.0,0.0,1.0,0.0,0.0,1.0,0,0,0,0,1,0,0,1,0,0,1,0,0,0,1,24.0,0
México,MEX,2013,avicola,764628133,525615,,6688551,0.009,0.0007,0,0,1,25.1,34.3,18.4,807.0,56.0,24.0,4.0,8.93,3.0,0.0,0.0,1.0,0.0,1.0,0.0,1.0,0.0,0.0,1.0,0,0,0,0,1,0,0,1,0,0,1,0,0,0,1,24.0,0
México,MEX,2013,ovino,1677364,124300,60152967.0,730171,0.435,0.0741,0,0,1,25.1,34.3,18.4,807.0,56.0,24.0,4.0,8.93,3.0,0.0,0.0,1.0,0.0,1.0,0.0,1.0,0.0,0.0,1.0,0,0,0,0,1,0,0,1,0,0,1,0,0,0,1,24.0,0
México,MEX,2013,caprino,17166158,459221,237972251.0,9894362,0.576,0.0268,0,0,0,25.1,34.3,18.4,807.0,56.0,24.0,4.0,8.93,3.0,0.0,0.0,1.0,0.0,1.0,0.0,1.0,0.0,0.0,1.0,0,0,0,0,1,0,0,1,0,0,1,0,0,0,1,24.0,0
México,MEX,2014,bovino,44470212,2287962,1290452236.0,54249914,1.22,0.0514,0,0,0,18.9,24.4,11.5,1196.0,59.0,33.0,1.0,17.58,0.0,0.0,0.0,0.0,0.0,0.0,0.0,0.0,0.0,0.0,0.0,0,0,0,0,1,0,0,1,0,0,1,0,0,0,1,24.0,0
México,MEX,2014,porcino,11543100,2211073,,11725684,1.016,0.1915,0,0,1,18.9,24.4,11.5,1196.0,59.0,33.0,1.0,17.58,0.0,0.0,0.0,0.0,0.0,0.0,0.0,0.0,0.0,0.0,0.0,0,0,0,0,1,0,0,1,0,0,1,0,0,0,1,24.0,0
México,MEX,2014,avicola,238571653,785894,,4396929,0.018,0.0033,0,0,1,18.9,24.4,11.5,1196.0,59.0,33.0,1.0,17.58,0.0,0.0,0.0,0.0,0.0,0.0,0.0,0.0,0.0,0.0,0.0,0,0,0,0,1,0,0,1,0,0,1,0,0,0,1,24.0,0
México,MEX,2014,ovino,14739026,63466,270645176.0,1380400,0.094,0.0043,0,0,1,18.9,24.4,11.5,1196.0,59.0,33.0,1.0,17.58,0.0,0.0,0.0,0.0,0.0,0.0,0.0,0.0,0.0,0.0,0.0,0,0,0,0,1,0,0,1,0,0,1,0,0,0,1,24.0,0
México,MEX,2014,caprino,10337339,286196,187683712.0,6663478,0.645,0.0277,0,0,0,18.9,24.4,11.5,1196.0,59.0,33.0,1.0,17.58,0.0,0.0,0.0,0.0,0.0,0.0,0.0,0.0,0.0,0.0,0.0,0,0,0,0,1,0,0,1,0,0,1,0,0,0,1,24.0,0
México,MEX,2015,bovino,33103923,2709851,687913412.0,25608659,0.774,0.0819,0,0,0,15.4,27.0,7.1,901.0,42.0,16.0,3.0,16.25,0.0,0.0,0.0,0.0,0.0,0.0,0.0,0.0,0.0,0.0,0.0,0,0,0,0,1,0,0,1,0,0,1,0,0,0,1,24.0,0
México,MEX,2015,porcino,15525313,1856039,,9060993,0.584,0.1195,0,0,1,15.4,27.0,7.1,901.0,42.0,16.0,3.0,16.25,0.0,0.0,0.0,0.0,0.0,0.0,0.0,0.0,0.0,0.0,0.0,0,0,0,0,1,0,0,1,0,0,1,0,0,0,1,24.0,0
México,MEX,2015,avicola,453097215,1221181,,12207481,0.027,0.0027,0,0,1,15.4,27.0,7.1,901.0,42.0,16.0,3.0,16.25,0.0,0.0,0.0,0.0,0.0,0.0,0.0,0.0,0.0,0.0,0.0,0,0,0,0,1,0,0,1,0,0,1,0,0,0,1,24.0,0
México,MEX,2015,ovino,6769714,247007,29876044.0,6209637,0.917,0.0365,0,0,1,15.4,27.0,7.1,901.0,42.0,16.0,3.0,16.25,0.0,0.0,0.0,0.0,0.0,0.0,0.0,0.0,0.0,0.0,0.0,0,0,0,0,1,0,0,1,0,0,1,0,0,0,1,24.0,0
México,MEX,2015,caprino,23799887,22003,68262005.0,4365527,0.183,0.0009,0,0,0,15.4,27.0,7.1,901.0,42.0,16.0,3.0,16.25,0.0,0.0,0.0,0.0,0.0,0.0,0.0,0.0,0.0,0.0,0.0,0,0,0,0,1,0,0,1,0,0,1,0,0,0,1,24.0,0
México,MEX,2016,bovino,36681485,4484404,7650098736.0,16032611,0.437,0.1223,0,0,0,21.6,35.6,12.8,1453.0,42.0,88.0,1.0,18.69,0.0,0.0,0.0,0.0,0.0,0.0,0.0,0.0,0.0,0.0,0.0,0,0,0,0,1,0,0,1,0,0,1,0,0,0,1,24.0,0
México,MEX,2016,porcino,1505186,2697022,,11978928,7.958,1.0,1,1,1,21.6,35.6,12.8,1453.0,42.0,88.0,1.0,18.69,0.0,0.0,0.0,0.0,0.0,0.0,0.0,0.0,0.0,0.0,0.0,0,0,0,0,1,0,0,1,0,0,1,0,0,0,1,24.0,0
México,MEX,2016,avicola,1079124244,1923692,,4780847,0.004,0.0018,0,0,1,21.6,35.6,12.8,1453.0,42.0,88.0,1.0,18.69,0.0,0.0,0.0,0.0,0.0,0.0,0.0,0.0,0.0,0.0,0.0,0,0,0,0,1,0,0,1,0,0,1,0,0,0,1,24.0,0
México,MEX,2016,ovino,8751992,347778,311884532.0,11234636,1.284,0.0397,0,0,1,21.6,35.6,12.8,1453.0,42.0,88.0,1.0,18.69,0.0,0.0,0.0,0.0,0.0,0.0,0.0,0.0,0.0,0.0,0.0,0,0,0,0,1,0,0,1,0,0,1,0,0,0,1,24.0,0
México,MEX,2016,caprino,17745141,362472,496063035.0,2689933,0.152,0.0204,0,0,0,21.6,35.6,12.8,1453.0,42.0,88.0,1.0,18.69,0.0,0.0,0.0,0.0,0.0,0.0,0.0,0.0,0.0,0.0,0.0,0,0,0,0,1,0,0,1,0,0,1,0,0,0,1,24.0,0
México,MEX,2017,bovino,40896815,540659,7752646244.0,50802754,1.242,0.0132,0,0,0,19.6,28.7,11.2,1274.0,62.0,92.0,3.0,18.06,0.0,0.0,0.0,0.0,0.0,0.0,0.0,0.0,0.0,0.0,0.0,0,0,0,0,1,0,0,1,0,0,1,0,0,0,1,24.0,0
México,MEX,2017,porcino,14631075,1367019,,4797427,0.328,0.0934,0,0,1,19.6,28.7,11.2,1274.0,62.0,92.0,3.0,18.06,0.0,0.0,0.0,0.0,0.0,0.0,0.0,0.0,0.0,0.0,0.0,0,0,0,0,1,0,0,1,0,0,1,0,0,0,1,24.0,0
México,MEX,2017,avicola,631807603,729784,,9383470,0.015,0.0012,0,0,1,19.6,28.7,11.2,1274.0,62.0,92.0,3.0,18.06,0.0,0.0,0.0,0.0,0.0,0.0,0.0,0.0,0.0,0.0,0.0,0,0,0,0,1,0,0,1,0,0,1,0,0,0,1,24.0,0
México,MEX,2017,ovino,15242549,157547,305871566.0,6726356,0.441,0.0103,0,0,1,19.6,28.7,11.2,1274.0,62.0,92.0,3.0,18.06,0.0,0.0,0.0,0.0,0.0,0.0,0.0,0.0,0.0,0.0,0.0,0,0,0,0,1,0,0,1,0,0,1,0,0,0,1,24.0,0
México,MEX,2017,caprino,4867136,457052,160578429.0,9387469,1.929,0.0939,0,0,0,19.6,28.7,11.2,1274.0,62.0,92.0,3.0,18.06,0.0,0.0,0.0,0.0,0.0,0.0,0.0,0.0,0.0,0.0,0.0,0,0,0,0,1,0,0,1,0,0,1,0,0,0,1,24.0,0
México,MEX,2018,bovino,32216048,3486832,5241226365.0,43631341,1.354,0.1082,0,0,0,13.3,19.1,1.6,442.0,60.0,110.0,11.0,9.23,0.0,0.0,0.0,0.0,0.0,0.0,0.0,0.0,0.0,0.0,0.0,1,0,0,0,1,0,0,1,0,0,1,0,0,0,1,24.0,0
México,MEX,2018,porcino,15106652,3390061,,10291894,0.681,0.2244,0,0,1,13.3,19.1,1.6,442.0,60.0,110.0,11.0,9.23,0.0,0.0,0.0,0.0,0.0,0.0,0.0,0.0,0.0,0.0,0.0,1,0,0,0,1,0,0,1,0,0,1,0,0,0,1,24.0,0
México,MEX,2018,avicola,468145614,1694943,,14589007,0.031,0.0036,0,0,1,13.3,19.1,1.6,442.0,60.0,110.0,11.0,9.23,0.0,0.0,0.0,0.0,0.0,0.0,0.0,0.0,0.0,0.0,0.0,1,0,0,0,1,0,0,1,0,0,1,0,0,0,1,24.0,0
México,MEX,2018,ovino,5573343,642456,378182830.0,5515348,0.99,0.1153,0,0,1,13.3,19.1,1.6,442.0,60.0,110.0,11.0,9.23,0.0,0.0,0.0,0.0,0.0,0.0,0.0,0.0,0.0,0.0,0.0,1,0,0,0,1,0,0,1,0,0,1,0,0,0,1,24.0,0
México,MEX,2018,caprino,16387548,427882,374786996.0,2886106,0.176,0.0261,0,0,0,13.3,19.1,1.6,442.0,60.0,110.0,11.0,9.23,0.0,0.0,0.0,0.0,0.0,0.0,0.0,0.0,0.0,0.0,0.0,1,0,0,0,1,0,0,1,0,0,1,0,0,0,1,24.0,0
México,MEX,2019,bovino,21874167,3148741,1456962206.0,6987809,0.319,0.1439,0,0,0,18.6,24.2,7.9,489.0,55.0,99.0,8.0,7.3,1.0,0.0,0.0,0.0,0.0,0.0,1.0,0.0,0.0,0.0,1.0,1,0,0,0,1,0,0,1,0,0,1,0,0,0,1,24.0,0
México,MEX,2019,porcino,19875726,823048,,11579502,0.583,0.0414,0,0,1,18.6,24.2,7.9,489.0,55.0,99.0,8.0,7.3,1.0,0.0,0.0,0.0,0.0,0.0,1.0,0.0,0.0,0.0,1.0,1,0,0,0,1,0,0,1,0,0,1,0,0,0,1,24.0,0
México,MEX,2019,avicola,1383812294,2512713,,11169454,0.008,0.0018,0,0,1,18.6,24.2,7.9,489.0,55.0,99.0,8.0,7.3,1.0,0.0,0.0,0.0,0.0,0.0,1.0,0.0,0.0,0.0,1.0,1,0,0,0,1,0,0,1,0,0,1,0,0,0,1,24.0,0
México,MEX,2019,ovino,16614677,14273,97327578.0,2311333,0.139,0.0009,0,0,1,18.6,24.2,7.9,489.0,55.0,99.0,8.0,7.3,1.0,0.0,0.0,0.0,0.0,0.0,1.0,0.0,0.0,0.0,1.0,1,0,0,0,1,0,0,1,0,0,1,0,0,0,1,24.0,0
México,MEX,2019,caprino,24773930,501847,663034925.0,10599361,0.428,0.0203,0,0,0,18.6,24.2,7.9,489.0,55.0,99.0,8.0,7.3,1.0,0.0,0.0,0.0,0.0,0.0,1.0,0.0,0.0,0.0,1.0,1,0,0,0,1,0,0,1,0,0,1,0,0,0,1,24.0,0
México,MEX,2020,bovino,12535203,443969,10413409767.0,3444995,0.275,0.0354,0,0,0,12.0,17.7,1.2,427.0,69.0,80.0,10.0,9.88,0.0,0.0,0.0,0.0,0.0,0.0,0.0,0.0,0.0,0.0,0.0,1,0,0,0,1,0,0,1,0,0,1,0,0,0,1,24.0,0
México,MEX,2020,porcino,4395374,976278,,13616187,3.098,0.2221,1,0,1,12.0,17.7,1.2,427.0,69.0,80.0,10.0,9.88,0.0,0.0,0.0,0.0,0.0,0.0,0.0,0.0,0.0,0.0,0.0,1,0,0,0,1,0,0,1,0,0,1,0,0,0,1,24.0,0
México,MEX,2020,avicola,1035853533,958817,,15917104,0.015,0.0009,0,0,1,12.0,17.7,1.2,427.0,69.0,80.0,10.0,9.88,0.0,0.0,0.0,0.0,0.0,0.0,0.0,0.0,0.0,0.0,0.0,1,0,0,0,1,0,0,1,0,0,1,0,0,0,1,24.0,0
México,MEX,2020,ovino,18180971,496996,401223271.0,5569344,0.306,0.0273,0,0,1,12.0,17.7,1.2,427.0,69.0,80.0,10.0,9.88,0.0,0.0,0.0,0.0,0.0,0.0,0.0,0.0,0.0,0.0,0.0,1,0,0,0,1,0,0,1,0,0,1,0,0,0,1,24.0,0
México,MEX,2020,caprino,4997828,224414,595457731.0,7103652,1.421,0.0449,0,0,0,12.0,17.7,1.2,427.0,69.0,80.0,10.0,9.88,0.0,0.0,0.0,0.0,0.0,0.0,0.0,0.0,0.0,0.0,0.0,1,0,0,0,1,0,0,1,0,0,1,0,0,0,1,24.0,0
Kenia,KEN,2011,bovino,44351801,998413,204374528.0,25974829,0.586,0.0225,0,0,0,21.9,36.1,7.6,1055.0,51.0,11.0,1.0,13.38,0.0,0.0,0.0,0.0,0.0,0.0,0.0,0.0,0.0,0.0,0.0,0,0,0,0,0,0,0,0,0,0,0,0,0,1,0,0.0,0
Kenia,KEN,2011,porcino,14672435,2833354,,8301858,0.566,0.1931,0,0,1,21.9,36.1,7.6,1055.0,51.0,11.0,1.0,13.38,0.0,0.0,0.0,0.0,0.0,0.0,0.0,0.0,0.0,0.0,0.0,0,0,0,0,0,0,0,0,0,0,0,0,0,1,0,0.0,0
Kenia,KEN,2011,avicola,475099695,716154,,26776851,0.056,0.0015,0,0,1,21.9,36.1,7.6,1055.0,51.0,11.0,1.0,13.38,0.0,0.0,0.0,0.0,0.0,0.0,0.0,0.0,0.0,0.0,0.0,0,0,0,0,0,0,0,0,0,0,0,0,0,1,0,0.0,0
Kenia,KEN,2011,ovino,4768200,406730,102847535.0,10432192,2.188,0.0853,0,0,1,21.9,36.1,7.6,1055.0,51.0,11.0,1.0,13.38,0.0,0.0,0.0,0.0,0.0,0.0,0.0,0.0,0.0,0.0,0.0,0,0,0,0,0,0,0,0,0,0,0,0,0,1,0,0.0,0
Kenia,KEN,2011,caprino,17511137,49983,83513681.0,235557,0.013,0.0029,0,0,0,21.9,36.1,7.6,1055.0,51.0,11.0,1.0,13.38,0.0,0.0,0.0,0.0,0.0,0.0,0.0,0.0,0.0,0.0,0.0,0,0,0,0,0,0,0,0,0,0,0,0,0,1,0,0.0,0
Kenia,KEN,2012,bovino,25429307,3795870,5835299128.0,29970474,1.179,0.1493,0,0,0,20.6,30.9,10.8,440.0,52.0,90.0,11.0,5.93,3.0,1.0,0.0,0.0,0.0,0.0,1.0,0.0,1.0,0.0,1.0,0,0,0,0,0,0,0,0,0,0,0,0,0,1,0,0.0,0
Kenia,KEN,2012,porcino,9887823,507247,,4403899,0.445,0.0513,0,0,1,20.6,30.9,10.8,440.0,52.0,90.0,11.0,5.93,3.0,1.0,0.0,0.0,0.0,0.0,1.0,0.0,1.0,0.0,1.0,0,0,0,0,0,0,0,0,0,0,0,0,0,1,0,0.0,0
Kenia,KEN,2012,avicola,379295758,207856,,20581555,0.054,0.0005,0,0,1,20.6,30.9,10.8,440.0,52.0,90.0,11.0,5.93,3.0,1.0,0.0,0.0,0.0,0.0,1.0,0.0,1.0,0.0,1.0,0,0,0,0,0,0,0,0,0,0,0,0,0,1,0,0.0,0
Kenia,KEN,2012,ovino,17671443,308976,272845308.0,7258197,0.411,0.0175,0,0,1,20.6,30.9,10.8,440.0,52.0,90.0,11.0,5.93,3.0,1.0,0.0,0.0,0.0,0.0,1.0,0.0,1.0,0.0,1.0,0,0,0,0,0,0,0,0,0,0,0,0,0,1,0,0.0,0
Kenia,KEN,2012,caprino,14174966,188484,445483088.0,3389279,0.239,0.0133,0,0,0,20.6,30.9,10.8,440.0,52.0,90.0,11.0,5.93,3.0,1.0,0.0,0.0,0.0,0.0,1.0,0.0,1.0,0.0,1.0,0,0,0,0,0,0,0,0,0,0,0,0,0,1,0,0.0,0
Kenia,KEN,2013,bovino,3837167,1828274,9845038240.0,42559055,11.091,0.4765,1,0,0,23.9,33.3,13.8,939.0,45.0,22.0,0.0,10.91,0.0,0.0,0.0,0.0,0.0,0.0,0.0,0.0,0.0,0.0,0.0,0,0,0,0,0,0,0,0,0,0,0,0,0,1,0,0.0,0
Kenia,KEN,2013,porcino,11733265,1249586,,3164444,0.27,0.1065,0,0,1,23.9,33.3,13.8,939.0,45.0,22.0,0.0,10.91,0.0,0.0,0.0,0.0,0.0,0.0,0.0,0.0,0.0,0.0,0.0,0,0,0,0,0,0,0,0,0,0,0,0,0,1,0,0.0,0
Kenia,KEN,2013,avicola,291212806,1106003,,15523451,0.053,0.0038,0,0,1,23.9,33.3,13.8,939.0,45.0,22.0,0.0,10.91,0.0,0.0,0.0,0.0,0.0,0.0,0.0,0.0,0.0,0.0,0.0,0,0,0,0,0,0,0,0,0,0,0,0,0,1,0,0.0,0
Kenia,KEN,2013,ovino,6620040,180468,569077400.0,5142789,0.777,0.0273,0,0,1,23.9,33.3,13.8,939.0,45.0,22.0,0.0,10.91,0.0,0.0,0.0,0.0,0.0,0.0,0.0,0.0,0.0,0.0,0.0,0,0,0,0,0,0,0,0,0,0,0,0,0,1,0,0.0,0
Kenia,KEN,2013,caprino,3502155,474980,120647396.0,4630981,1.322,0.1356,0,0,0,23.9,33.3,13.8,939.0,45.0,22.0,0.0,10.91,0.0,0.0,0.0,0.0,0.0,0.0,0.0,0.0,0.0,0.0,0.0,0,0,0,0,0,0,0,0,0,0,0,0,0,1,0,0.0,0
Kenia,KEN,2014,bovino,16227233,5105433,3536511915.0,3091945,0.191,0.3146,0,0,0,25.7,32.6,17.5,634.0,54.0,20.0,4.0,6.85,1.0,0.0,0.0,0.0,0.0,0.0,0.0,0.0,1.0,0.0,1.0,0,0,0,0,0,0,0,0,0,0,0,0,0,1,0,0.0,0
Kenia,KEN,2014,porcino,2111691,2722743,,10969161,5.194,1.0,1,1,1,25.7,32.6,17.5,634.0,54.0,20.0,4.0,6.85,1.0,0.0,0.0,0.0,0.0,0.0,0.0,0.0,1.0,0.0,1.0,0,0,0,0,0,0,0,0,0,0,0,0,0,1,0,0.0,0
Kenia,KEN,2014,avicola,9453129,1302869,,33533413,3.547,0.1378,1,0,1,25.7,32.6,17.5,634.0,54.0,20.0,4.0,6.85,1.0,0.0,0.0,0.0,0.0,0.0,0.0,0.0,1.0,0.0,1.0,0,0,0,0,0,0,0,0,0,0,0,0,0,1,0,0.0,0
Kenia,KEN,2014,ovino,12947802,115964,157374286.0,10069934,0.778,0.009,0,0,1,25.7,32.6,17.5,634.0,54.0,20.0,4.0,6.85,1.0,0.0,0.0,0.0,0.0,0.0,0.0,0.0,1.0,0.0,1.0,0,0,0,0,0,0,0,0,0,0,0,0,0,1,0,0.0,0
Kenia,KEN,2014,caprino,15014568,278817,67926889.0,7734279,0.515,0.0186,0,0,0,25.7,32.6,17.5,634.0,54.0,20.0,4.0,6.85,1.0,0.0,0.0,0.0,0.0,0.0,0.0,0.0,1.0,0.0,1.0,0,0,0,0,0,0,0,0,0,0,0,0,0,1,0,0.0,0
Kenia,KEN,2015,bovino,7790528,984647,5736089309.0,17390832,2.232,0.1264,0,0,0,15.3,24.6,2.1,1257.0,55.0,67.0,1.0,22.82,0.0,0.0,0.0,0.0,0.0,0.0,0.0,0.0,0.0,0.0,0.0,0,0,0,0,0,0,0,0,0,0,0,0,0,1,0,0.0,0
Kenia,KEN,2015,porcino,5810868,1447243,,14581559,2.509,0.2491,1,0,1,15.3,24.6,2.1,1257.0,55.0,67.0,1.0,22.82,0.0,0.0,0.0,0.0,0.0,0.0,0.0,0.0,0.0,0.0,0.0,0,0,0,0,0,0,0,0,0,0,0,0,0,1,0,0.0,0
Kenia,KEN,2015,avicola,445975051,2090897,,4278221,0.01,0.0047,0,0,1,15.3,24.6,2.1,1257.0,55.0,67.0,1.0,22.82,0.0,0.0,0.0,0.0,0.0,0.0,0.0,0.0,0.0,0.0,0.0,0,0,0,0,0,0,0,0,0,0,0,0,0,1,0,0.0,0
Kenia,KEN,2015,ovino,7180758,369216,38156283.0,5340328,0.744,0.0514,0,0,1,15.3,24.6,2.1,1257.0,55.0,67.0,1.0,22.82,0.0,0.0,0.0,0.0,0.0,0.0,0.0,0.0,0.0,0.0,0.0,0,0,0,0,0,0,0,0,0,0,0,0,0,1,0,0.0,0
Kenia,KEN,2015,caprino,12915344,171137,278214288.0,9946551,0.77,0.0133,0,0,0,15.3,24.6,2.1,1257.0,55.0,67.0,1.0,22.82,0.0,0.0,0.0,0.0,0.0,0.0,0.0,0.0,0.0,0.0,0.0,0,0,0,0,0,0,0,0,0,0,0,0,0,1,0,0.0,0
Kenia,KEN,2016,bovino,7788965,3509494,5817872638.0,10095317,1.296,0.4506,0,0,0,10.7,19.1,-1.6,1249.0,79.0,96.0,3.0,32.42,1.0,0.0,0.0,0.0,0.0,0.0,0.0,0.0,1.0,0.0,1.0,0,0,0,0,0,0,0,0,0,0,0,0,0,1,0,0.0,0
Kenia,KEN,2016,porcino,22621320,1800224,,4644960,0.205,0.0796,0,0,1,10.7,19.1,-1.6,1249.0,79.0,96.0,3.0,32.42,1.0,0.0,0.0,0.0,0.0,0.0,0.0,0.0,1.0,0.0,1.0,0,0,0,0,0,0,0,0,0,0,0,0,0,1,0,0.0,0
Kenia,KEN,2016,avicola,639409699,1669975,,19795076,0.031,0.0026,0,0,1,10.7,19.1,-1.6,1249.0,79.0,96.0,3.0,32.42,1.0,0.0,0.0,0.0,0.0,0.0,0.0,0.0,1.0,0.0,1.0,0,0,0,0,0,0,0,0,0,0,0,0,0,1,0,0.0,0
Kenia,KEN,2016,ovino,329706,139100,76331987.0,10320932,31.303,0.4219,1,0,1,10.7,19.1,-1.6,1249.0,79.0,96.0,3.0,32.42,1.0,0.0,0.0,0.0,0.0,0.0,0.0,0.0,1.0,0.0,1.0,0,0,0,0,0,0,0,0,0,0,0,0,0,1,0,0.0,0
Kenia,KEN,2016,caprino,8034060,386667,113468183.0,4914781,0.612,0.0481,0,0,0,10.7,19.1,-1.6,1249.0,79.0,96.0,3.0,32.42,1.0,0.0,0.0,0.0,0.0,0.0,0.0,0.0,1.0,0.0,1.0,0,0,0,0,0,0,0,0,0,0,0,0,0,1,0,0.0,0
Kenia,KEN,2017,bovino,31067233,1501277,6902781978.0,18506956,0.596,0.0483,0,0,0,23.1,37.3,14.5,430.0,83.0,77.0,12.0,5.17,3.0,0.0,1.0,0.0,0.0,1.0,0.0,0.0,1.0,0.0,1.0,0,0,0,0,0,0,0,0,0,0,0,0,0,1,0,0.0,0
Kenia,KEN,2017,porcino,4294202,2798283,,18379872,4.28,0.6516,1,0,1,23.1,37.3,14.5,430.0,83.0,77.0,12.0,5.17,3.0,0.0,1.0,0.0,0.0,1.0,0.0,0.0,1.0,0.0,1.0,0,0,0,0,0,0,0,0,0,0,0,0,0,1,0,0.0,0
Kenia,KEN,2017,avicola,207364604,95794,,13980875,0.067,0.0005,0,0,1,23.1,37.3,14.5,430.0,83.0,77.0,12.0,5.17,3.0,0.0,1.0,0.0,0.0,1.0,0.0,0.0,1.0,0.0,1.0,0,0,0,0,0,0,0,0,0,0,0,0,0,1,0,0.0,0
Kenia,KEN,2017,ovino,16608758,288062,99108635.0,2733472,0.165,0.0173,0,0,1,23.1,37.3,14.5,430.0,83.0,77.0,12.0,5.17,3.0,0.0,1.0,0.0,0.0,1.0,0.0,0.0,1.0,0.0,1.0,0,0,0,0,0,0,0,0,0,0,0,0,0,1,0,0.0,0
Kenia,KEN,2017,caprino,8657816,318511,199128852.0,9651532,1.115,0.0368,0,0,0,23.1,37.3,14.5,430.0,83.0,77.0,12.0,5.17,3.0,0.0,1.0,0.0,0.0,1.0,0.0,0.0,1.0,0.0,1.0,0,0,0,0,0,0,0,0,0,0,0,0,0,1,0,0.0,0
Kenia,KEN,2018,bovino,33099936,5577954,5561401611.0,28675455,0.866,0.1685,0,0,0,19.5,32.6,10.8,430.0,59.0,97.0,11.0,6.13,0.0,0.0,0.0,0.0,0.0,0.0,0.0,0.0,0.0,0.0,0.0,1,0,0,0,0,0,0,1,0,0,0,0,0,1,0,0.0,0
Kenia,KEN,2018,porcino,11542424,3251143,,9678221,0.838,0.2817,0,0,1,19.5,32.6,10.8,430.0,59.0,97.0,11.0,6.13,0.0,0.0,0.0,0.0,0.0,0.0,0.0,0.0,0.0,0.0,0.0,1,0,0,0,0,0,0,1,0,0,0,0,0,1,0,0.0,0
Kenia,KEN,2018,avicola,705059473,960069,,21917369,0.031,0.0014,0,0,1,19.5,32.6,10.8,430.0,59.0,97.0,11.0,6.13,0.0,0.0,0.0,0.0,0.0,0.0,0.0,0.0,0.0,0.0,0.0,1,0,0,0,0,0,0,1,0,0,0,0,0,1,0,0.0,0
Kenia,KEN,2018,ovino,14681984,145005,47012554.0,3421962,0.233,0.0099,0,0,1,19.5,32.6,10.8,430.0,59.0,97.0,11.0,6.13,0.0,0.0,0.0,0.0,0.0,0.0,0.0,0.0,0.0,0.0,0.0,1,0,0,0,0,0,0,1,0,0,0,0,0,1,0,0.0,0
Kenia,KEN,2018,caprino,9483256,220205,234980488.0,5441078,0.574,0.0232,0,0,0,19.5,32.6,10.8,430.0,59.0,97.0,11.0,6.13,0.0,0.0,0.0,0.0,0.0,0.0,0.0,0.0,0.0,0.0,0.0,1,0,0,0,0,0,0,1,0,0,0,0,0,1,0,0.0,0
Kenia,KEN,2019,bovino,37260910,1289780,6379350087.0,28283096,0.759,0.0346,0,0,0,18.1,26.3,5.1,851.0,65.0,59.0,3.0,13.06,3.0,1.0,1.0,0.0,1.0,0.0,0.0,0.0,0.0,0.0,1.0,1,0,0,0,0,0,1,1,0,0,0,0,0,1,0,0.0,0
Kenia,KEN,2019,porcino,11006725,1601496,,11153414,1.013,0.1455,0,0,1,18.1,26.3,5.1,851.0,65.0,59.0,3.0,13.06,3.0,1.0,1.0,0.0,1.0,0.0,0.0,0.0,0.0,0.0,1.0,1,0,0,0,0,0,1,1,0,0,0,0,0,1,0,0.0,0
Kenia,KEN,2019,avicola,1307361238,1536575,,40245308,0.031,0.0012,0,0,1,18.1,26.3,5.1,851.0,65.0,59.0,3.0,13.06,3.0,1.0,1.0,0.0,1.0,0.0,0.0,0.0,0.0,0.0,1.0,1,0,0,0,0,0,1,1,0,0,0,0,0,1,0,0.0,0
Kenia,KEN,2019,ovino,13984497,271915,187889348.0,3431829,0.245,0.0194,0,0,1,18.1,26.3,5.1,851.0,65.0,59.0,3.0,13.06,3.0,1.0,1.0,0.0,1.0,0.0,0.0,0.0,0.0,0.0,1.0,1,0,0,0,0,0,1,1,0,0,0,0,0,1,0,0.0,0
Kenia,KEN,2019,caprino,7836886,234992,100123008.0,6035402,0.77,0.03,0,0,0,18.1,26.3,5.1,851.0,65.0,59.0,3.0,13.06,3.0,1.0,1.0,0.0,1.0,0.0,0.0,0.0,0.0,0.0,1.0,1,0,0,0,0,0,1,1,0,0,0,0,0,1,0,0.0,0
Kenia,KEN,2020,bovino,24424215,2416153,7745269254.0,30784107,1.26,0.0989,0,0,0,22.0,35.7,9.1,938.0,64.0,111.0,0.0,11.84,0.0,0.0,0.0,0.0,0.0,0.0,0.0,0.0,0.0,0.0,0.0,1,0,0,0,0,0,1,1,0,0,0,0,0,1,0,0.0,0
Kenia,KEN,2020,porcino,15063113,1850694,,7063841,0.469,0.1229,0,0,1,22.0,35.7,9.1,938.0,64.0,111.0,0.0,11.84,0.0,0.0,0.0,0.0,0.0,0.0,0.0,0.0,0.0,0.0,0.0,1,0,0,0,0,0,1,1,0,0,0,0,0,1,0,0.0,0
Kenia,KEN,2020,avicola,80941638,899065,,23457934,0.29,0.0111,0,0,1,22.0,35.7,9.1,938.0,64.0,111.0,0.0,11.84,0.0,0.0,0.0,0.0,0.0,0.0,0.0,0.0,0.0,0.0,0.0,1,0,0,0,0,0,1,1,0,0,0,0,0,1,0,0.0,0
Kenia,KEN,2020,ovino,11637271,344027,446515147.0,879430,0.076,0.0296,0,0,1,22.0,35.7,9.1,938.0,64.0,111.0,0.0,11.84,0.0,0.0,0.0,0.0,0.0,0.0,0.0,0.0,0.0,0.0,0.0,1,0,0,0,0,0,1,1,0,0,0,0,0,1,0,0.0,0
Kenia,KEN,2020,caprino,16418889,143988,365676683.0,3442955,0.21,0.0088,0,0,0,22.0,35.7,9.1,938.0,64.0,111.0,0.0,11.84,0.0,0.0,0.0,0.0,0.0,0.0,0.0,0.0,0.0,0.0,0.0,1,0,0,0,0,0,1,1,0,0,0,0,0,1,0,0.0,0
Nueva Zelanda,NZL,2011,bovino,43726295,992740,1442181973.0,42338030,0.968,0.0227,0,0,0,,,,,,,,,,,,,,,,,,,,0,0,0,0,0,0,0,0,0,0,0,0,0,0,0,0.0,1
Nueva Zelanda,NZL,2011,porcino,1250445,1748970,,2083941,1.667,1.0,0,1,1,,,,,,,,,,,,,,,,,,,,0,0,0,0,0,0,0,0,0,0,0,0,0,0,0,0.0,1
Nueva Zelanda,NZL,2011,avicola,370930726,867896,,27629667,0.074,0.0023,0,0,1,,,,,,,,,,,,,,,,,,,,0,0,0,0,0,0,0,0,0,0,0,0,0,0,0,0.0,1
Nueva Zelanda,NZL,2011,ovino,2168043,346536,26292979.0,8755123,4.038,0.1598,1,0,1,,,,,,,,,,,,,,,,,,,,0,0,0,0,0,0,0,0,0,0,0,0,0,0,0,0.0,1
Nueva Zelanda,NZL,2011,caprino,18155978,109877,84942888.0,9157388,0.504,0.0061,0,0,0,,,,,,,,,,,,,,,,,,,,0,0,0,0,0,0,0,0,0,0,0,0,0,0,0,0.0,1
Nueva Zelanda,NZL,2012,bovino,48690732,1954472,5843992254.0,28461103,0.585,0.0401,0,0,0,,,,,,,,,,,,,,,,,,,,0,0,0,1,0,0,0,0,0,0,0,0,0,0,0,0.0,1
Nueva Zelanda,NZL,2012,porcino,9551861,169775,,1193548,0.125,0.0178,0,0,1,,,,,,,,,,,,,,,,,,,,0,0,0,1,0,0,0,0,0,0,0,0,0,0,0,0.0,1
Nueva Zelanda,NZL,2012,avicola,836515670,1240921,,4575169,0.005,0.0015,0,0,1,,,,,,,,,,,,,,,,,,,,0,0,0,1,0,0,0,0,0,0,0,0,0,0,0,0.0,1
Nueva Zelanda,NZL,2012,ovino,16356553,27228,84455418.0,4860157,0.297,0.0017,0,0,1,,,,,,,,,,,,,,,,,,,,0,0,0,1,0,0,0,0,0,0,0,0,0,0,0,0.0,1
Nueva Zelanda,NZL,2012,caprino,7496135,324365,400197560.0,4100601,0.547,0.0433,0,0,0,,,,,,,,,,,,,,,,,,,,0,0,0,1,0,0,0,0,0,0,0,0,0,0,0,0.0,1
Nueva Zelanda,NZL,2013,bovino,10376632,3593380,7935608976.0,10942137,1.054,0.3463,0,0,0,,,,,,,,,,,,,,,,,,,,0,0,0,1,0,0,0,0,0,0,0,0,0,0,0,0.0,1
Nueva Zelanda,NZL,2013,porcino,9140682,436173,,1705728,0.187,0.0477,0,0,1,,,,,,,,,,,,,,,,,,,,0,0,0,1,0,0,0,0,0,0,0,0,0,0,0,0.0,1
Nueva Zelanda,NZL,2013,avicola,851530989,1727847,,29155067,0.034,0.002,0,0,1,,,,,,,,,,,,,,,,,,,,0,0,0,1,0,0,0,0,0,0,0,0,0,0,0,0.0,1
Nueva Zelanda,NZL,2013,ovino,776033,13600,426043049.0,9817863,12.651,0.0175,1,0,1,,,,,,,,,,,,,,,,,,,,0,0,0,1,0,0,0,0,0,0,0,0,0,0,0,0.0,1
Nueva Zelanda,NZL,2013,caprino,5712525,61174,438645210.0,11067510,1.937,0.0107,0,0,0,,,,,,,,,,,,,,,,,,,,0,0,0,1,0,0,0,0,0,0,0,0,0,0,0,0.0,1
Nueva Zelanda,NZL,2014,bovino,14950465,2842273,8164752187.0,31450643,2.104,0.1901,0,0,0,,,,,,,,,,,,,,,,,,,,0,0,0,1,0,0,0,0,0,0,0,0,0,0,0,0.0,1
Nueva Zelanda,NZL,2014,porcino,1349763,1434847,,5349533,3.963,1.0,1,1,1,,,,,,,,,,,,,,,,,,,,0,0,0,1,0,0,0,0,0,0,0,0,0,0,0,0.0,1
Nueva Zelanda,NZL,2014,avicola,117088147,709070,,24943104,0.213,0.0061,0,0,1,,,,,,,,,,,,,,,,,,,,0,0,0,1,0,0,0,0,0,0,0,0,0,0,0,0.0,1
Nueva Zelanda,NZL,2014,ovino,12462030,154908,226544011.0,1632002,0.131,0.0124,0,0,1,,,,,,,,,,,,,,,,,,,,0,0,0,1,0,0,0,0,0,0,0,0,0,0,0,0.0,1
Nueva Zelanda,NZL,2014,caprino,13679248,299014,149505563.0,8206291,0.6,0.0219,0,0,0,,,,,,,,,,,,,,,,,,,,0,0,0,1,0,0,0,0,0,0,0,0,0,0,0,0.0,1
Nueva Zelanda,NZL,2015,bovino,43809682,4113481,1979782701.0,24249753,0.554,0.0939,0,0,0,,,,,,,,,,,,,,,,,,,,0,0,0,1,0,0,1,0,0,0,0,0,0,0,0,0.0,1
Nueva Zelanda,NZL,2015,porcino,20243463,2063583,,7958809,0.393,0.1019,0,0,1,,,,,,,,,,,,,,,,,,,,0,0,0,1,0,0,1,0,0,0,0,0,0,0,0,0.0,1
Nueva Zelanda,NZL,2015,avicola,751837220,320131,,15829623,0.021,0.0004,0,0,1,,,,,,,,,,,,,,,,,,,,0,0,0,1,0,0,1,0,0,0,0,0,0,0,0,0.0,1
Nueva Zelanda,NZL,2015,ovino,936372,225648,437967646.0,4225001,4.512,0.241,1,0,1,,,,,,,,,,,,,,,,,,,,0,0,0,1,0,0,1,0,0,0,0,0,0,0,0,0.0,1
Nueva Zelanda,NZL,2015,caprino,16313126,305196,59464167.0,5398588,0.331,0.0187,0,0,0,,,,,,,,,,,,,,,,,,,,0,0,0,1,0,0,1,0,0,0,0,0,0,0,0,0.0,1
Nueva Zelanda,NZL,2016,bovino,41873820,727279,8709643070.0,11959014,0.286,0.0174,0,0,0,,,,,,,,,,,,,,,,,,,,0,0,0,1,0,1,1,0,0,0,0,0,0,0,0,0.0,1
Nueva Zelanda,NZL,2016,porcino,15549549,2377089,,4309698,0.277,0.1529,0,0,1,,,,,,,,,,,,,,,,,,,,0,0,0,1,0,1,1,0,0,0,0,0,0,0,0,0.0,1
Nueva Zelanda,NZL,2016,avicola,469298705,1506408,,31494752,0.067,0.0032,0,0,1,,,,,,,,,,,,,,,,,,,,0,0,0,1,0,1,1,0,0,0,0,0,0,0,0,0.0,1
Nueva Zelanda,NZL,2016,ovino,23260071,492652,152268607.0,1328416,0.057,0.0212,0,0,1,,,,,,,,,,,,,,,,,,,,0,0,0,1,0,1,1,0,0,0,0,0,0,0,0,0.0,1
Nueva Zelanda,NZL,2016,caprino,10664646,276983,209645620.0,7231976,0.678,0.026,0,0,0,,,,,,,,,,,,,,,,,,,,0,0,0,1,0,1,1,0,0,0,0,0,0,0,0,0.0,1
Nueva Zelanda,NZL,2017,bovino,3420532,2722901,6808588900.0,1362130,0.398,0.796,0,0,0,,,,,,,,,,,,,,,,,,,,0,0,0,1,0,1,1,0,0,0,0,0,0,0,0,0.0,1
Nueva Zelanda,NZL,2017,porcino,8301158,2714198,,15268887,1.839,0.327,0,0,1,,,,,,,,,,,,,,,,,,,,0,0,0,1,0,1,1,0,0,0,0,0,0,0,0,0.0,1
Nueva Zelanda,NZL,2017,avicola,524643766,738111,,22323399,0.043,0.0014,0,0,1,,,,,,,,,,,,,,,,,,,,0,0,0,1,0,1,1,0,0,0,0,0,0,0,0,0.0,1
Nueva Zelanda,NZL,2017,ovino,17698360,429210,295503035.0,9949049,0.562,0.0243,0,0,1,,,,,,,,,,,,,,,,,,,,0,0,0,1,0,1,1,0,0,0,0,0,0,0,0,0.0,1
Nueva Zelanda,NZL,2017,caprino,3397706,595887,68876532.0,8843370,2.603,0.1754,1,0,0,,,,,,,,,,,,,,,,,,,,0,0,0,1,0,1,1,0,0,0,0,0,0,0,0,0.0,1
Nueva Zelanda,NZL,2018,bovino,29853865,1273023,3703624716.0,13528253,0.453,0.0426,0,0,0,,,,,,,,,,,,,,,,,,,,0,0,0,1,0,1,1,0,0,0,0,0,0,0,0,0.0,1
Nueva Zelanda,NZL,2018,porcino,4980139,867454,,4147777,0.833,0.1742,0,0,1,,,,,,,,,,,,,,,,,,,,0,0,0,1,0,1,1,0,0,0,0,0,0,0,0,0.0,1
Nueva Zelanda,NZL,2018,avicola,138243050,204385,,17114540,0.124,0.0015,0,0,1,,,,,,,,,,,,,,,,,,,,0,0,0,1,0,1,1,0,0,0,0,0,0,0,0,0.0,1
Nueva Zelanda,NZL,2018,ovino,19004700,280381,80853339.0,9989431,0.526,0.0148,0,0,1,,,,,,,,,,,,,,,,,,,,0,0,0,1,0,1,1,0,0,0,0,0,0,0,0,0.0,1
Nueva Zelanda,NZL,2018,caprino,531656,236716,93070653.0,10917417,20.535,0.4452,1,0,0,,,,,,,,,,,,,,,,,,,,0,0,0,1,0,1,1,0,0,0,0,0,0,0,0,0.0,1
Nueva Zelanda,NZL,2019,bovino,71579778,3373583,9492773561.0,61367267,0.857,0.0471,0,0,0,,,,,,,,,,,,,,,,,,,,1,0,0,1,0,1,1,0,0,0,0,0,0,0,0,0.0,1
Nueva Zelanda,NZL,2019,porcino,17723870,2580516,,2997531,0.169,0.1456,0,0,1,,,,,,,,,,,,,,,,,,,,1,0,0,1,0,1,1,0,0,0,0,0,0,0,0,0.0,1
Nueva Zelanda,NZL,2019,avicola,775109869,2116125,,10825214,0.014,0.0027,0,0,1,,,,,,,,,,,,,,,,,,,,1,0,0,1,0,1,1,0,0,0,0,0,0,0,0,0.0,1
Nueva Zelanda,NZL,2019,ovino,14054937,311619,364721528.0,4849083,0.345,0.0222,0,0,1,,,,,,,,,,,,,,,,,,,,1,0,0,1,0,1,1,0,0,0,0,0,0,0,0,0.0,1
Nueva Zelanda,NZL,2019,caprino,6590627,459157,164158271.0,2195241,0.333,0.0697,0,0,0,,,,,,,,,,,,,,,,,,,,1,0,0,1,0,1,1,0,0,0,0,0,0,0,0,0.0,1
Nueva Zelanda,NZL,2020,bovino,45456706,3734940,4025409278.0,26851487,0.591,0.0822,0,0,0,,,,,,,,,,,,,,,,,,,,1,0,0,1,0,1,1,0,0,0,0,0,0,0,0,0.0,1
Nueva Zelanda,NZL,2020,porcino,16587468,388248,,604945,0.036,0.0234,0,0,1,,,,,,,,,,,,,,,,,,,,1,0,0,1,0,1,1,0,0,0,0,0,0,0,0,0.0,1
Nueva Zelanda,NZL,2020,avicola,176901287,452394,,21216470,0.12,0.0026,0,0,1,,,,,,,,,,,,,,,,,,,,1,0,0,1,0,1,1,0,0,0,0,0,0,0,0,0.0,1
Nueva Zelanda,NZL,2020,ovino,19521707,225791,64313647.0,1422878,0.073,0.0116,0,0,1,,,,,,,,,,,,,,,,,,,,1,0,0,1,0,1,1,0,0,0,0,0,0,0,0,0.0,1
Nueva Zelanda,NZL,2020,caprino,25483676,110906,45697424.0,7620440,0.299,0.0044,0,0,0,,,,,,,,,,,,,,,,,,,,1,0,0,1,0,1,1,0,0,0,0,0,0,0,0,0.0,1
España,ESP,2011,bovino,16155981,2941417,2699663226.0,13917041,0.861,0.1821,0,0,0,,,,,,,,,,,,,,,,,,,,0,0,0,0,0,0,0,0,0,0,0,0,0,0,1,0.0,1
España,ESP,2011,porcino,14820502,2555016,,12753873,0.861,0.1724,0,0,1,,,,,,,,,,,,,,,,,,,,0,0,0,0,0,0,0,0,0,0,0,0,0,0,1,0.0,1
España,ESP,2011,avicola,702042313,1786060,,15191189,0.022,0.0025,0,0,1,,,,,,,,,,,,,,,,,,,,0,0,0,0,0,0,0,0,0,0,0,0,0,0,1,0.0,1
España,ESP,2011,ovino,18602628,284440,339444861.0,3447862,0.185,0.0153,0,0,1,,,,,,,,,,,,,,,,,,,,0,0,0,0,0,0,0,0,0,0,0,0,0,0,1,0.0,1
España,ESP,2011,caprino,5162355,58965,392121760.0,3729788,0.722,0.0114,0,0,0,,,,,,,,,,,,,,,,,,,,0,0,0,0,0,0,0,0,0,0,0,0,0,0,1,0.0,1
España,ESP,2012,bovino,19441047,4982211,459265119.0,37590503,1.934,0.2563,0,0,0,,,,,,,,,,,,,,,,,,,,0,0,0,0,0,0,0,0,0,0,0,0,0,0,1,0.0,1
España,ESP,2012,porcino,14273816,1587592,,10861188,0.761,0.1112,0,0,1,,,,,,,,,,,,,,,,,,,,0,0,0,0,0,0,0,0,0,0,0,0,0,0,1,0.0,1
España,ESP,2012,avicola,698995768,1501857,,11308118,0.016,0.0021,0,0,1,,,,,,,,,,,,,,,,,,,,0,0,0,0,0,0,0,0,0,0,0,0,0,0,1,0.0,1
España,ESP,2012,ovino,17064435,122869,96655552.0,155072,0.009,0.0072,0,0,1,,,,,,,,,,,,,,,,,,,,0,0,0,0,0,0,0,0,0,0,0,0,0,0,1,0.0,1
España,ESP,2012,caprino,7167598,51838,489158511.0,2506992,0.35,0.0072,0,0,0,,,,,,,,,,,,,,,,,,,,0,0,0,0,0,0,0,0,0,0,0,0,0,0,1,0.0,1
España,ESP,2013,bovino,31890627,50460,1346767543.0,4363183,0.137,0.0016,0,0,0,,,,,,,,,,,,,,,,,,,,0,0,0,0,0,0,0,0,0,0,0,0,0,0,1,0.0,1
España,ESP,2013,porcino,15857025,1958832,,12115303,0.764,0.1235,0,0,1,,,,,,,,,,,,,,,,,,,,0,0,0,0,0,0,0,0,0,0,0,0,0,0,1,0.0,1
España,ESP,2013,avicola,314479595,1109189,,25575321,0.081,0.0035,0,0,1,,,,,,,,,,,,,,,,,,,,0,0,0,0,0,0,0,0,0,0,0,0,0,0,1,0.0,1
España,ESP,2013,ovino,20559081,230377,220998120.0,7165398,0.349,0.0112,0,0,1,,,,,,,,,,,,,,,,,,,,0,0,0,0,0,0,0,0,0,0,0,0,0,0,1,0.0,1
España,ESP,2013,caprino,12040230,169560,453218482.0,8915734,0.74,0.0141,0,0,0,,,,,,,,,,,,,,,,,,,,0,0,0,0,0,0,0,0,0,0,0,0,0,0,1,0.0,1
España,ESP,2014,bovino,7262938,2143949,4771026123.0,50603829,6.967,0.2952,1,0,0,,,,,,,,,,,,,,,,,,,,0,0,0,0,0,0,0,0,0,0,0,0,0,0,1,0.0,1
España,ESP,2014,porcino,5529362,2019761,,10342916,1.871,0.3653,0,0,1,,,,,,,,,,,,,,,,,,,,0,0,0,0,0,0,0,0,0,0,0,0,0,0,1,0.0,1
España,ESP,2014,avicola,834564578,1959315,,10504333,0.013,0.0023,0,0,1,,,,,,,,,,,,,,,,,,,,0,0,0,0,0,0,0,0,0,0,0,0,0,0,1,0.0,1
España,ESP,2014,ovino,18210513,462519,226800380.0,5764340,0.317,0.0254,0,0,1,,,,,,,,,,,,,,,,,,,,0,0,0,0,0,0,0,0,0,0,0,0,0,0,1,0.0,1
España,ESP,2014,caprino,13920374,512348,282728177.0,6671578,0.479,0.0368,0,0,0,,,,,,,,,,,,,,,,,,,,0,0,0,0,0,0,0,0,0,0,0,0,0,0,1,0.0,1
España,ESP,2015,bovino,14781866,4571270,4927989327.0,25151739,1.702,0.3092,0,0,0,,,,,,,,,,,,,,,,,,,,0,0,0,0,0,0,0,0,0,0,0,0,0,0,1,0.0,1
España,ESP,2015,porcino,880955,945929,,8127676,9.226,1.0,1,1,1,,,,,,,,,,,,,,,,,,,,0,0,0,0,0,0,0,0,0,0,0,0,0,0,1,0.0,1
España,ESP,2015,avicola,212082298,112742,,20848351,0.098,0.0005,0,0,1,,,,,,,,,,,,,,,,,,,,0,0,0,0,0,0,0,0,0,0,0,0,0,0,1,0.0,1
España,ESP,2015,ovino,3458994,520448,213555422.0,4698670,1.358,0.1505,0,0,1,,,,,,,,,,,,,,,,,,,,0,0,0,0,0,0,0,0,0,0,0,0,0,0,1,0.0,1
España,ESP,2015,caprino,550709,366129,166101044.0,750684,1.363,0.6648,0,0,0,,,,,,,,,,,,,,,,,,,,0,0,0,0,0,0,0,0,0,0,0,0,0,0,1,0.0,1
España,ESP,2016,bovino,52397727,4835114,2035473765.0,56693210,1.082,0.0923,0,0,0,,,,,,,,,,,,,,,,,,,,0,0,0,0,0,0,0,0,0,0,0,0,0,0,1,0.0,1
España,ESP,2016,porcino,12849256,3606594,,1934206,0.151,0.2807,0,0,1,,,,,,,,,,,,,,,,,,,,0,0,0,0,0,0,0,0,0,0,0,0,0,0,1,0.0,1
España,ESP,2016,avicola,1058397455,195894,,35832870,0.034,0.0002,0,0,1,,,,,,,,,,,,,,,,,,,,0,0,0,0,0,0,0,0,0,0,0,0,0,0,1,0.0,1
España,ESP,2016,ovino,17259168,352343,369672619.0,8412917,0.487,0.0204,0,0,1,,,,,,,,,,,,,,,,,,,,0,0,0,0,0,0,0,0,0,0,0,0,0,0,1,0.0,1
España,ESP,2016,caprino,19763040,493796,582535380.0,11475444,0.581,0.025,0,0,0,,,,,,,,,,,,,,,,,,,,0,0,0,0,0,0,0,0,0,0,0,0,0,0,1,0.0,1
España,ESP,2017,bovino,3338093,2950938,8164392264.0,45783026,13.715,0.884,1,0,0,,,,,,,,,,,,,,,,,,,,0,0,0,0,1,0,0,0,0,0,0,0,0,0,1,0.0,1
España,ESP,2017,porcino,6870232,696169,,2017042,0.294,0.1013,0,0,1,,,,,,,,,,,,,,,,,,,,0,0,0,0,1,0,0,0,0,0,0,0,0,0,1,0.0,1
España,ESP,2017,avicola,981781460,378443,,3110709,0.003,0.0004,0,0,1,,,,,,,,,,,,,,,,,,,,0,0,0,0,1,0,0,0,0,0,0,0,0,0,1,0.0,1
España,ESP,2017,ovino,2132668,169066,52130868.0,9191028,4.31,0.0793,1,0,1,,,,,,,,,,,,,,,,,,,,0,0,0,0,1,0,0,0,0,0,0,0,0,0,1,0.0,1
España,ESP,2017,caprino,6718225,356559,337309854.0,388573,0.058,0.0531,0,0,0,,,,,,,,,,,,,,,,,,,,0,0,0,0,1,0,0,0,0,0,0,0,0,0,1,0.0,1
España,ESP,2018,bovino,62429420,3663200,9683315918.0,39197647,0.628,0.0587,0,0,0,,,,,,,,,,,,,,,,,,,,1,0,0,0,1,0,0,0,0,0,0,0,0,0,1,0.0,1
España,ESP,2018,porcino,3447533,500967,,5026613,1.458,0.1453,0,0,1,,,,,,,,,,,,,,,,,,,,1,0,0,0,1,0,0,0,0,0,0,0,0,0,1,0.0,1
España,ESP,2018,avicola,533771931,405005,,25188999,0.047,0.0008,0,0,1,,,,,,,,,,,,,,,,,,,,1,0,0,0,1,0,0,0,0,0,0,0,0,0,1,0.0,1
España,ESP,2018,ovino,6984307,283949,28584464.0,5646934,0.809,0.0407,0,0,1,,,,,,,,,,,,,,,,,,,,1,0,0,0,1,0,0,0,0,0,0,0,0,0,1,0.0,1
España,ESP,2018,caprino,17254572,222713,94203504.0,156305,0.009,0.0129,0,0,0,,,,,,,,,,,,,,,,,,,,1,0,0,0,1,0,0,0,0,0,0,0,0,0,1,0.0,1
España,ESP,2019,bovino,46059972,3568244,5726766514.0,38511613,0.836,0.0775,0,0,0,,,,,,,,,,,,,,,,,,,,1,0,0,0,1,0,0,0,0,0,0,0,0,0,1,0.0,1
España,ESP,2019,porcino,2989696,2183262,,7294050,2.44,0.7303,1,0,1,,,,,,,,,,,,,,,,,,,,1,0,0,0,1,0,0,0,0,0,0,0,0,0,1,0.0,1
España,ESP,2019,avicola,1299498965,381827,,9381977,0.007,0.0003,0,0,1,,,,,,,,,,,,,,,,,,,,1,0,0,0,1,0,0,0,0,0,0,0,0,0,1,0.0,1
España,ESP,2019,ovino,8460124,230997,427582153.0,589201,0.07,0.0273,0,0,1,,,,,,,,,,,,,,,,,,,,1,0,0,0,1,0,0,0,0,0,0,0,0,0,1,0.0,1
España,ESP,2019,caprino,446516,132802,382082872.0,7121221,15.948,0.2974,1,0,0,,,,,,,,,,,,,,,,,,,,1,0,0,0,1,0,0,0,0,0,0,0,0,0,1,0.0,1
España,ESP,2020,bovino,50472337,2156785,3779283817.0,10080837,0.2,0.0427,0,0,0,,,,,,,,,,,,,,,,,,,,1,0,0,0,1,0,1,0,0,0,0,0,0,0,1,0.0,1
España,ESP,2020,porcino,13165170,1297936,,3469971,0.264,0.0986,0,0,1,,,,,,,,,,,,,,,,,,,,1,0,0,0,1,0,1,0,0,0,0,0,0,0,1,0.0,1
España,ESP,2020,avicola,582761175,730468,,14279694,0.025,0.0013,0,0,1,,,,,,,,,,,,,,,,,,,,1,0,0,0,1,0,1,0,0,0,0,0,0,0,1,0.0,1
España,ESP,2020,ovino,5898700,137149,439518765.0,3189508,0.541,0.0233,0,0,1,,,,,,,,,,,,,,,,,,,,1,0,0,0,1,0,1,0,0,0,0,0,0,0,1,0.0,1
España,ESP,2020,caprino,9799877,138900,368995928.0,7365200,0.752,0.0142,0,0,0,,,,,,,,,,,,,,,,,,,,1,0,0,0,1,0,1,0,0,0,0,0,0,0,1,0.0,1
