pais,codigo_iso,region,cultivo,anio,superficie_hectareas,rendimiento_ton_ha,produccion_ton,fertilizantes_kg_ha,agua_riego_m3_ha,tendencia_5_anios,temperatura_promedio,temperatura_maxima,temperatura_minima,precipitacion_total,humedad_relativa_promedio,dias_con_heladas,meses_estres_hidrico,indice_aridez,n_eventos_total_regiones,ev_granizo,ev_helada_tardia,ev_incendios,ev_inundacion,ev_ola_calor,ev_sequia_extrema,ev_sequia_moderada,ev_sequia_severa,ev_tormenta_severa,flag_anio_eventos_extremos,tiene_subsidio_activo,reg_bienestar_animal,reg_deforestacion,reg_emisiones_ganaderas,reg_etanol_mezcla,reg_pesticidas_neonicotinoides,reg_reservas_legales,reg_rotacion_cultivos,reg_uso_agua,acuerdo_Acuerdo_Mercosur,acuerdo_Acuerdo_Paris,acuerdo_Convenio_Biodiversidad,acuerdo_ODS_2030,acuerdo_Protocolo_Kyoto,acuerdo_TLCAN,objetivo_reduccion_emisiones_pct,precio_hist_medio_usd,precio_hist_max_usd,precio_hist_volatilidad,flag_sin_clima,flag_sin_precio_historico
Argentina,ARG,América del Sur,Soja,2011,4703643,2.22,10465461,105,4811,0.0005355288103362,16.37,26.13,4.73,795.67,69.0,51.0,4.67,14.75,0.0,0.0,0.0,0.0,0.0,0.0,0.0,0.0,0.0,0.0,0.0,0,0,0,0,0,1,0,0,0,0.0,0.0,0.0,0.0,0.0,0.0,0.0,502.72,627.89,61.57,0,0
Argentina,ARG,América del Sur,Maíz,2011,3371781,8.45,28485921,164,5557,0.0309430456677826,16.37,26.13,4.73,795.67,69.0,51.0,4.67,14.75,0.0,0.0,0.0,0.0,0.0,0.0,0.0,0.0,0.0,0.0,0.0,0,0,0,0,0,1,0,0,0,0.0,0.0,0.0,0.0,0.0,0.0,0.0,201.47,225.88,18.42,0,0
Argentina,ARG,América del Sur,Cebada,2011,1661577,2.77,4596917,105,6514,-0.0397789723480151,16.37,26.13,4.73,795.67,69.0,51.0,4.67,14.75,0.0,0.0,0.0,0.0,0.0,0.0,0.0,0.0,0.0,0.0,0.0,0,0,0,0,0,1,0,0,0,0.0,0.0,0.0,0.0,0.0,0.0,0.0,,,,0,1
Argentina,ARG,América del Sur,Té,2011,188518,3.07,577886,236,8527,0.00362280914547,16.37,26.13,4.73,795.67,69.0,51.0,4.67,14.75,0.0,0.0,0.0,0.0,0.0,0.0,0.0,0.0,0.0,0.0,0.0,0,0,0,0,0,1,0,0,0,0.0,0.0,0.0,0.0,0.0,0.0,0.0,,,,0,1
Argentina,ARG,América del Sur,Algodón,2011,1638327,1.18,1929756,276,6925,0.0077352145256762,16.37,26.13,4.73,795.67,69.0,51.0,4.67,14.75,0.0,0.0,0.0,0.0,0.0,0.0,0.0,0.0,0.0,0.0,0.0,0,0,0,0,0,1,0,0,0,0.0,0.0,0.0,0.0,0.0,0.0,0.0,,,,0,1
Argentina,ARG,América del Sur,Girasol,2011,400408,3.59,1436089,268,4814,0.0366483666755269,16.37,26.13,4.73,795.67,69.0,51.0,4.67,14.75,0.0,0.0,0.0,0.0,0.0,0.0,0.0,0.0,0.0,0.0,0.0,0,0,0,0,0,1,0,0,0,0.0,0.0,0.0,0.0,0.0,0.0,0.0,,,,0,1
Argentina,ARG,América del Sur,Café,2011,238479,1.61,384031,103,5374,0.0201820313458551,16.37,26.13,4.73,795.67,69.0,51.0,4.67,14.75,0.0,0.0,0.0,0.0,0.0,0.0,0.0,0.0,0.0,0.0,0.0,0,0,0,0,0,1,0,0,0,0.0,0.0,0.0,0.0,0.0,0.0,0.0,,,,0,1
Argentina,ARG,América del Sur,Trigo,2011,627742,5.25,3294702,91,8573,-0.0120544558242352,16.37,26.13,4.73,795.67,69.0,51.0,4.67,14.75,0.0,0.0,0.0,0.0,0.0,0.0,0.0,0.0,0.0,0.0,0.0,0,0,0,0,0,1,0,0,0,0.0,0.0,0.0,0.0,0.0,0.0,0.0,312.21,334.05,15.92,0,0
Argentina,ARG,América del Sur,Soja,2012,5742860,3.26,18722616,246,1916,-0.0270951928035895,18.87,29.07,7.8,865.67,60.33,74.0,2.33,13.47,1.0,1.0,0.0,0.0,0.0,0.0,0.0,0.0,0.0,0.0,1.0,0,0,0,0,0,1,0,0,1,0.0,0.0,0.0,0.0,0.0,0.0,0.0,502.72,627.89,61.57,0,0
Argentina,ARG,América del Sur,Maíz,2012,5195860,5.4,28032958,195,6155,-0.0287373455945859,18.87,29.07,7.8,865.67,60.33,74.0,2.33,13.47,1.0,1.0,0.0,0.0,0.0,0.0,0.0,0.0,0.0,0.0,1.0,0,0,0,0,0,1,0,0,1,0.0,0.0,0.0,0.0,0.0,0.0,0.0,201.47,225.88,18.42,0,0
Argentina,ARG,América del Sur,Cebada,2012,1878820,5.21,9791625,113,9830,-0.0237258391477064,18.87,29.07,7.8,865.67,60.33,74.0,2.33,13.47,1.0,1.0,0.0,0.0,0.0,0.0,0.0,0.0,0.0,0.0,1.0,0,0,0,0,0,1,0,0,1,0.0,0.0,0.0,0.0,0.0,0.0,0.0,,,,0,1
Argentina,ARG,América del Sur,Té,2012,213792,1.84,393950,176,2489,0.0255782157533737,18.87,29.07,7.8,865.67,60.33,74.0,2.33,13.47,1.0,1.0,0.0,0.0,0.0,0.0,0.0,0.0,0.0,0.0,1.0,0,0,0,0,0,1,0,0,1,0.0,0.0,0.0,0.0,0.0,0.0,0.0,,,,0,1
Argentina,ARG,América del Sur,Algodón,2012,676195,3.14,2125899,66,7304,-0.0118380713493463,18.87,29.07,7.8,865.67,60.33,74.0,2.33,13.47,1.0,1.0,0.0,0.0,0.0,0.0,0.0,0.0,0.0,0.0,1.0,0,0,0,0,0,1,0,0,1,0.0,0.0,0.0,0.0,0.0,0.0,0.0,,,,0,1
Argentina,ARG,América del Sur,Girasol,2012,4717670,2.32,10930665,224,2876,0.0181710369026574,18.87,29.07,7.8,865.67,60.33,74.0,2.33,13.47,1.0,1.0,0.0,0.0,0.0,0.0,0.0,0.0,0.0,0.0,1.0,0,0,0,0,0,1,0,0,1,0.0,0.0,0.0,0.0,0.0,0.0,0.0,,,,0,1
Argentina,ARG,América del Sur,Café,2012,142829,1.79,255495,90,8433,-0.049675468389827,18.87,29.07,7.8,865.67,60.33,74.0,2.33,13.47,1.0,1.0,0.0,0.0,0.0,0.0,0.0,0.0,0.0,0.0,1.0,0,0,0,0,0,1,0,0,1,0.0,0.0,0.0,0.0,0.0,0.0,0.0,,,,0,1
Argentina,ARG,América del Sur,Trigo,2012,2301854,8.67,19961382,77,5889,0.0341669348172467,18.87,29.07,7.8,865.67,60.33,74.0,2.33,13.47,1.0,1.0,0.0,0.0,0.0,0.0,0.0,0.0,0.0,0.0,1.0,0,0,0,0,0,1,0,0,1,0.0,0.0,0.0,0.0,0.0,0.0,0.0,312.21,334.05,15.92,0,0
Argentina,ARG,América del Sur,Soja,2013,1746490,3.14,5478586,249,9689,0.0418493494395702,16.3,28.1,7.17,980.67,60.67,36.0,2.67,17.39,5.0,0.0,1.0,0.0,0.0,1.0,1.0,1.0,1.0,0.0,1.0,0,0,0,0,1,1,0,0,1,0.0,0.0,0.0,0.0,0.0,0.0,0.0,502.72,627.89,61.57,0,0
Argentina,ARG,América del Sur,Maíz,2013,8547523,4.09,34977816,262,6038,-0.0260547689661941,16.3,28.1,7.17,980.67,60.67,36.0,2.67,17.39,5.0,0.0,1.0,0.0,0.0,1.0,1.0,1.0,1.0,0.0,1.0,0,0,0,0,1,1,0,0,1,0.0,0.0,0.0,0.0,0.0,0.0,0.0,201.47,225.88,18.42,0,0
Argentina,ARG,América del Sur,Cebada,2013,1166539,4.83,5634708,67,9727,0.0265834429306987,16.3,28.1,7.17,980.67,60.67,36.0,2.67,17.39,5.0,0.0,1.0,0.0,0.0,1.0,1.0,1.0,1.0,0.0,1.0,0,0,0,0,1,1,0,0,1,0.0,0.0,0.0,0.0,0.0,0.0,0.0,,,,0,1
Argentina,ARG,América del Sur,Té,2013,239649,2.53,605567,205,7932,0.0464362906007455,16.3,28.1,7.17,980.67,60.67,36.0,2.67,17.39,5.0,0.0,1.0,0.0,0.0,1.0,1.0,1.0,1.0,0.0,1.0,0,0,0,0,1,1,0,0,1,0.0,0.0,0.0,0.0,0.0,0.0,0.0,,,,0,1
Argentina,ARG,América del Sur,Algodón,2013,3134608,1.7,5338042,216,7118,-0.0061899916085495,16.3,28.1,7.17,980.67,60.67,36.0,2.67,17.39,5.0,0.0,1.0,0.0,0.0,1.0,1.0,1.0,1.0,0.0,1.0,0,0,0,0,1,1,0,0,1,0.0,0.0,0.0,0.0,0.0,0.0,0.0,,,,0,1
Argentina,ARG,América del Sur,Girasol,2013,1043240,1.41,1472007,191,4770,0.0088440114410351,16.3,28.1,7.17,980.67,60.67,36.0,2.67,17.39,5.0,0.0,1.0,0.0,0.0,1.0,1.0,1.0,1.0,0.0,1.0,0,0,0,0,1,1,0,0,1,0.0,0.0,0.0,0.0,0.0,0.0,0.0,,,,0,1
Argentina,ARG,América del Sur,Café,2013,350614,1.76,617863,270,6413,-0.0429142650111346,16.3,28.1,7.17,980.67,60.67,36.0,2.67,17.39,5.0,0.0,1.0,0.0,0.0,1.0,1.0,1.0,1.0,0.0,1.0,0,0,0,0,1,1,0,0,1,0.0,0.0,0.0,0.0,0.0,0.0,0.0,,,,0,1
Argentina,ARG,América del Sur,Trigo,2013,3993322,3.17,12652195,196,8744,-0.0257002757604275,16.3,28.1,7.17,980.67,60.67,36.0,2.67,17.39,5.0,0.0,1.0,0.0,0.0,1.0,1.0,1.0,1.0,0.0,1.0,0,0,0,0,1,1,0,0,1,0.0,0.0,0.0,0.0,0.0,0.0,0.0,312.21,334.05,15.92,0,0
Argentina,ARG,América del Sur,Soja,2014,3515508,2.37,8318994,158,7735,-0.0032975331963325,18.3,29.7,10.6,980.33,50.67,24.0,3.0,15.13,0.0,0.0,0.0,0.0,0.0,0.0,0.0,0.0,0.0,0.0,0.0,0,0,0,0,1,1,0,0,1,0.0,0.0,0.0,0.0,0.0,0.0,0.0,502.72,627.89,61.57,0,0
Argentina,ARG,América del Sur,Maíz,2014,1869306,4.07,7615290,77,5073,-0.0308409927858346,18.3,29.7,10.6,980.33,50.67,24.0,3.0,15.13,0.0,0.0,0.0,0.0,0.0,0.0,0.0,0.0,0.0,0.0,0.0,0,0,0,0,1,1,0,0,1,0.0,0.0,0.0,0.0,0.0,0.0,0.0,201.47,225.88,18.42,0,0
Argentina,ARG,América del Sur,Cebada,2014,307216,3.35,1029879,286,2235,-0.0056869254946543,18.3,29.7,10.6,980.33,50.67,24.0,3.0,15.13,0.0,0.0,0.0,0.0,0.0,0.0,0.0,0.0,0.0,0.0,0.0,0,0,0,0,1,1,0,0,1,0.0,0.0,0.0,0.0,0.0,0.0,0.0,,,,0,1
Argentina,ARG,América del Sur,Té,2014,316633,1.28,406569,53,2528,0.0426366983008127,18.3,29.7,10.6,980.33,50.67,24.0,3.0,15.13,0.0,0.0,0.0,0.0,0.0,0.0,0.0,0.0,0.0,0.0,0.0,0,0,0,0,1,1,0,0,1,0.0,0.0,0.0,0.0,0.0,0.0,0.0,,,,0,1
Argentina,ARG,América del Sur,Algodón,2014,767759,2.44,1876140,281,1960,-0.0335362878598473,18.3,29.7,10.6,980.33,50.67,24.0,3.0,15.13,0.0,0.0,0.0,0.0,0.0,0.0,0.0,0.0,0.0,0.0,0.0,0,0,0,0,1,1,0,0,1,0.0,0.0,0.0,0.0,0.0,0.0,0.0,,,,0,1
Argentina,ARG,América del Sur,Girasol,2014,3031400,2.23,6761835,158,8973,-0.0345203174725935,18.3,29.7,10.6,980.33,50.67,24.0,3.0,15.13,0.0,0.0,0.0,0.0,0.0,0.0,0.0,0.0,0.0,0.0,0.0,0,0,0,0,1,1,0,0,1,0.0,0.0,0.0,0.0,0.0,0.0,0.0,,,,0,1
Argentina,ARG,América del Sur,Café,2014,31012,1.81,56187,64,1821,0.0084177594458971,18.3,29.7,10.6,980.33,50.67,24.0,3.0,15.13,0.0,0.0,0.0,0.0,0.0,0.0,0.0,0.0,0.0,0.0,0.0,0,0,0,0,1,1,0,0,1,0.0,0.0,0.0,0.0,0.0,0.0,0.0,,,,0,1
Argentina,ARG,América del Sur,Trigo,2014,4568180,3.05,13923967,97,2122,0.0095035106450027,18.3,29.7,10.6,980.33,50.67,24.0,3.0,15.13,0.0,0.0,0.0,0.0,0.0,0.0,0.0,0.0,0.0,0.0,0.0,0,0,0,0,1,1,0,0,1,0.0,0.0,0.0,0.0,0.0,0.0,0.0,312.21,334.05,15.92,0,0
Argentina,ARG,América del Sur,Soja,2015,2166107,3.97,8606247,198,1651,0.0119381510332103,13.57,21.53,4.4,874.0,55.67,50.67,3.0,19.2,3.0,0.0,1.0,1.0,0.0,0.0,0.0,0.0,1.0,0.0,1.0,0,0,0,0,1,1,0,0,1,0.0,0.0,0.0,0.0,0.0,0.0,0.0,502.72,627.89,61.57,0,0
Argentina,ARG,América del Sur,Maíz,2015,9940032,5.98,59471302,221,6147,-0.0261314047384154,13.57,21.53,4.4,874.0,55.67,50.67,3.0,19.2,3.0,0.0,1.0,1.0,0.0,0.0,0.0,0.0,1.0,0.0,1.0,0,0,0,0,1,1,0,0,1,0.0,0.0,0.0,0.0,0.0,0.0,0.0,201.47,225.88,18.42,0,0
Argentina,ARG,América del Sur,Cebada,2015,1412147,5.28,7455970,289,2188,-0.0490684543115753,13.57,21.53,4.4,874.0,55.67,50.67,3.0,19.2,3.0,0.0,1.0,1.0,0.0,0.0,0.0,0.0,1.0,0.0,1.0,0,0,0,0,1,1,0,0,1,0.0,0.0,0.0,0.0,0.0,0.0,0.0,,,,0,1
Argentina,ARG,América del Sur,Té,2015,312383,2.27,708453,117,3170,0.0433259377993709,13.57,21.53,4.4,874.0,55.67,50.67,3.0,19.2,3.0,0.0,1.0,1.0,0.0,0.0,0.0,0.0,1.0,0.0,1.0,0,0,0,0,1,1,0,0,1,0.0,0.0,0.0,0.0,0.0,0.0,0.0,,,,0,1
Argentina,ARG,América del Sur,Algodón,2015,1159474,2.0,2321417,230,5956,0.011167776572595,13.57,21.53,4.4,874.0,55.67,50.67,3.0,19.2,3.0,0.0,1.0,1.0,0.0,0.0,0.0,0.0,1.0,0.0,1.0,0,0,0,0,1,1,0,0,1,0.0,0.0,0.0,0.0,0.0,0.0,0.0,,,,0,1
Argentina,ARG,América del Sur,Girasol,2015,5139424,1.61,8249296,219,2697,0.0438930003927103,13.57,21.53,4.4,874.0,55.67,50.67,3.0,19.2,3.0,0.0,1.0,1.0,0.0,0.0,0.0,0.0,1.0,0.0,1.0,0,0,0,0,1,1,0,0,1,0.0,0.0,0.0,0.0,0.0,0.0,0.0,,,,0,1
Argentina,ARG,América del Sur,Café,2015,57537,2.24,128997,122,4450,0.0217612187138797,13.57,21.53,4.4,874.0,55.67,50.67,3.0,19.2,3.0,0.0,1.0,1.0,0.0,0.0,0.0,0.0,1.0,0.0,1.0,0,0,0,0,1,1,0,0,1,0.0,0.0,0.0,0.0,0.0,0.0,0.0,,,,0,1
Argentina,ARG,América del Sur,Trigo,2015,2126877,5.09,10818005,63,2512,0.0134284447309194,13.57,21.53,4.4,874.0,55.67,50.67,3.0,19.2,3.0,0.0,1.0,1.0,0.0,0.0,0.0,0.0,1.0,0.0,1.0,0,0,0,0,1,1,0,0,1,0.0,0.0,0.0,0.0,0.0,0.0,0.0,312.21,334.05,15.92,0,0
Argentina,ARG,América del Sur,Soja,2016,476888,2.89,1379775,117,3647,0.024123090834793,18.73,28.17,10.43,1178.33,66.33,80.67,1.0,19.18,1.0,0.0,0.0,0.0,0.0,1.0,0.0,0.0,0.0,0.0,1.0,0,0,0,0,1,1,0,0,1,0.0,0.0,0.0,0.0,0.0,0.0,0.0,502.72,627.89,61.57,0,0
Argentina,ARG,América del Sur,Maíz,2016,7612796,6.63,50489823,226,3442,0.0045590289205522,18.73,28.17,10.43,1178.33,66.33,80.67,1.0,19.18,1.0,0.0,0.0,0.0,0.0,1.0,0.0,0.0,0.0,0.0,1.0,0,0,0,0,1,1,0,0,1,0.0,0.0,0.0,0.0,0.0,0.0,0.0,201.47,225.88,18.42,0,0
Argentina,ARG,América del Sur,Cebada,2016,1395478,3.72,5186979,143,1653,0.0398924636526474,18.73,28.17,10.43,1178.33,66.33,80.67,1.0,19.18,1.0,0.0,0.0,0.0,0.0,1.0,0.0,0.0,0.0,0.0,1.0,0,0,0,0,1,1,0,0,1,0.0,0.0,0.0,0.0,0.0,0.0,0.0,,,,0,1
Argentina,ARG,América del Sur,Té,2016,124017,2.24,277394,273,7658,0.0473837022637289,18.73,28.17,10.43,1178.33,66.33,80.67,1.0,19.18,1.0,0.0,0.0,0.0,0.0,1.0,0.0,0.0,0.0,0.0,1.0,0,0,0,0,1,1,0,0,1,0.0,0.0,0.0,0.0,0.0,0.0,0.0,,,,0,1
Argentina,ARG,América del Sur,Algodón,2016,1107254,4.68,5178909,275,7755,-0.0475213638101811,18.73,28.17,10.43,1178.33,66.33,80.67,1.0,19.18,1.0,0.0,0.0,0.0,0.0,1.0,0.0,0.0,0.0,0.0,1.0,0,0,0,0,1,1,0,0,1,0.0,0.0,0.0,0.0,0.0,0.0,0.0,,,,0,1
Argentina,ARG,América del Sur,Girasol,2016,3091090,3.11,9604766,238,5065,-0.0233194290405528,18.73,28.17,10.43,1178.33,66.33,80.67,1.0,19.18,1.0,0.0,0.0,0.0,0.0,1.0,0.0,0.0,0.0,0.0,1.0,0,0,0,0,1,1,0,0,1,0.0,0.0,0.0,0.0,0.0,0.0,0.0,,,,0,1
Argentina,ARG,América del Sur,Café,2016,64708,1.02,66169,101,8541,-0.0150341575554081,18.73,28.17,10.43,1178.33,66.33,80.67,1.0,19.18,1.0,0.0,0.0,0.0,0.0,1.0,0.0,0.0,0.0,0.0,1.0,0,0,0,0,1,1,0,0,1,0.0,0.0,0.0,0.0,0.0,0.0,0.0,,,,0,1
Argentina,ARG,América del Sur,Trigo,2016,2185758,3.44,7525604,121,2137,0.0466889104048361,18.73,28.17,10.43,1178.33,66.33,80.67,1.0,19.18,1.0,0.0,0.0,0.0,0.0,1.0,0.0,0.0,0.0,0.0,1.0,0,0,0,0,1,1,0,0,1,0.0,0.0,0.0,0.0,0.0,0.0,0.0,312.21,334.05,15.92,0,0
Argentina,ARG,América del Sur,Soja,2017,5205491,4.16,21656516,134,1452,-0.0384658248148572,18.63,26.63,7.67,886.67,58.33,62.0,4.0,14.77,0.0,0.0,0.0,0.0,0.0,0.0,0.0,0.0,0.0,0.0,0.0,0,0,0,0,1,1,0,0,1,0.0,0.0,0.0,0.0,0.0,0.0,0.0,502.72,627.89,61.57,0,0
Argentina,ARG,América del Sur,Maíz,2017,3769397,7.26,27375849,202,8119,-0.0154312888320199,18.63,26.63,7.67,886.67,58.33,62.0,4.0,14.77,0.0,0.0,0.0,0.0,0.0,0.0,0.0,0.0,0.0,0.0,0.0,0,0,0,0,1,1,0,0,1,0.0,0.0,0.0,0.0,0.0,0.0,0.0,201.47,225.88,18.42,0,0
Argentina,ARG,América del Sur,Cebada,2017,1052089,4.48,4716454,197,4114,-0.0245277493861418,18.63,26.63,7.67,886.67,58.33,62.0,4.0,14.77,0.0,0.0,0.0,0.0,0.0,0.0,0.0,0.0,0.0,0.0,0.0,0,0,0,0,1,1,0,0,1,0.0,0.0,0.0,0.0,0.0,0.0,0.0,,,,0,1
Argentina,ARG,América del Sur,Té,2017,1542,2.42,3729,290,4228,-0.0135778528218735,18.63,26.63,7.67,886.67,58.33,62.0,4.0,14.77,0.0,0.0,0.0,0.0,0.0,0.0,0.0,0.0,0.0,0.0,0.0,0,0,0,0,1,1,0,0,1,0.0,0.0,0.0,0.0,0.0,0.0,0.0,,,,0,1
Argentina,ARG,América del Sur,Algodón,2017,2484154,4.14,10287257,81,5920,0.0007122504035269,18.63,26.63,7.67,886.67,58.33,62.0,4.0,14.77,0.0,0.0,0.0,0.0,0.0,0.0,0.0,0.0,0.0,0.0,0.0,0,0,0,0,1,1,0,0,1,0.0,0.0,0.0,0.0,0.0,0.0,0.0,,,,0,1
Argentina,ARG,América del Sur,Girasol,2017,3013252,1.88,5664213,157,7211,0.0177317945272732,18.63,26.63,7.67,886.67,58.33,62.0,4.0,14.77,0.0,0.0,0.0,0.0,0.0,0.0,0.0,0.0,0.0,0.0,0.0,0,0,0,0,1,1,0,0,1,0.0,0.0,0.0,0.0,0.0,0.0,0.0,,,,0,1
Argentina,ARG,América del Sur,Café,2017,385154,1.73,668055,127,5700,-0.0289817315117358,18.63,26.63,7.67,886.67,58.33,62.0,4.0,14.77,0.0,0.0,0.0,0.0,0.0,0.0,0.0,0.0,0.0,0.0,0.0,0,0,0,0,1,1,0,0,1,0.0,0.0,0.0,0.0,0.0,0.0,0.0,,,,0,1
Argentina,ARG,América del Sur,Trigo,2017,3112871,4.28,13314441,171,3780,0.0158850744998421,18.63,26.63,7.67,886.67,58.33,62.0,4.0,14.77,0.0,0.0,0.0,0.0,0.0,0.0,0.0,0.0,0.0,0.0,0.0,0,0,0,0,1,1,0,0,1,0.0,0.0,0.0,0.0,0.0,0.0,0.0,312.21,334.05,15.92,0,0
Argentina,ARG,América del Sur,Soja,2018,5362866,3.85,20666579,242,4848,0.0172795670557167,19.53,31.2,8.57,789.67,74.67,66.67,4.33,10.86,2.0,0.0,0.0,0.0,0.0,1.0,1.0,0.0,0.0,0.0,1.0,0,0,0,0,1,1,0,0,1,0.0,0.0,0.0,0.0,0.0,0.0,0.0,502.72,627.89,61.57,0,0
Argentina,ARG,América del Sur,Maíz,2018,3206769,3.78,12117610,206,2193,-0.004458383161991,19.53,31.2,8.57,789.67,74.67,66.67,4.33,10.86,2.0,0.0,0.0,0.0,0.0,1.0,1.0,0.0,0.0,0.0,1.0,0,0,0,0,1,1,0,0,1,0.0,0.0,0.0,0.0,0.0,0.0,0.0,201.47,225.88,18.42,0,0
Argentina,ARG,América del Sur,Cebada,2018,1469060,3.42,5030855,112,3417,0.0156058011111784,19.53,31.2,8.57,789.67,74.67,66.67,4.33,10.86,2.0,0.0,0.0,0.0,0.0,1.0,1.0,0.0,0.0,0.0,1.0,0,0,0,0,1,1,0,0,1,0.0,0.0,0.0,0.0,0.0,0.0,0.0,,,,0,1
Argentina,ARG,América del Sur,Té,2018,48076,2.48,119051,228,9486,-0.0035450115425747,19.53,31.2,8.57,789.67,74.67,66.67,4.33,10.86,2.0,0.0,0.0,0.0,0.0,1.0,1.0,0.0,0.0,0.0,1.0,0,0,0,0,1,1,0,0,1,0.0,0.0,0.0,0.0,0.0,0.0,0.0,,,,0,1
Argentina,ARG,América del Sur,Algodón,2018,547283,2.79,1526116,193,6198,0.0450039608443156,19.53,31.2,8.57,789.67,74.67,66.67,4.33,10.86,2.0,0.0,0.0,0.0,0.0,1.0,1.0,0.0,0.0,0.0,1.0,0,0,0,0,1,1,0,0,1,0.0,0.0,0.0,0.0,0.0,0.0,0.0,,,,0,1
Argentina,ARG,América del Sur,Girasol,2018,5154094,2.69,13875282,90,8777,-0.0049930242753091,19.53,31.2,8.57,789.67,74.67,66.67,4.33,10.86,2.0,0.0,0.0,0.0,0.0,1.0,1.0,0.0,0.0,0.0,1.0,0,0,0,0,1,1,0,0,1,0.0,0.0,0.0,0.0,0.0,0.0,0.0,,,,0,1
Argentina,ARG,América del Sur,Café,2018,507390,1.98,1002924,210,4919,-0.0225402553082461,19.53,31.2,8.57,789.67,74.67,66.67,4.33,10.86,2.0,0.0,0.0,0.0,0.0,1.0,1.0,0.0,0.0,0.0,1.0,0,0,0,0,1,1,0,0,1,0.0,0.0,0.0,0.0,0.0,0.0,0.0,,,,0,1
Argentina,ARG,América del Sur,Trigo,2018,2122111,3.56,7551720,70,3267,-0.0349169341986913,19.53,31.2,8.57,789.67,74.67,66.67,4.33,10.86,2.0,0.0,0.0,0.0,0.0,1.0,1.0,0.0,0.0,0.0,1.0,0,0,0,0,1,1,0,0,1,0.0,0.0,0.0,0.0,0.0,0.0,0.0,312.21,334.05,15.92,0,0
Argentina,ARG,América del Sur,Soja,2019,1321690,3.14,4151744,188,8633,-0.0084225765896844,13.4,25.77,3.13,762.0,75.33,68.33,3.67,15.68,1.0,0.0,1.0,0.0,0.0,0.0,0.0,0.0,0.0,0.0,1.0,1,0,0,0,1,1,0,0,1,0.0,0.0,0.0,0.0,0.0,0.0,0.0,502.72,627.89,61.57,0,0
Argentina,ARG,América del Sur,Maíz,2019,6550902,7.19,47122614,55,7232,-0.0023020267442643,13.4,25.77,3.13,762.0,75.33,68.33,3.67,15.68,1.0,0.0,1.0,0.0,0.0,0.0,0.0,0.0,0.0,0.0,1.0,1,0,0,0,1,1,0,0,1,0.0,0.0,0.0,0.0,0.0,0.0,0.0,201.47,225.88,18.42,0,0
Argentina,ARG,América del Sur,Cebada,2019,803243,6.66,5350442,157,9818,0.024751566897805,13.4,25.77,3.13,762.0,75.33,68.33,3.67,15.68,1.0,0.0,1.0,0.0,0.0,0.0,0.0,0.0,0.0,0.0,1.0,1,0,0,0,1,1,0,0,1,0.0,0.0,0.0,0.0,0.0,0.0,0.0,,,,0,1
Argentina,ARG,América del Sur,Té,2019,123988,1.79,221839,149,6507,0.0168873620622917,13.4,25.77,3.13,762.0,75.33,68.33,3.67,15.68,1.0,0.0,1.0,0.0,0.0,0.0,0.0,0.0,0.0,0.0,1.0,1,0,0,0,1,1,0,0,1,0.0,0.0,0.0,0.0,0.0,0.0,0.0,,,,0,1
Argentina,ARG,América del Sur,Algodón,2019,832592,4.71,3917824,186,1441,0.0406928862586768,13.4,25.77,3.13,762.0,75.33,68.33,3.67,15.68,1.0,0.0,1.0,0.0,0.0,0.0,0.0,0.0,0.0,0.0,1.0,1,0,0,0,1,1,0,0,1,0.0,0.0,0.0,0.0,0.0,0.0,0.0,,,,0,1
Argentina,ARG,América del Sur,Girasol,2019,258647,1.8,465199,96,1823,-0.0239843686080695,13.4,25.77,3.13,762.0,75.33,68.33,3.67,15.68,1.0,0.0,1.0,0.0,0.0,0.0,0.0,0.0,0.0,0.0,1.0,1,0,0,0,1,1,0,0,1,0.0,0.0,0.0,0.0,0.0,0.0,0.0,,,,0,1
Argentina,ARG,América del Sur,Café,2019,231679,1.23,284510,242,7906,-0.0247728468217619,13.4,25.77,3.13,762.0,75.33,68.33,3.67,15.68,1.0,0.0,1.0,0.0,0.0,0.0,0.0,0.0,0.0,0.0,1.0,1,0,0,0,1,1,0,0,1,0.0,0.0,0.0,0.0,0.0,0.0,0.0,,,,0,1
Argentina,ARG,América del Sur,Trigo,2019,158063,6.05,956805,107,2124,0.0281233049610894,13.4,25.77,3.13,762.0,75.33,68.33,3.67,15.68,1.0,0.0,1.0,0.0,0.0,0.0,0.0,0.0,0.0,0.0,1.0,1,0,0,0,1,1,0,0,1,0.0,0.0,0.0,0.0,0.0,0.0,0.0,312.21,334.05,15.92,0,0
Argentina,ARG,América del Sur,Soja,2020,7226711,2.54,18337419,209,3496,-0.0261455058111094,16.07,25.8,7.73,540.67,74.33,50.67,6.0,9.49,0.0,0.0,0.0,0.0,0.0,0.0,0.0,0.0,0.0,0.0,0.0,1,0,0,0,1,1,0,0,1,0.0,0.0,0.0,0.0,0.0,0.0,0.0,502.72,627.89,61.57,0,0
Argentina,ARG,América del Sur,Maíz,2020,2094642,6.53,13683934,246,7043,-0.0332210856632197,16.07,25.8,7.73,540.67,74.33,50.67,6.0,9.49,0.0,0.0,0.0,0.0,0.0,0.0,0.0,0.0,0.0,0.0,0.0,1,0,0,0,1,1,0,0,1,0.0,0.0,0.0,0.0,0.0,0.0,0.0,201.47,225.88,18.42,0,0
Argentina,ARG,América del Sur,Cebada,2020,1744383,5.01,8738359,129,2771,0.0078684732509243,16.07,25.8,7.73,540.67,74.33,50.67,6.0,9.49,0.0,0.0,0.0,0.0,0.0,0.0,0.0,0.0,0.0,0.0,0.0,1,0,0,0,1,1,0,0,1,0.0,0.0,0.0,0.0,0.0,0.0,0.0,,,,0,1
Argentina,ARG,América del Sur,Té,2020,256100,1.7,435322,226,4978,-0.0398098694554023,16.07,25.8,7.73,540.67,74.33,50.67,6.0,9.49,0.0,0.0,0.0,0.0,0.0,0.0,0.0,0.0,0.0,0.0,0.0,1,0,0,0,1,1,0,0,1,0.0,0.0,0.0,0.0,0.0,0.0,0.0,,,,0,1
Argentina,ARG,América del Sur,Algodón,2020,3457606,2.72,9410237,250,1672,-0.0152796234691551,16.07,25.8,7.73,540.67,74.33,50.67,6.0,9.49,0.0,0.0,0.0,0.0,0.0,0.0,0.0,0.0,0.0,0.0,0.0,1,0,0,0,1,1,0,0,1,0.0,0.0,0.0,0.0,0.0,0.0,0.0,,,,0,1
Argentina,ARG,América del Sur,Girasol,2020,3163106,1.48,4684483,157,9031,-0.0394461129356001,16.07,25.8,7.73,540.67,74.33,50.67,6.0,9.49,0.0,0.0,0.0,0.0,0.0,0.0,0.0,0.0,0.0,0.0,0.0,1,0,0,0,1,1,0,0,1,0.0,0.0,0.0,0.0,0.0,0.0,0.0,,,,0,1
Argentina,ARG,América del Sur,Café,2020,440698,2.01,886916,95,9548,0.0465473731238077,16.07,25.8,7.73,540.67,74.33,50.67,6.0,9.49,0.0,0.0,0.0,0.0,0.0,0.0,0.0,0.0,0.0,0.0,0.0,1,0,0,0,1,1,0,0,1,0.0,0.0,0.0,0.0,0.0,0.0,0.0,,,,0,1
Argentina,ARG,América del Sur,Trigo,2020,4248426,7.19,30567194,201,5397,-0.0177695417018881,16.07,25.8,7.73,540.67,74.33,50.67,6.0,9.49,0.0,0.0,0.0,0.0,0.0,0.0,0.0,0.0,0.0,0.0,0.0,1,0,0,0,1,1,0,0,1,0.0,0.0,0.0,0.0,0.0,0.0,0.0,312.21,334.05,15.92,0,0
Brasil,BRA,América del Sur,Arroz,2011,1347714,4.38,5904963,137,5581,0.0380319979758225,17.97,31.43,5.43,615.0,67.67,70.67,7.33,9.75,3.0,0.0,0.0,1.0,0.0,0.0,0.0,0.0,1.0,1.0,1.0,0,0,0,0,0,0,0,0,0,1.0,0.0,0.0,0.0,1.0,0.0,0.0,379.76,419.02,27.04,0,0
Brasil,BRA,América del Sur,Soja,2011,2403160,3.3,7927168,111,7658,-0.0011422153151212,17.97,31.43,5.43,615.0,67.67,70.67,7.33,9.75,3.0,0.0,0.0,1.0,0.0,0.0,0.0,0.0,1.0,1.0,1.0,0,0,0,0,0,0,0,0,0,1.0,0.0,0.0,0.0,1.0,0.0,0.0,537.33,619.08,44.48,0,0
Brasil,BRA,América del Sur,Cebada,2011,1479338,4.45,6581725,54,2524,-0.0205764418679502,17.97,31.43,5.43,615.0,67.67,70.67,7.33,9.75,3.0,0.0,0.0,1.0,0.0,0.0,0.0,0.0,1.0,1.0,1.0,0,0,0,0,0,0,0,0,0,1.0,0.0,0.0,0.0,1.0,0.0,0.0,,,,0,1
Brasil,BRA,América del Sur,Té,2011,128089,1.65,211558,185,6632,-0.0074496187294785,17.97,31.43,5.43,615.0,67.67,70.67,7.33,9.75,3.0,0.0,0.0,1.0,0.0,0.0,0.0,0.0,1.0,1.0,1.0,0,0,0,0,0,0,0,0,0,1.0,0.0,0.0,0.0,1.0,0.0,0.0,,,,0,1
Brasil,BRA,América del Sur,Café,2011,177446,1.11,197465,109,2976,0.0221284331326069,17.97,31.43,5.43,615.0,67.67,70.67,7.33,9.75,3.0,0.0,0.0,1.0,0.0,0.0,0.0,0.0,1.0,1.0,1.0,0,0,0,0,0,0,0,0,0,1.0,0.0,0.0,0.0,1.0,0.0,0.0,,,,0,1
Brasil,BRA,América del Sur,Algodón,2011,2243064,3.76,8438524,239,8933,-0.022350037303131,17.97,31.43,5.43,615.0,67.67,70.67,7.33,9.75,3.0,0.0,0.0,1.0,0.0,0.0,0.0,0.0,1.0,1.0,1.0,0,0,0,0,0,0,0,0,0,1.0,0.0,0.0,0.0,1.0,0.0,0.0,,,,0,1
Brasil,BRA,América del Sur,Caña de azúcar,2011,8895477,125.62,1117450621,125,4727,-0.0139118930850613,17.97,31.43,5.43,615.0,67.67,70.67,7.33,9.75,3.0,0.0,0.0,1.0,0.0,0.0,0.0,0.0,1.0,1.0,1.0,0,0,0,0,0,0,0,0,0,1.0,0.0,0.0,0.0,1.0,0.0,0.0,,,,0,1
Brasil,BRA,América del Sur,Girasol,2011,4468704,1.24,5553473,124,3068,0.0137869655105927,17.97,31.43,5.43,615.0,67.67,70.67,7.33,9.75,3.0,0.0,0.0,1.0,0.0,0.0,0.0,0.0,1.0,1.0,1.0,0,0,0,0,0,0,0,0,0,1.0,0.0,0.0,0.0,1.0,0.0,0.0,,,,0,1
Brasil,BRA,América del Sur,Arroz,2012,455952,6.75,3078435,162,6582,-0.0315636329609918,15.43,25.07,6.33,864.33,62.33,25.0,4.67,16.98,0.0,0.0,0.0,0.0,0.0,0.0,0.0,0.0,0.0,0.0,0.0,0,0,0,0,0,0,0,0,0,1.0,0.0,0.0,0.0,1.0,0.0,0.0,379.76,419.02,27.04,0,0
Brasil,BRA,América del Sur,Soja,2012,7669673,3.11,23820326,175,2213,0.0077021156470818,15.43,25.07,6.33,864.33,62.33,25.0,4.67,16.98,0.0,0.0,0.0,0.0,0.0,0.0,0.0,0.0,0.0,0.0,0.0,0,0,0,0,0,0,0,0,0,1.0,0.0,0.0,0.0,1.0,0.0,0.0,537.33,619.08,44.48,0,0
Brasil,BRA,América del Sur,Cebada,2012,332518,2.92,969566,113,2940,0.0058073034617628,15.43,25.07,6.33,864.33,62.33,25.0,4.67,16.98,0.0,0.0,0.0,0.0,0.0,0.0,0.0,0.0,0.0,0.0,0.0,0,0,0,0,0,0,0,0,0,1.0,0.0,0.0,0.0,1.0,0.0,0.0,,,,0,1
Brasil,BRA,América del Sur,Té,2012,119017,2.73,324561,126,8025,-0.0194619755680639,15.43,25.07,6.33,864.33,62.33,25.0,4.67,16.98,0.0,0.0,0.0,0.0,0.0,0.0,0.0,0.0,0.0,0.0,0.0,0,0,0,0,0,0,0,0,0,1.0,0.0,0.0,0.0,1.0,0.0,0.0,,,,0,1
Brasil,BRA,América del Sur,Café,2012,327747,2.19,718560,210,4457,-0.0235353874709992,15.43,25.07,6.33,864.33,62.33,25.0,4.67,16.98,0.0,0.0,0.0,0.0,0.0,0.0,0.0,0.0,0.0,0.0,0.0,0,0,0,0,0,0,0,0,0,1.0,0.0,0.0,0.0,1.0,0.0,0.0,,,,0,1
Brasil,BRA,América del Sur,Algodón,2012,979089,1.07,1051956,165,8699,-0.0208740710968972,15.43,25.07,6.33,864.33,62.33,25.0,4.67,16.98,0.0,0.0,0.0,0.0,0.0,0.0,0.0,0.0,0.0,0.0,0.0,0,0,0,0,0,0,0,0,0,1.0,0.0,0.0,0.0,1.0,0.0,0.0,,,,0,1
Brasil,BRA,América del Sur,Caña de azúcar,2012,4673461,105.94,495101188,286,5334,0.0287828026646731,15.43,25.07,6.33,864.33,62.33,25.0,4.67,16.98,0.0,0.0,0.0,0.0,0.0,0.0,0.0,0.0,0.0,0.0,0.0,0,0,0,0,0,0,0,0,0,1.0,0.0,0.0,0.0,1.0,0.0,0.0,,,,0,1
Brasil,BRA,América del Sur,Girasol,2012,1707210,2.5,4264818,282,5352,0.0326631159650059,15.43,25.07,6.33,864.33,62.33,25.0,4.67,16.98,0.0,0.0,0.0,0.0,0.0,0.0,0.0,0.0,0.0,0.0,0.0,0,0,0,0,0,0,0,0,0,1.0,0.0,0.0,0.0,1.0,0.0,0.0,,,,0,1
Brasil,BRA,América del Sur,Arroz,2013,671704,7.26,4879482,285,5728,-0.0060846551326262,17.47,25.5,6.23,775.0,53.33,99.0,4.33,13.11,5.0,0.0,0.0,1.0,1.0,0.0,1.0,0.0,1.0,1.0,1.0,0,0,0,0,0,0,0,0,0,1.0,0.0,0.0,0.0,1.0,0.0,0.0,379.76,419.02,27.04,0,0
Brasil,BRA,América del Sur,Soja,2013,2627794,4.59,12063146,176,8172,-0.0419558148100699,17.47,25.5,6.23,775.0,53.33,99.0,4.33,13.11,5.0,0.0,0.0,1.0,1.0,0.0,1.0,0.0,1.0,1.0,1.0,0,0,0,0,0,0,0,0,0,1.0,0.0,0.0,0.0,1.0,0.0,0.0,537.33,619.08,44.48,0,0
Brasil,BRA,América del Sur,Cebada,2013,862695,4.53,3908034,108,1339,0.0499572416877451,17.47,25.5,6.23,775.0,53.33,99.0,4.33,13.11,5.0,0.0,0.0,1.0,1.0,0.0,1.0,0.0,1.0,1.0,1.0,0,0,0,0,0,0,0,0,0,1.0,0.0,0.0,0.0,1.0,0.0,0.0,,,,0,1
Brasil,BRA,América del Sur,Té,2013,147671,2.15,317080,182,8245,0.0416072787926767,17.47,25.5,6.23,775.0,53.33,99.0,4.33,13.11,5.0,0.0,0.0,1.0,1.0,0.0,1.0,0.0,1.0,1.0,1.0,0,0,0,0,0,0,0,0,0,1.0,0.0,0.0,0.0,1.0,0.0,0.0,,,,0,1
Brasil,BRA,América del Sur,Café,2013,297899,1.76,524747,170,6700,-0.0091651906569984,17.47,25.5,6.23,775.0,53.33,99.0,4.33,13.11,5.0,0.0,0.0,1.0,1.0,0.0,1.0,0.0,1.0,1.0,1.0,0,0,0,0,0,0,0,0,0,1.0,0.0,0.0,0.0,1.0,0.0,0.0,,,,0,1
Brasil,BRA,América del Sur,Algodón,2013,438489,3.52,1544979,123,7561,0.0313566034737972,17.47,25.5,6.23,775.0,53.33,99.0,4.33,13.11,5.0,0.0,0.0,1.0,1.0,0.0,1.0,0.0,1.0,1.0,1.0,0,0,0,0,0,0,0,0,0,1.0,0.0,0.0,0.0,1.0,0.0,0.0,,,,0,1
Brasil,BRA,América del Sur,Caña de azúcar,2013,7814033,52.04,406647504,247,7622,0.0364910584051879,17.47,25.5,6.23,775.0,53.33,99.0,4.33,13.11,5.0,0.0,0.0,1.0,1.0,0.0,1.0,0.0,1.0,1.0,1.0,0,0,0,0,0,0,0,0,0,1.0,0.0,0.0,0.0,1.0,0.0,0.0,,,,0,1
Brasil,BRA,América del Sur,Girasol,2013,20934,2.79,58380,98,9494,-0.0138220640848324,17.47,25.5,6.23,775.0,53.33,99.0,4.33,13.11,5.0,0.0,0.0,1.0,1.0,0.0,1.0,0.0,1.0,1.0,1.0,0,0,0,0,0,0,0,0,0,1.0,0.0,0.0,0.0,1.0,0.0,0.0,,,,0,1
Brasil,BRA,América del Sur,Arroz,2014,2825946,4.07,11488616,83,5719,-0.0061883904927621,22.53,33.8,11.0,784.33,51.33,49.67,6.67,9.78,2.0,0.0,0.0,0.0,0.0,0.0,1.0,0.0,0.0,1.0,1.0,0,0,0,0,0,0,0,0,0,1.0,0.0,0.0,0.0,1.0,0.0,0.0,379.76,419.02,27.04,0,0
Brasil,BRA,América del Sur,Soja,2014,1133776,2.93,3324660,231,3594,-0.0189249861606664,22.53,33.8,11.0,784.33,51.33,49.67,6.67,9.78,2.0,0.0,0.0,0.0,0.0,0.0,1.0,0.0,0.0,1.0,1.0,0,0,0,0,0,0,0,0,0,1.0,0.0,0.0,0.0,1.0,0.0,0.0,537.33,619.08,44.48,0,0
Brasil,BRA,América del Sur,Cebada,2014,796024,3.8,3026303,168,2924,0.0147709688783758,22.53,33.8,11.0,784.33,51.33,49.67,6.67,9.78,2.0,0.0,0.0,0.0,0.0,0.0,1.0,0.0,0.0,1.0,1.0,0,0,0,0,0,0,0,0,0,1.0,0.0,0.0,0.0,1.0,0.0,0.0,,,,0,1
Brasil,BRA,América del Sur,Té,2014,146103,2.02,295000,300,8736,-0.0256269093924861,22.53,33.8,11.0,784.33,51.33,49.67,6.67,9.78,2.0,0.0,0.0,0.0,0.0,0.0,1.0,0.0,0.0,1.0,1.0,0,0,0,0,0,0,0,0,0,1.0,0.0,0.0,0.0,1.0,0.0,0.0,,,,0,1
Brasil,BRA,América del Sur,Café,2014,208293,0.98,204949,84,2143,-0.0223752597177959,22.53,33.8,11.0,784.33,51.33,49.67,6.67,9.78,2.0,0.0,0.0,0.0,0.0,0.0,1.0,0.0,0.0,1.0,1.0,0,0,0,0,0,0,0,0,0,1.0,0.0,0.0,0.0,1.0,0.0,0.0,,,,0,1
Brasil,BRA,América del Sur,Algodón,2014,1885571,2.09,3949811,50,5634,0.0226050982613532,22.53,33.8,11.0,784.33,51.33,49.67,6.67,9.78,2.0,0.0,0.0,0.0,0.0,0.0,1.0,0.0,0.0,1.0,1.0,0,0,0,0,0,0,0,0,0,1.0,0.0,0.0,0.0,1.0,0.0,0.0,,,,0,1
Brasil,BRA,América del Sur,Caña de azúcar,2014,10620028,106.85,1134706673,187,8935,-0.0154876058306992,22.53,33.8,11.0,784.33,51.33,49.67,6.67,9.78,2.0,0.0,0.0,0.0,0.0,0.0,1.0,0.0,0.0,1.0,1.0,0,0,0,0,0,0,0,0,0,1.0,0.0,0.0,0.0,1.0,0.0,0.0,,,,0,1
Brasil,BRA,América del Sur,Girasol,2014,4709021,2.94,13835122,228,4912,0.0071797641984901,22.53,33.8,11.0,784.33,51.33,49.67,6.67,9.78,2.0,0.0,0.0,0.0,0.0,0.0,1.0,0.0,0.0,1.0,1.0,0,0,0,0,0,0,0,0,0,1.0,0.0,0.0,0.0,1.0,0.0,0.0,,,,0,1
Brasil,BRA,América del Sur,Arroz,2015,1661999,4.81,8001722,257,7246,-0.0113921247509017,19.27,31.7,10.4,1005.33,68.67,53.33,3.0,15.01,0.0,0.0,0.0,0.0,0.0,0.0,0.0,0.0,0.0,0.0,0.0,0,0,0,0,1,0,0,0,0,1.0,0.0,0.0,0.0,1.0,0.0,0.0,379.76,419.02,27.04,0,0
Brasil,BRA,América del Sur,Soja,2015,7404309,3.73,27627853,82,9229,0.0465353590176853,19.27,31.7,10.4,1005.33,68.67,53.33,3.0,15.01,0.0,0.0,0.0,0.0,0.0,0.0,0.0,0.0,0.0,0.0,0.0,0,0,0,0,1,0,0,0,0,1.0,0.0,0.0,0.0,1.0,0.0,0.0,537.33,619.08,44.48,0,0
Brasil,BRA,América del Sur,Cebada,2015,211840,5.47,1158588,166,1251,0.0222443827570642,19.27,31.7,10.4,1005.33,68.67,53.33,3.0,15.01,0.0,0.0,0.0,0.0,0.0,0.0,0.0,0.0,0.0,0.0,0.0,0,0,0,0,1,0,0,0,0,1.0,0.0,0.0,0.0,1.0,0.0,0.0,,,,0,1
Brasil,BRA,América del Sur,Té,2015,81632,1.19,97056,209,7512,0.0149836652579272,19.27,31.7,10.4,1005.33,68.67,53.33,3.0,15.01,0.0,0.0,0.0,0.0,0.0,0.0,0.0,0.0,0.0,0.0,0.0,0,0,0,0,1,0,0,0,0,1.0,0.0,0.0,0.0,1.0,0.0,0.0,,,,0,1
Brasil,BRA,América del Sur,Café,2015,500792,2.13,1066105,210,8994,0.0372383017398536,19.27,31.7,10.4,1005.33,68.67,53.33,3.0,15.01,0.0,0.0,0.0,0.0,0.0,0.0,0.0,0.0,0.0,0.0,0.0,0,0,0,0,1,0,0,0,0,1.0,0.0,0.0,0.0,1.0,0.0,0.0,,,,0,1
Brasil,BRA,América del Sur,Algodón,2015,266349,1.71,456333,108,2480,-0.0066028528076874,19.27,31.7,10.4,1005.33,68.67,53.33,3.0,15.01,0.0,0.0,0.0,0.0,0.0,0.0,0.0,0.0,0.0,0.0,0.0,0,0,0,0,1,0,0,0,0,1.0,0.0,0.0,0.0,1.0,0.0,0.0,,,,0,1
Brasil,BRA,América del Sur,Caña de azúcar,2015,1572151,104.64,164509104,61,6314,0.0296143465162211,19.27,31.7,10.4,1005.33,68.67,53.33,3.0,15.01,0.0,0.0,0.0,0.0,0.0,0.0,0.0,0.0,0.0,0.0,0.0,0,0,0,0,1,0,0,0,0,1.0,0.0,0.0,0.0,1.0,0.0,0.0,,,,0,1
Brasil,BRA,América del Sur,Girasol,2015,3071195,2.06,6338414,224,3950,-0.0330016350931902,19.27,31.7,10.4,1005.33,68.67,53.33,3.0,15.01,0.0,0.0,0.0,0.0,0.0,0.0,0.0,0.0,0.0,0.0,0.0,0,0,0,0,1,0,0,0,0,1.0,0.0,0.0,0.0,1.0,0.0,0.0,,,,0,1
Brasil,BRA,América del Sur,Arroz,2016,1465122,5.9,8647363,86,4804,-0.0038850086645002,16.37,26.87,7.53,660.33,58.0,42.0,5.33,11.75,1.0,0.0,1.0,0.0,0.0,0.0,0.0,0.0,0.0,0.0,1.0,0,0,0,0,1,0,0,0,0,1.0,0.0,0.0,0.0,1.0,0.0,0.0,379.76,419.02,27.04,0,0
Brasil,BRA,América del Sur,Soja,2016,2097553,4.4,9227256,123,9955,-0.0342024377928213,16.37,26.87,7.53,660.33,58.0,42.0,5.33,11.75,1.0,0.0,1.0,0.0,0.0,0.0,0.0,0.0,0.0,0.0,1.0,0,0,0,0,1,0,0,0,0,1.0,0.0,0.0,0.0,1.0,0.0,0.0,537.33,619.08,44.48,0,0
Brasil,BRA,América del Sur,Cebada,2016,738885,6.24,4608834,226,5097,-0.0043164187332213,16.37,26.87,7.53,660.33,58.0,42.0,5.33,11.75,1.0,0.0,1.0,0.0,0.0,0.0,0.0,0.0,0.0,0.0,1.0,0,0,0,0,1,0,0,0,0,1.0,0.0,0.0,0.0,1.0,0.0,0.0,,,,0,1
Brasil,BRA,América del Sur,Té,2016,196325,2.2,431842,141,5847,0.0492692043626897,16.37,26.87,7.53,660.33,58.0,42.0,5.33,11.75,1.0,0.0,1.0,0.0,0.0,0.0,0.0,0.0,0.0,0.0,1.0,0,0,0,0,1,0,0,0,0,1.0,0.0,0.0,0.0,1.0,0.0,0.0,,,,0,1
Brasil,BRA,América del Sur,Café,2016,422646,1.69,712279,225,1803,0.041061695371871,16.37,26.87,7.53,660.33,58.0,42.0,5.33,11.75,1.0,0.0,1.0,0.0,0.0,0.0,0.0,0.0,0.0,0.0,1.0,0,0,0,0,1,0,0,0,0,1.0,0.0,0.0,0.0,1.0,0.0,0.0,,,,0,1
Brasil,BRA,América del Sur,Algodón,2016,1335715,3.24,4323554,106,4115,0.0120891163130304,16.37,26.87,7.53,660.33,58.0,42.0,5.33,11.75,1.0,0.0,1.0,0.0,0.0,0.0,0.0,0.0,0.0,0.0,1.0,0,0,0,0,1,0,0,0,0,1.0,0.0,0.0,0.0,1.0,0.0,0.0,,,,0,1
Brasil,BRA,América del Sur,Caña de azúcar,2016,2503622,118.44,296529437,129,8222,-0.0466635468754367,16.37,26.87,7.53,660.33,58.0,42.0,5.33,11.75,1.0,0.0,1.0,0.0,0.0,0.0,0.0,0.0,0.0,0.0,1.0,0,0,0,0,1,0,0,0,0,1.0,0.0,0.0,0.0,1.0,0.0,0.0,,,,0,1
Brasil,BRA,América del Sur,Girasol,2016,1100687,1.66,1823932,94,4289,-0.0367840202253216,16.37,26.87,7.53,660.33,58.0,42.0,5.33,11.75,1.0,0.0,1.0,0.0,0.0,0.0,0.0,0.0,0.0,0.0,1.0,0,0,0,0,1,0,0,0,0,1.0,0.0,0.0,0.0,1.0,0.0,0.0,,,,0,1
Brasil,BRA,América del Sur,Arroz,2017,1621472,7.16,11615734,115,8894,0.0467384076166812,21.3,34.03,11.07,621.0,55.33,31.0,5.0,8.38,0.0,0.0,0.0,0.0,0.0,0.0,0.0,0.0,0.0,0.0,0.0,0,0,0,0,1,0,1,0,0,1.0,0.0,0.0,0.0,1.0,0.0,0.0,379.76,419.02,27.04,0,0
Brasil,BRA,América del Sur,Soja,2017,7085824,3.06,21694268,86,4696,0.0360140596898821,21.3,34.03,11.07,621.0,55.33,31.0,5.0,8.38,0.0,0.0,0.0,0.0,0.0,0.0,0.0,0.0,0.0,0.0,0.0,0,0,0,0,1,0,1,0,0,1.0,0.0,0.0,0.0,1.0,0.0,0.0,537.33,619.08,44.48,0,0
Brasil,BRA,América del Sur,Cebada,2017,938327,6.34,5945832,252,7464,-0.0486081344899098,21.3,34.03,11.07,621.0,55.33,31.0,5.0,8.38,0.0,0.0,0.0,0.0,0.0,0.0,0.0,0.0,0.0,0.0,0.0,0,0,0,0,1,0,1,0,0,1.0,0.0,0.0,0.0,1.0,0.0,0.0,,,,0,1
Brasil,BRA,América del Sur,Té,2017,250595,1.77,444531,147,7086,-0.0391653897800769,21.3,34.03,11.07,621.0,55.33,31.0,5.0,8.38,0.0,0.0,0.0,0.0,0.0,0.0,0.0,0.0,0.0,0.0,0.0,0,0,0,0,1,0,1,0,0,1.0,0.0,0.0,0.0,1.0,0.0,0.0,,,,0,1
Brasil,BRA,América del Sur,Café,2017,13318,1.94,25860,206,4626,0.0147652380639441,21.3,34.03,11.07,621.0,55.33,31.0,5.0,8.38,0.0,0.0,0.0,0.0,0.0,0.0,0.0,0.0,0.0,0.0,0.0,0,0,0,0,1,0,1,0,0,1.0,0.0,0.0,0.0,1.0,0.0,0.0,,,,0,1
Brasil,BRA,América del Sur,Algodón,2017,2118922,3.34,7074498,85,1742,0.0446261532881946,21.3,34.03,11.07,621.0,55.33,31.0,5.0,8.38,0.0,0.0,0.0,0.0,0.0,0.0,0.0,0.0,0.0,0.0,0.0,0,0,0,0,1,0,1,0,0,1.0,0.0,0.0,0.0,1.0,0.0,0.0,,,,0,1
Brasil,BRA,América del Sur,Caña de azúcar,2017,8001831,60.54,484412010,149,8432,-0.0128988484513117,21.3,34.03,11.07,621.0,55.33,31.0,5.0,8.38,0.0,0.0,0.0,0.0,0.0,0.0,0.0,0.0,0.0,0.0,0.0,0,0,0,0,1,0,1,0,0,1.0,0.0,0.0,0.0,1.0,0.0,0.0,,,,0,1
Brasil,BRA,América del Sur,Girasol,2017,5490058,2.3,12621748,156,2622,0.0333693083296321,21.3,34.03,11.07,621.0,55.33,31.0,5.0,8.38,0.0,0.0,0.0,0.0,0.0,0.0,0.0,0.0,0.0,0.0,0.0,0,0,0,0,1,0,1,0,0,1.0,0.0,0.0,0.0,1.0,0.0,0.0,,,,0,1
Brasil,BRA,América del Sur,Arroz,2018,1289325,3.82,4925107,293,4868,0.0355450193305954,17.53,27.0,8.7,639.0,62.0,68.33,4.67,10.3,3.0,0.0,1.0,0.0,0.0,0.0,2.0,0.0,0.0,0.0,1.0,0,0,1,0,1,0,1,0,0,1.0,0.0,0.0,0.0,1.0,0.0,0.0,379.76,419.02,27.04,0,0
Brasil,BRA,América del Sur,Soja,2018,5139802,3.92,20135347,65,7523,-0.0224118559138413,17.53,27.0,8.7,639.0,62.0,68.33,4.67,10.3,3.0,0.0,1.0,0.0,0.0,0.0,2.0,0.0,0.0,0.0,1.0,0,0,1,0,1,0,1,0,0,1.0,0.0,0.0,0.0,1.0,0.0,0.0,537.33,619.08,44.48,0,0
Brasil,BRA,América del Sur,Cebada,2018,2496445,5.63,14058098,214,1349,-0.0449421489337127,17.53,27.0,8.7,639.0,62.0,68.33,4.67,10.3,3.0,0.0,1.0,0.0,0.0,0.0,2.0,0.0,0.0,0.0,1.0,0,0,1,0,1,0,1,0,0,1.0,0.0,0.0,0.0,1.0,0.0,0.0,,,,0,1
Brasil,BRA,América del Sur,Té,2018,64771,2.5,161609,191,4394,0.0086383083581561,17.53,27.0,8.7,639.0,62.0,68.33,4.67,10.3,3.0,0.0,1.0,0.0,0.0,0.0,2.0,0.0,0.0,0.0,1.0,0,0,1,0,1,0,1,0,0,1.0,0.0,0.0,0.0,1.0,0.0,0.0,,,,0,1
Brasil,BRA,América del Sur,Café,2018,145039,1.11,161490,50,5542,0.0358406126380176,17.53,27.0,8.7,639.0,62.0,68.33,4.67,10.3,3.0,0.0,1.0,0.0,0.0,0.0,2.0,0.0,0.0,0.0,1.0,0,0,1,0,1,0,1,0,0,1.0,0.0,0.0,0.0,1.0,0.0,0.0,,,,0,1
Brasil,BRA,América del Sur,Algodón,2018,496481,2.59,1286021,271,1422,-0.0368196770438102,17.53,27.0,8.7,639.0,62.0,68.33,4.67,10.3,3.0,0.0,1.0,0.0,0.0,0.0,2.0,0.0,0.0,0.0,1.0,0,0,1,0,1,0,1,0,0,1.0,0.0,0.0,0.0,1.0,0.0,0.0,,,,0,1
Brasil,BRA,América del Sur,Caña de azúcar,2018,3935472,71.46,281213415,82,7897,0.0026085526597867,17.53,27.0,8.7,639.0,62.0,68.33,4.67,10.3,3.0,0.0,1.0,0.0,0.0,0.0,2.0,0.0,0.0,0.0,1.0,0,0,1,0,1,0,1,0,0,1.0,0.0,0.0,0.0,1.0,0.0,0.0,,,,0,1
Brasil,BRA,América del Sur,Girasol,2018,4593482,2.33,10693279,165,9254,-0.0278450243581715,17.53,27.0,8.7,639.0,62.0,68.33,4.67,10.3,3.0,0.0,1.0,0.0,0.0,0.0,2.0,0.0,0.0,0.0,1.0,0,0,1,0,1,0,1,0,0,1.0,0.0,0.0,0.0,1.0,0.0,0.0,,,,0,1
Brasil,BRA,América del Sur,Arroz,2019,3053967,6.23,19034059,65,8847,0.0347298543167242,16.47,27.53,3.07,932.0,52.67,96.33,4.33,16.15,0.0,0.0,0.0,0.0,0.0,0.0,0.0,0.0,0.0,0.0,0.0,1,0,1,0,1,0,1,0,0,1.0,0.0,0.0,0.0,1.0,0.0,0.0,379.76,419.02,27.04,0,0
Brasil,BRA,América del Sur,Soja,2019,967007,3.53,3416050,70,6277,0.0108297423633439,16.47,27.53,3.07,932.0,52.67,96.33,4.33,16.15,0.0,0.0,0.0,0.0,0.0,0.0,0.0,0.0,0.0,0.0,0.0,1,0,1,0,1,0,1,0,0,1.0,0.0,0.0,0.0,1.0,0.0,0.0,537.33,619.08,44.48,0,0
Brasil,BRA,América del Sur,Cebada,2019,499859,5.15,2576002,147,9692,-0.020510225405011,16.47,27.53,3.07,932.0,52.67,96.33,4.33,16.15,0.0,0.0,0.0,0.0,0.0,0.0,0.0,0.0,0.0,0.0,0.0,1,0,1,0,1,0,1,0,0,1.0,0.0,0.0,0.0,1.0,0.0,0.0,,,,0,1
Brasil,BRA,América del Sur,Té,2019,237014,1.43,339438,216,4522,-0.0069930058333613,16.47,27.53,3.07,932.0,52.67,96.33,4.33,16.15,0.0,0.0,0.0,0.0,0.0,0.0,0.0,0.0,0.0,0.0,0.0,1,0,1,0,1,0,1,0,0,1.0,0.0,0.0,0.0,1.0,0.0,0.0,,,,0,1
Brasil,BRA,América del Sur,Café,2019,270778,1.13,305118,74,6120,-0.0073235993739041,16.47,27.53,3.07,932.0,52.67,96.33,4.33,16.15,0.0,0.0,0.0,0.0,0.0,0.0,0.0,0.0,0.0,0.0,0.0,1,0,1,0,1,0,1,0,0,1.0,0.0,0.0,0.0,1.0,0.0,0.0,,,,0,1
Brasil,BRA,América del Sur,Algodón,2019,1773095,4.12,7300286,73,2398,-0.0406769898296322,16.47,27.53,3.07,932.0,52.67,96.33,4.33,16.15,0.0,0.0,0.0,0.0,0.0,0.0,0.0,0.0,0.0,0.0,0.0,1,0,1,0,1,0,1,0,0,1.0,0.0,0.0,0.0,1.0,0.0,0.0,,,,0,1
Brasil,BRA,América del Sur,Caña de azúcar,2019,5457022,114.04,622322406,193,6400,0.0170013264732295,16.47,27.53,3.07,932.0,52.67,96.33,4.33,16.15,0.0,0.0,0.0,0.0,0.0,0.0,0.0,0.0,0.0,0.0,0.0,1,0,1,0,1,0,1,0,0,1.0,0.0,0.0,0.0,1.0,0.0,0.0,,,,0,1
Brasil,BRA,América del Sur,Girasol,2019,3575193,4.02,14362621,203,6119,-0.0148353814306851,16.47,27.53,3.07,932.0,52.67,96.33,4.33,16.15,0.0,0.0,0.0,0.0,0.0,0.0,0.0,0.0,0.0,0.0,0.0,1,0,1,0,1,0,1,0,0,1.0,0.0,0.0,0.0,1.0,0.0,0.0,,,,0,1
Brasil,BRA,América del Sur,Arroz,2020,985848,4.89,4824901,139,7022,-0.0385114686469691,20.37,32.2,12.07,960.33,60.33,77.33,2.67,13.48,2.0,0.0,0.0,1.0,0.0,0.0,0.0,1.0,0.0,0.0,1.0,1,0,1,0,1,0,1,0,0,1.0,0.0,0.0,0.0,1.0,0.0,0.0,379.76,419.02,27.04,0,0
Brasil,BRA,América del Sur,Soja,2020,1832113,5.35,9800172,259,1430,0.0108994915553065,20.37,32.2,12.07,960.33,60.33,77.33,2.67,13.48,2.0,0.0,0.0,1.0,0.0,0.0,0.0,1.0,0.0,0.0,1.0,1,0,1,0,1,0,1,0,0,1.0,0.0,0.0,0.0,1.0,0.0,0.0,537.33,619.08,44.48,0,0
Brasil,BRA,América del Sur,Cebada,2020,1658739,3.18,5273227,129,6567,-0.0148976579263018,20.37,32.2,12.07,960.33,60.33,77.33,2.67,13.48,2.0,0.0,0.0,1.0,0.0,0.0,0.0,1.0,0.0,0.0,1.0,1,0,1,0,1,0,1,0,0,1.0,0.0,0.0,0.0,1.0,0.0,0.0,,,,0,1
Brasil,BRA,América del Sur,Té,2020,67736,1.83,123819,212,1502,-0.0408242316945554,20.37,32.2,12.07,960.33,60.33,77.33,2.67,13.48,2.0,0.0,0.0,1.0,0.0,0.0,0.0,1.0,0.0,0.0,1.0,1,0,1,0,1,0,1,0,0,1.0,0.0,0.0,0.0,1.0,0.0,0.0,,,,0,1
Brasil,BRA,América del Sur,Café,2020,211553,1.21,255028,234,6314,0.0276835619966741,20.37,32.2,12.07,960.33,60.33,77.33,2.67,13.48,2.0,0.0,0.0,1.0,0.0,0.0,0.0,1.0,0.0,0.0,1.0,1,0,1,0,1,0,1,0,0,1.0,0.0,0.0,0.0,1.0,0.0,0.0,,,,0,1
Brasil,BRA,América del Sur,Algodón,2020,392781,3.39,1330504,62,2336,-0.0227897156453781,20.37,32.2,12.07,960.33,60.33,77.33,2.67,13.48,2.0,0.0,0.0,1.0,0.0,0.0,0.0,1.0,0.0,0.0,1.0,1,0,1,0,1,0,1,0,0,1.0,0.0,0.0,0.0,1.0,0.0,0.0,,,,0,1
Brasil,BRA,América del Sur,Caña de azúcar,2020,9291726,85.17,791369186,181,2864,-0.0154827144519138,20.37,32.2,12.07,960.33,60.33,77.33,2.67,13.48,2.0,0.0,0.0,1.0,0.0,0.0,0.0,1.0,0.0,0.0,1.0,1,0,1,0,1,0,1,0,0,1.0,0.0,0.0,0.0,1.0,0.0,0.0,,,,0,1
Brasil,BRA,América del Sur,Girasol,2020,4309998,2.28,9821497,151,1897,-0.0492312914100117,20.37,32.2,12.07,960.33,60.33,77.33,2.67,13.48,2.0,0.0,0.0,1.0,0.0,0.0,0.0,1.0,0.0,0.0,1.0,1,0,1,0,1,0,1,0,0,1.0,0.0,0.0,0.0,1.0,0.0,0.0,,,,0,1
Estados Unidos,USA,América del Norte,Cebada,2011,1540777,3.45,5309930,108,9196,0.0058723567674712,15.73,28.23,5.5,1098.67,49.0,73.0,3.33,19.68,5.0,0.0,1.0,0.0,1.0,0.0,2.0,0.0,1.0,0.0,1.0,0,0,0,0,0,0,0,0,0,1.0,0.0,0.0,0.0,1.0,0.0,0.0,,,,0,1
Estados Unidos,USA,América del Norte,Arroz,2011,1515527,4.16,6310104,54,8532,0.0421162434502412,15.73,28.23,5.5,1098.67,49.0,73.0,3.33,19.68,5.0,0.0,1.0,0.0,1.0,0.0,2.0,0.0,1.0,0.0,1.0,0,0,0,0,0,0,0,0,0,1.0,0.0,0.0,0.0,1.0,0.0,0.0,357.29,388.74,22.26,0,0
Estados Unidos,USA,América del Norte,Trigo,2011,4961874,4.59,22754122,124,2887,-0.0094967692935045,15.73,28.23,5.5,1098.67,49.0,73.0,3.33,19.68,5.0,0.0,1.0,0.0,1.0,0.0,2.0,0.0,1.0,0.0,1.0,0,0,0,0,0,0,0,0,0,1.0,0.0,0.0,0.0,1.0,0.0,0.0,300.97,348.64,31.94,0,0
Estados Unidos,USA,América del Norte,Algodón,2011,746437,3.92,2925948,285,6928,-0.0411870118702115,15.73,28.23,5.5,1098.67,49.0,73.0,3.33,19.68,5.0,0.0,1.0,0.0,1.0,0.0,2.0,0.0,1.0,0.0,1.0,0,0,0,0,0,0,0,0,0,1.0,0.0,0.0,0.0,1.0,0.0,0.0,,,,0,1
Estados Unidos,USA,América del Norte,Caña de azúcar,2011,4183118,72.26,302252772,272,6083,0.0245804826464602,15.73,28.23,5.5,1098.67,49.0,73.0,3.33,19.68,5.0,0.0,1.0,0.0,1.0,0.0,2.0,0.0,1.0,0.0,1.0,0,0,0,0,0,0,0,0,0,1.0,0.0,0.0,0.0,1.0,0.0,0.0,,,,0,1
Estados Unidos,USA,América del Norte,Girasol,2011,1407727,1.76,2473119,99,6724,-0.0148900265042639,15.73,28.23,5.5,1098.67,49.0,73.0,3.33,19.68,5.0,0.0,1.0,0.0,1.0,0.0,2.0,0.0,1.0,0.0,1.0,0,0,0,0,0,0,0,0,0,1.0,0.0,0.0,0.0,1.0,0.0,0.0,,,,0,1
Estados Unidos,USA,América del Norte,Té,2011,80107,1.15,92080,204,3504,0.0260215295546892,15.73,28.23,5.5,1098.67,49.0,73.0,3.33,19.68,5.0,0.0,1.0,0.0,1.0,0.0,2.0,0.0,1.0,0.0,1.0,0,0,0,0,0,0,0,0,0,1.0,0.0,0.0,0.0,1.0,0.0,0.0,,,,0,1
Estados Unidos,USA,América del Norte,Maíz,2011,3111264,10.04,31248261,194,8354,0.0181133478314833,15.73,28.23,5.5,1098.67,49.0,73.0,3.33,19.68,5.0,0.0,1.0,0.0,1.0,0.0,2.0,0.0,1.0,0.0,1.0,0,0,0,0,0,0,0,0,0,1.0,0.0,0.0,0.0,1.0,0.0,0.0,204.77,229.55,18.37,0,0
Estados Unidos,USA,América del Norte,Cebada,2012,1419480,5.5,7808116,210,6179,-0.0349042598606923,15.47,24.9,4.57,913.0,61.67,73.33,2.67,17.82,3.0,0.0,0.0,1.0,0.0,1.0,0.0,0.0,0.0,1.0,1.0,0,0,0,0,0,0,0,0,0,1.0,0.0,0.0,0.0,1.0,0.0,0.0,,,,0,1
Estados Unidos,USA,América del Norte,Arroz,2012,1803411,6.77,12215610,140,9312,-0.0425809343826712,15.47,24.9,4.57,913.0,61.67,73.33,2.67,17.82,3.0,0.0,0.0,1.0,0.0,1.0,0.0,0.0,0.0,1.0,1.0,0,0,0,0,0,0,0,0,0,1.0,0.0,0.0,0.0,1.0,0.0,0.0,357.29,388.74,22.26,0,0
Estados Unidos,USA,América del Norte,Trigo,2012,337546,2.32,781498,271,2479,0.0115008388415573,15.47,24.9,4.57,913.0,61.67,73.33,2.67,17.82,3.0,0.0,0.0,1.0,0.0,1.0,0.0,0.0,0.0,1.0,1.0,0,0,0,0,0,0,0,0,0,1.0,0.0,0.0,0.0,1.0,0.0,0.0,300.97,348.64,31.94,0,0
Estados Unidos,USA,América del Norte,Algodón,2012,1966641,3.47,6826536,60,8368,0.0409049956573664,15.47,24.9,4.57,913.0,61.67,73.33,2.67,17.82,3.0,0.0,0.0,1.0,0.0,1.0,0.0,0.0,0.0,1.0,1.0,0,0,0,0,0,0,0,0,0,1.0,0.0,0.0,0.0,1.0,0.0,0.0,,,,0,1
Estados Unidos,USA,América del Norte,Caña de azúcar,2012,3222750,70.29,226541491,65,8381,-0.0396498122729608,15.47,24.9,4.57,913.0,61.67,73.33,2.67,17.82,3.0,0.0,0.0,1.0,0.0,1.0,0.0,0.0,0.0,1.0,1.0,0,0,0,0,0,0,0,0,0,1.0,0.0,0.0,0.0,1.0,0.0,0.0,,,,0,1
Estados Unidos,USA,América del Norte,Girasol,2012,3037060,3.02,9157720,60,5059,0.0207621704323278,15.47,24.9,4.57,913.0,61.67,73.33,2.67,17.82,3.0,0.0,0.0,1.0,0.0,1.0,0.0,0.0,0.0,1.0,1.0,0,0,0,0,0,0,0,0,0,1.0,0.0,0.0,0.0,1.0,0.0,0.0,,,,0,1
Estados Unidos,USA,América del Norte,Té,2012,291769,1.7,495688,122,7347,-0.0091230602752679,15.47,24.9,4.57,913.0,61.67,73.33,2.67,17.82,3.0,0.0,0.0,1.0,0.0,1.0,0.0,0.0,0.0,1.0,1.0,0,0,0,0,0,0,0,0,0,1.0,0.0,0.0,0.0,1.0,0.0,0.0,,,,0,1
Estados Unidos,USA,América del Norte,Maíz,2012,972525,7.85,7635622,74,7333,-0.0215853026121886,15.47,24.9,4.57,913.0,61.67,73.33,2.67,17.82,3.0,0.0,0.0,1.0,0.0,1.0,0.0,0.0,0.0,1.0,1.0,0,0,0,0,0,0,0,0,0,1.0,0.0,0.0,0.0,1.0,0.0,0.0,204.77,229.55,18.37,0,0
Estados Unidos,USA,América del Norte,Cebada,2013,1450111,5.48,7939678,70,3317,0.041674645505712,15.3,28.5,6.17,1169.67,58.0,25.67,2.33,22.67,0.0,0.0,0.0,0.0,0.0,0.0,0.0,0.0,0.0,0.0,0.0,0,0,0,0,0,0,0,0,0,1.0,0.0,0.0,0.0,1.0,0.0,0.0,,,,0,1
Estados Unidos,USA,América del Norte,Arroz,2013,2724671,6.0,16343391,290,2388,-0.0190418112584039,15.3,28.5,6.17,1169.67,58.0,25.67,2.33,22.67,0.0,0.0,0.0,0.0,0.0,0.0,0.0,0.0,0.0,0.0,0.0,0,0,0,0,0,0,0,0,0,1.0,0.0,0.0,0.0,1.0,0.0,0.0,357.29,388.74,22.26,0,0
Estados Unidos,USA,América del Norte,Trigo,2013,2765763,8.07,22326033,239,9624,-0.0406547034933978,15.3,28.5,6.17,1169.67,58.0,25.67,2.33,22.67,0.0,0.0,0.0,0.0,0.0,0.0,0.0,0.0,0.0,0.0,0.0,0,0,0,0,0,0,0,0,0,1.0,0.0,0.0,0.0,1.0,0.0,0.0,300.97,348.64,31.94,0,0
Estados Unidos,USA,América del Norte,Algodón,2013,2225658,1.78,3965714,104,6598,0.0447668267534346,15.3,28.5,6.17,1169.67,58.0,25.67,2.33,22.67,0.0,0.0,0.0,0.0,0.0,0.0,0.0,0.0,0.0,0.0,0.0,0,0,0,0,0,0,0,0,0,1.0,0.0,0.0,0.0,1.0,0.0,0.0,,,,0,1
Estados Unidos,USA,América del Norte,Caña de azúcar,2013,3860287,97.1,374831609,251,2657,0.0007689712724646,15.3,28.5,6.17,1169.67,58.0,25.67,2.33,22.67,0.0,0.0,0.0,0.0,0.0,0.0,0.0,0.0,0.0,0.0,0.0,0,0,0,0,0,0,0,0,0,1.0,0.0,0.0,0.0,1.0,0.0,0.0,,,,0,1
Estados Unidos,USA,América del Norte,Girasol,2013,4520329,1.59,7188568,83,7172,-0.0345747238678878,15.3,28.5,6.17,1169.67,58.0,25.67,2.33,22.67,0.0,0.0,0.0,0.0,0.0,0.0,0.0,0.0,0.0,0.0,0.0,0,0,0,0,0,0,0,0,0,1.0,0.0,0.0,0.0,1.0,0.0,0.0,,,,0,1
Estados Unidos,USA,América del Norte,Té,2013,84451,1.92,161748,234,4891,0.0469588603408624,15.3,28.5,6.17,1169.67,58.0,25.67,2.33,22.67,0.0,0.0,0.0,0.0,0.0,0.0,0.0,0.0,0.0,0.0,0.0,0,0,0,0,0,0,0,0,0,1.0,0.0,0.0,0.0,1.0,0.0,0.0,,,,0,1
Estados Unidos,USA,América del Norte,Maíz,2013,7875390,4.73,37284991,250,8684,0.0403974338137458,15.3,28.5,6.17,1169.67,58.0,25.67,2.33,22.67,0.0,0.0,0.0,0.0,0.0,0.0,0.0,0.0,0.0,0.0,0.0,0,0,0,0,0,0,0,0,0,1.0,0.0,0.0,0.0,1.0,0.0,0.0,204.77,229.55,18.37,0,0
Estados Unidos,USA,América del Norte,Cebada,2014,1369605,6.86,9398163,122,7256,0.0002906691487578,18.1,24.83,6.9,634.0,51.0,21.0,5.0,9.68,0.0,0.0,0.0,0.0,0.0,0.0,0.0,0.0,0.0,0.0,0.0,0,0,0,0,0,0,0,0,0,1.0,0.0,0.0,0.0,1.0,0.0,0.0,,,,0,1
Estados Unidos,USA,América del Norte,Arroz,2014,692298,6.44,4461103,114,1854,0.0141179036204447,18.1,24.83,6.9,634.0,51.0,21.0,5.0,9.68,0.0,0.0,0.0,0.0,0.0,0.0,0.0,0.0,0.0,0.0,0.0,0,0,0,0,0,0,0,0,0,1.0,0.0,0.0,0.0,1.0,0.0,0.0,357.29,388.74,22.26,0,0
Estados Unidos,USA,América del Norte,Trigo,2014,5130825,8.29,42525703,81,5670,-0.0416124874628209,18.1,24.83,6.9,634.0,51.0,21.0,5.0,9.68,0.0,0.0,0.0,0.0,0.0,0.0,0.0,0.0,0.0,0.0,0.0,0,0,0,0,0,0,0,0,0,1.0,0.0,0.0,0.0,1.0,0.0,0.0,300.97,348.64,31.94,0,0
Estados Unidos,USA,América del Norte,Algodón,2014,1800614,3.13,5639302,292,4637,0.03167032558555,18.1,24.83,6.9,634.0,51.0,21.0,5.0,9.68,0.0,0.0,0.0,0.0,0.0,0.0,0.0,0.0,0.0,0.0,0.0,0,0,0,0,0,0,0,0,0,1.0,0.0,0.0,0.0,1.0,0.0,0.0,,,,0,1
Estados Unidos,USA,América del Norte,Caña de azúcar,2014,503427,78.3,39418652,148,2337,-0.0125087326582232,18.1,24.83,6.9,634.0,51.0,21.0,5.0,9.68,0.0,0.0,0.0,0.0,0.0,0.0,0.0,0.0,0.0,0.0,0.0,0,0,0,0,0,0,0,0,0,1.0,0.0,0.0,0.0,1.0,0.0,0.0,,,,0,1
Estados Unidos,USA,América del Norte,Girasol,2014,780340,3.66,2858777,85,1627,-0.0213120602686731,18.1,24.83,6.9,634.0,51.0,21.0,5.0,9.68,0.0,0.0,0.0,0.0,0.0,0.0,0.0,0.0,0.0,0.0,0.0,0,0,0,0,0,0,0,0,0,1.0,0.0,0.0,0.0,1.0,0.0,0.0,,,,0,1
Estados Unidos,USA,América del Norte,Té,2014,79770,2.57,205217,281,2298,-0.0480996115089029,18.1,24.83,6.9,634.0,51.0,21.0,5.0,9.68,0.0,0.0,0.0,0.0,0.0,0.0,0.0,0.0,0.0,0.0,0.0,0,0,0,0,0,0,0,0,0,1.0,0.0,0.0,0.0,1.0,0.0,0.0,,,,0,1
Estados Unidos,USA,América del Norte,Maíz,2014,2513669,7.53,18917053,78,5720,-0.0262359773359066,18.1,24.83,6.9,634.0,51.0,21.0,5.0,9.68,0.0,0.0,0.0,0.0,0.0,0.0,0.0,0.0,0.0,0.0,0.0,0,0,0,0,0,0,0,0,0,1.0,0.0,0.0,0.0,1.0,0.0,0.0,204.77,229.55,18.37,0,0
Estados Unidos,USA,América del Norte,Cebada,2015,470886,4.38,2061988,78,9189,0.0096739042818946,14.6,26.67,5.83,884.67,68.67,67.33,5.33,16.98,3.0,0.0,1.0,0.0,0.0,0.0,0.0,1.0,0.0,1.0,1.0,0,0,0,0,0,1,0,0,0,1.0,0.0,0.0,0.0,1.0,0.0,0.0,,,,0,1
Estados Unidos,USA,América del Norte,Arroz,2015,1971236,5.84,11503705,50,6780,-0.0259435761193456,14.6,26.67,5.83,884.67,68.67,67.33,5.33,16.98,3.0,0.0,1.0,0.0,0.0,0.0,0.0,1.0,0.0,1.0,1.0,0,0,0,0,0,1,0,0,0,1.0,0.0,0.0,0.0,1.0,0.0,0.0,357.29,388.74,22.26,0,0
Estados Unidos,USA,América del Norte,Trigo,2015,741243,5.51,4087613,189,9312,0.0286412335845317,14.6,26.67,5.83,884.67,68.67,67.33,5.33,16.98,3.0,0.0,1.0,0.0,0.0,0.0,0.0,1.0,0.0,1.0,1.0,0,0,0,0,0,1,0,0,0,1.0,0.0,0.0,0.0,1.0,0.0,0.0,300.97,348.64,31.94,0,0
Estados Unidos,USA,América del Norte,Algodón,2015,92743,2.23,207071,145,5155,0.0247316591562645,14.6,26.67,5.83,884.67,68.67,67.33,5.33,16.98,3.0,0.0,1.0,0.0,0.0,0.0,0.0,1.0,0.0,1.0,1.0,0,0,0,0,0,1,0,0,0,1.0,0.0,0.0,0.0,1.0,0.0,0.0,,,,0,1
Estados Unidos,USA,América del Norte,Caña de azúcar,2015,1131248,91.6,103622663,247,6447,-0.0366590410140636,14.6,26.67,5.83,884.67,68.67,67.33,5.33,16.98,3.0,0.0,1.0,0.0,0.0,0.0,0.0,1.0,0.0,1.0,1.0,0,0,0,0,0,1,0,0,0,1.0,0.0,0.0,0.0,1.0,0.0,0.0,,,,0,1
Estados Unidos,USA,América del Norte,Girasol,2015,2816115,2.95,8303171,168,8840,0.0131735847758337,14.6,26.67,5.83,884.67,68.67,67.33,5.33,16.98,3.0,0.0,1.0,0.0,0.0,0.0,0.0,1.0,0.0,1.0,1.0,0,0,0,0,0,1,0,0,0,1.0,0.0,0.0,0.0,1.0,0.0,0.0,,,,0,1
Estados Unidos,USA,América del Norte,Té,2015,37181,2.47,91683,101,1717,0.0291109213229043,14.6,26.67,5.83,884.67,68.67,67.33,5.33,16.98,3.0,0.0,1.0,0.0,0.0,0.0,0.0,1.0,0.0,1.0,1.0,0,0,0,0,0,1,0,0,0,1.0,0.0,0.0,0.0,1.0,0.0,0.0,,,,0,1
Estados Unidos,USA,América del Norte,Maíz,2015,6082617,11.0,66907564,189,8756,-0.0246686234797382,14.6,26.67,5.83,884.67,68.67,67.33,5.33,16.98,3.0,0.0,1.0,0.0,0.0,0.0,0.0,1.0,0.0,1.0,1.0,0,0,0,0,0,1,0,0,0,1.0,0.0,0.0,0.0,1.0,0.0,0.0,204.77,229.55,18.37,0,0
Estados Unidos,USA,América del Norte,Cebada,2016,450723,3.46,1561657,217,6438,-0.0226783393886126,22.27,33.7,10.33,1386.0,57.33,78.33,1.0,17.33,0.0,0.0,0.0,0.0,0.0,0.0,0.0,0.0,0.0,0.0,0.0,0,0,0,0,0,1,0,0,0,1.0,0.0,0.0,0.0,1.0,0.0,0.0,,,,0,1
Estados Unidos,USA,América del Norte,Arroz,2016,2074784,8.18,16979569,148,6554,0.0473723584315309,22.27,33.7,10.33,1386.0,57.33,78.33,1.0,17.33,0.0,0.0,0.0,0.0,0.0,0.0,0.0,0.0,0.0,0.0,0.0,0,0,0,0,0,1,0,0,0,1.0,0.0,0.0,0.0,1.0,0.0,0.0,357.29,388.74,22.26,0,0
Estados Unidos,USA,América del Norte,Trigo,2016,4316022,4.37,18881779,71,7955,-0.0421072993944532,22.27,33.7,10.33,1386.0,57.33,78.33,1.0,17.33,0.0,0.0,0.0,0.0,0.0,0.0,0.0,0.0,0.0,0.0,0.0,0,0,0,0,0,1,0,0,0,1.0,0.0,0.0,0.0,1.0,0.0,0.0,300.97,348.64,31.94,0,0
Estados Unidos,USA,América del Norte,Algodón,2016,809350,2.14,1731601,219,5843,-0.0193504143909247,22.27,33.7,10.33,1386.0,57.33,78.33,1.0,17.33,0.0,0.0,0.0,0.0,0.0,0.0,0.0,0.0,0.0,0.0,0.0,0,0,0,0,0,1,0,0,0,1.0,0.0,0.0,0.0,1.0,0.0,0.0,,,,0,1
Estados Unidos,USA,América del Norte,Caña de azúcar,2016,7605385,67.34,512167955,236,6776,0.0114851482198764,22.27,33.7,10.33,1386.0,57.33,78.33,1.0,17.33,0.0,0.0,0.0,0.0,0.0,0.0,0.0,0.0,0.0,0.0,0.0,0,0,0,0,0,1,0,0,0,1.0,0.0,0.0,0.0,1.0,0.0,0.0,,,,0,1
Estados Unidos,USA,América del Norte,Girasol,2016,496324,1.67,828592,255,3621,0.0452789396279607,22.27,33.7,10.33,1386.0,57.33,78.33,1.0,17.33,0.0,0.0,0.0,0.0,0.0,0.0,0.0,0.0,0.0,0.0,0.0,0,0,0,0,0,1,0,0,0,1.0,0.0,0.0,0.0,1.0,0.0,0.0,,,,0,1
Estados Unidos,USA,América del Norte,Té,2016,213023,0.96,204149,143,6933,-0.0117145598311222,22.27,33.7,10.33,1386.0,57.33,78.33,1.0,17.33,0.0,0.0,0.0,0.0,0.0,0.0,0.0,0.0,0.0,0.0,0.0,0,0,0,0,0,1,0,0,0,1.0,0.0,0.0,0.0,1.0,0.0,0.0,,,,0,1
Estados Unidos,USA,América del Norte,Maíz,2016,2811278,8.79,24723101,245,2259,0.0073921778333895,22.27,33.7,10.33,1386.0,57.33,78.33,1.0,17.33,0.0,0.0,0.0,0.0,0.0,0.0,0.0,0.0,0.0,0.0,0.0,0,0,0,0,0,1,0,0,0,1.0,0.0,0.0,0.0,1.0,0.0,0.0,204.77,229.55,18.37,0,0
Estados Unidos,USA,América del Norte,Cebada,2017,878533,3.74,3281328,56,4048,-9.560397435331992e-05,16.03,26.93,6.77,698.0,70.33,82.0,4.33,12.41,0.0,0.0,0.0,0.0,0.0,0.0,0.0,0.0,0.0,0.0,0.0,0,0,0,0,0,1,0,0,0,1.0,0.0,0.0,0.0,1.0,0.0,0.0,,,,0,1
Estados Unidos,USA,América del Norte,Arroz,2017,2355072,5.13,12076480,104,5678,0.0193980641040793,16.03,26.93,6.77,698.0,70.33,82.0,4.33,12.41,0.0,0.0,0.0,0.0,0.0,0.0,0.0,0.0,0.0,0.0,0.0,0,0,0,0,0,1,0,0,0,1.0,0.0,0.0,0.0,1.0,0.0,0.0,357.29,388.74,22.26,0,0
Estados Unidos,USA,América del Norte,Trigo,2017,2088849,3.08,6427423,280,8292,0.0497262404023041,16.03,26.93,6.77,698.0,70.33,82.0,4.33,12.41,0.0,0.0,0.0,0.0,0.0,0.0,0.0,0.0,0.0,0.0,0.0,0,0,0,0,0,1,0,0,0,1.0,0.0,0.0,0.0,1.0,0.0,0.0,300.97,348.64,31.94,0,0
Estados Unidos,USA,América del Norte,Algodón,2017,1551080,3.3,5124906,124,5914,0.0351362050753125,16.03,26.93,6.77,698.0,70.33,82.0,4.33,12.41,0.0,0.0,0.0,0.0,0.0,0.0,0.0,0.0,0.0,0.0,0.0,0,0,0,0,0,1,0,0,0,1.0,0.0,0.0,0.0,1.0,0.0,0.0,,,,0,1
Estados Unidos,USA,América del Norte,Caña de azúcar,2017,3265959,95.73,312653511,101,3275,-0.0263263815713129,16.03,26.93,6.77,698.0,70.33,82.0,4.33,12.41,0.0,0.0,0.0,0.0,0.0,0.0,0.0,0.0,0.0,0.0,0.0,0,0,0,0,0,1,0,0,0,1.0,0.0,0.0,0.0,1.0,0.0,0.0,,,,0,1
Estados Unidos,USA,América del Norte,Girasol,2017,3138794,2.7,8463505,191,3126,0.011194836262052,16.03,26.93,6.77,698.0,70.33,82.0,4.33,12.41,0.0,0.0,0.0,0.0,0.0,0.0,0.0,0.0,0.0,0.0,0.0,0,0,0,0,0,1,0,0,0,1.0,0.0,0.0,0.0,1.0,0.0,0.0,,,,0,1
Estados Unidos,USA,América del Norte,Té,2017,145612,1.94,282443,155,7708,0.032333939950839,16.03,26.93,6.77,698.0,70.33,82.0,4.33,12.41,0.0,0.0,0.0,0.0,0.0,0.0,0.0,0.0,0.0,0.0,0.0,0,0,0,0,0,1,0,0,0,1.0,0.0,0.0,0.0,1.0,0.0,0.0,,,,0,1
Estados Unidos,USA,América del Norte,Maíz,2017,4829549,7.74,37396696,138,3102,0.0377960151650411,16.03,26.93,6.77,698.0,70.33,82.0,4.33,12.41,0.0,0.0,0.0,0.0,0.0,0.0,0.0,0.0,0.0,0.0,0.0,0,0,0,0,0,1,0,0,0,1.0,0.0,0.0,0.0,1.0,0.0,0.0,204.77,229.55,18.37,0,0
Estados Unidos,USA,América del Norte,Cebada,2018,1565754,4.48,7020665,178,1907,0.0331390806467541,16.77,24.6,5.7,877.33,67.67,36.67,1.67,16.3,3.0,1.0,0.0,0.0,0.0,1.0,0.0,0.0,0.0,1.0,1.0,0,0,0,0,0,1,0,0,1,1.0,0.0,0.0,0.0,1.0,0.0,0.0,,,,0,1
Estados Unidos,USA,América del Norte,Arroz,2018,1347592,4.44,5979789,138,9501,0.0394925916821124,16.77,24.6,5.7,877.33,67.67,36.67,1.67,16.3,3.0,1.0,0.0,0.0,0.0,1.0,0.0,0.0,0.0,1.0,1.0,0,0,0,0,0,1,0,0,1,1.0,0.0,0.0,0.0,1.0,0.0,0.0,357.29,388.74,22.26,0,0
Estados Unidos,USA,América del Norte,Trigo,2018,2531674,3.5,8870010,210,5961,0.0114428278308198,16.77,24.6,5.7,877.33,67.67,36.67,1.67,16.3,3.0,1.0,0.0,0.0,0.0,1.0,0.0,0.0,0.0,1.0,1.0,0,0,0,0,0,1,0,0,1,1.0,0.0,0.0,0.0,1.0,0.0,0.0,300.97,348.64,31.94,0,0
Estados Unidos,USA,América del Norte,Algodón,2018,2380383,1.59,3780271,218,6531,0.0342530004113389,16.77,24.6,5.7,877.33,67.67,36.67,1.67,16.3,3.0,1.0,0.0,0.0,0.0,1.0,0.0,0.0,0.0,1.0,1.0,0,0,0,0,0,1,0,0,1,1.0,0.0,0.0,0.0,1.0,0.0,0.0,,,,0,1
Estados Unidos,USA,América del Norte,Caña de azúcar,2018,518763,82.73,42919275,117,4453,0.0266959000916311,16.77,24.6,5.7,877.33,67.67,36.67,1.67,16.3,3.0,1.0,0.0,0.0,0.0,1.0,0.0,0.0,0.0,1.0,1.0,0,0,0,0,0,1,0,0,1,1.0,0.0,0.0,0.0,1.0,0.0,0.0,,,,0,1
Estados Unidos,USA,América del Norte,Girasol,2018,265813,2.46,653243,294,5949,-0.001705518182458,16.77,24.6,5.7,877.33,67.67,36.67,1.67,16.3,3.0,1.0,0.0,0.0,0.0,1.0,0.0,0.0,0.0,1.0,1.0,0,0,0,0,0,1,0,0,1,1.0,0.0,0.0,0.0,1.0,0.0,0.0,,,,0,1
Estados Unidos,USA,América del Norte,Té,2018,250502,1.15,287538,162,7809,-0.001574886989264,16.77,24.6,5.7,877.33,67.67,36.67,1.67,16.3,3.0,1.0,0.0,0.0,0.0,1.0,0.0,0.0,0.0,1.0,1.0,0,0,0,0,0,1,0,0,1,1.0,0.0,0.0,0.0,1.0,0.0,0.0,,,,0,1
Estados Unidos,USA,América del Norte,Maíz,2018,2320189,6.04,14008334,270,6658,0.047537412791488,16.77,24.6,5.7,877.33,67.67,36.67,1.67,16.3,3.0,1.0,0.0,0.0,0.0,1.0,0.0,0.0,0.0,1.0,1.0,0,0,0,0,0,1,0,0,1,1.0,0.0,0.0,0.0,1.0,0.0,0.0,204.77,229.55,18.37,0,0
Estados Unidos,USA,América del Norte,Cebada,2019,692271,3.34,2314849,81,5382,-0.0050403988004335,22.37,27.8,12.07,1066.33,49.67,60.33,3.67,13.65,1.0,0.0,0.0,0.0,0.0,0.0,1.0,0.0,0.0,0.0,1.0,0,0,0,0,0,1,0,0,1,1.0,0.0,0.0,0.0,1.0,0.0,0.0,,,,0,1
Estados Unidos,USA,América del Norte,Arroz,2019,197640,4.81,949799,113,3616,0.0313477846439449,22.37,27.8,12.07,1066.33,49.67,60.33,3.67,13.65,1.0,0.0,0.0,0.0,0.0,0.0,1.0,0.0,0.0,0.0,1.0,0,0,0,0,0,1,0,0,1,1.0,0.0,0.0,0.0,1.0,0.0,0.0,357.29,388.74,22.26,0,0
Estados Unidos,USA,América del Norte,Trigo,2019,3350284,3.11,10435086,169,9171,0.0379075663600418,22.37,27.8,12.07,1066.33,49.67,60.33,3.67,13.65,1.0,0.0,0.0,0.0,0.0,0.0,1.0,0.0,0.0,0.0,1.0,0,0,0,0,0,1,0,0,1,1.0,0.0,0.0,0.0,1.0,0.0,0.0,300.97,348.64,31.94,0,0
Estados Unidos,USA,América del Norte,Algodón,2019,399791,4.38,1751980,105,6781,-0.0451341867070344,22.37,27.8,12.07,1066.33,49.67,60.33,3.67,13.65,1.0,0.0,0.0,0.0,0.0,0.0,1.0,0.0,0.0,0.0,1.0,0,0,0,0,0,1,0,0,1,1.0,0.0,0.0,0.0,1.0,0.0,0.0,,,,0,1
Estados Unidos,USA,América del Norte,Caña de azúcar,2019,7492961,54.67,409650994,84,5333,0.0227508063359391,22.37,27.8,12.07,1066.33,49.67,60.33,3.67,13.65,1.0,0.0,0.0,0.0,0.0,0.0,1.0,0.0,0.0,0.0,1.0,0,0,0,0,0,1,0,0,1,1.0,0.0,0.0,0.0,1.0,0.0,0.0,,,,0,1
Estados Unidos,USA,América del Norte,Girasol,2019,3622258,1.33,4814466,142,5728,-0.0426468250257158,22.37,27.8,12.07,1066.33,49.67,60.33,3.67,13.65,1.0,0.0,0.0,0.0,0.0,0.0,1.0,0.0,0.0,0.0,1.0,0,0,0,0,0,1,0,0,1,1.0,0.0,0.0,0.0,1.0,0.0,0.0,,,,0,1
Estados Unidos,USA,América del Norte,Té,2019,302617,1.97,594773,80,3108,0.0475082815413784,22.37,27.8,12.07,1066.33,49.67,60.33,3.67,13.65,1.0,0.0,0.0,0.0,0.0,0.0,1.0,0.0,0.0,0.0,1.0,0,0,0,0,0,1,0,0,1,1.0,0.0,0.0,0.0,1.0,0.0,0.0,,,,0,1
Estados Unidos,USA,América del Norte,Maíz,2019,5773045,5.84,33693619,204,9341,-0.0098612915723935,22.37,27.8,12.07,1066.33,49.67,60.33,3.67,13.65,1.0,0.0,0.0,0.0,0.0,0.0,1.0,0.0,0.0,0.0,1.0,0,0,0,0,0,1,0,0,1,1.0,0.0,0.0,0.0,1.0,0.0,0.0,204.77,229.55,18.37,0,0
Estados Unidos,USA,América del Norte,Cebada,2020,72231,2.76,199266,166,3440,0.0106260522403804,15.7,27.0,5.2,804.33,48.33,54.33,5.0,14.4,3.0,1.0,0.0,1.0,0.0,0.0,0.0,0.0,1.0,0.0,1.0,1,0,0,0,0,1,0,0,1,1.0,0.0,0.0,0.0,1.0,0.0,0.0,,,,0,1
Estados Unidos,USA,América del Norte,Arroz,2020,1467721,6.1,8951028,207,5902,0.0093724655630986,15.7,27.0,5.2,804.33,48.33,54.33,5.0,14.4,3.0,1.0,0.0,1.0,0.0,0.0,0.0,0.0,1.0,0.0,1.0,1,0,0,0,0,1,0,0,1,1.0,0.0,0.0,0.0,1.0,0.0,0.0,357.29,388.74,22.26,0,0
Estados Unidos,USA,América del Norte,Trigo,2020,4531938,5.29,23972607,258,1272,-0.013164219013423,15.7,27.0,5.2,804.33,48.33,54.33,5.0,14.4,3.0,1.0,0.0,1.0,0.0,0.0,0.0,0.0,1.0,0.0,1.0,1,0,0,0,0,1,0,0,1,1.0,0.0,0.0,0.0,1.0,0.0,0.0,300.97,348.64,31.94,0,0
Estados Unidos,USA,América del Norte,Algodón,2020,2007293,3.29,6595382,226,1436,0.0096909615953193,15.7,27.0,5.2,804.33,48.33,54.33,5.0,14.4,3.0,1.0,0.0,1.0,0.0,0.0,0.0,0.0,1.0,0.0,1.0,1,0,0,0,0,1,0,0,1,1.0,0.0,0.0,0.0,1.0,0.0,0.0,,,,0,1
Estados Unidos,USA,América del Norte,Caña de azúcar,2020,9081402,105.62,959203855,93,9589,0.0129025241145363,15.7,27.0,5.2,804.33,48.33,54.33,5.0,14.4,3.0,1.0,0.0,1.0,0.0,0.0,0.0,0.0,1.0,0.0,1.0,1,0,0,0,0,1,0,0,1,1.0,0.0,0.0,0.0,1.0,0.0,0.0,,,,0,1
Estados Unidos,USA,América del Norte,Girasol,2020,3568661,1.65,5905368,292,2800,-0.0309215672173072,15.7,27.0,5.2,804.33,48.33,54.33,5.0,14.4,3.0,1.0,0.0,1.0,0.0,0.0,0.0,0.0,1.0,0.0,1.0,1,0,0,0,0,1,0,0,1,1.0,0.0,0.0,0.0,1.0,0.0,0.0,,,,0,1
Estados Unidos,USA,América del Norte,Té,2020,224618,1.36,306478,248,8726,0.037281770891232,15.7,27.0,5.2,804.33,48.33,54.33,5.0,14.4,3.0,1.0,0.0,1.0,0.0,0.0,0.0,0.0,1.0,0.0,1.0,1,0,0,0,0,1,0,0,1,1.0,0.0,0.0,0.0,1.0,0.0,0.0,,,,0,1
Estados Unidos,USA,América del Norte,Maíz,2020,1352354,8.15,11016129,219,8837,0.0025477151400035,15.7,27.0,5.2,804.33,48.33,54.33,5.0,14.4,3.0,1.0,0.0,1.0,0.0,0.0,0.0,0.0,1.0,0.0,1.0,1,0,0,0,0,1,0,0,1,1.0,0.0,0.0,0.0,1.0,0.0,0.0,204.77,229.55,18.37,0,0
India,IND,Asia,Girasol,2011,2269062,2.2,5000849,192,5890,-0.0275132962007183,18.93,28.97,5.1,1198.67,53.0,44.33,2.33,19.17,0.0,0.0,0.0,0.0,0.0,0.0,0.0,0.0,0.0,0.0,0.0,0,0,0,0,0,0,0,0,0,1.0,0.0,0.0,0.0,0.0,0.0,0.0,,,,0,1
India,IND,Asia,Trigo,2011,2588659,7.58,19620529,175,6194,-0.0020196576797938,18.93,28.97,5.1,1198.67,53.0,44.33,2.33,19.17,0.0,0.0,0.0,0.0,0.0,0.0,0.0,0.0,0.0,0.0,0.0,0,0,0,0,0,0,0,0,0,1.0,0.0,0.0,0.0,0.0,0.0,0.0,306.03,386.66,41.35,0,0
India,IND,Asia,Caña de azúcar,2011,4634750,80.57,373416731,279,7464,0.0318377460130562,18.93,28.97,5.1,1198.67,53.0,44.33,2.33,19.17,0.0,0.0,0.0,0.0,0.0,0.0,0.0,0.0,0.0,0.0,0.0,0,0,0,0,0,0,0,0,0,1.0,0.0,0.0,0.0,0.0,0.0,0.0,,,,0,1
India,IND,Asia,Cebada,2011,1739332,2.8,4864842,70,6674,0.042400963188988,18.93,28.97,5.1,1198.67,53.0,44.33,2.33,19.17,0.0,0.0,0.0,0.0,0.0,0.0,0.0,0.0,0.0,0.0,0.0,0,0,0,0,0,0,0,0,0,1.0,0.0,0.0,0.0,0.0,0.0,0.0,,,,0,1
India,IND,Asia,Café,2011,397847,1.3,516902,288,5450,-0.0362727045199077,18.93,28.97,5.1,1198.67,53.0,44.33,2.33,19.17,0.0,0.0,0.0,0.0,0.0,0.0,0.0,0.0,0.0,0.0,0.0,0,0,0,0,0,0,0,0,0,1.0,0.0,0.0,0.0,0.0,0.0,0.0,,,,0,1
India,IND,Asia,Algodón,2011,2492941,1.58,3939970,107,4814,-0.0447508893160537,18.93,28.97,5.1,1198.67,53.0,44.33,2.33,19.17,0.0,0.0,0.0,0.0,0.0,0.0,0.0,0.0,0.0,0.0,0.0,0,0,0,0,0,0,0,0,0,1.0,0.0,0.0,0.0,0.0,0.0,0.0,,,,0,1
India,IND,Asia,Té,2011,248340,1.13,281510,190,3587,-0.0093092548453116,18.93,28.97,5.1,1198.67,53.0,44.33,2.33,19.17,0.0,0.0,0.0,0.0,0.0,0.0,0.0,0.0,0.0,0.0,0.0,0,0,0,0,0,0,0,0,0,1.0,0.0,0.0,0.0,0.0,0.0,0.0,,,,0,1
India,IND,Asia,Arroz,2011,2058871,5.44,11209388,132,5676,0.0145897917890269,18.93,28.97,5.1,1198.67,53.0,44.33,2.33,19.17,0.0,0.0,0.0,0.0,0.0,0.0,0.0,0.0,0.0,0.0,0.0,0,0,0,0,0,0,0,0,0,1.0,0.0,0.0,0.0,0.0,0.0,0.0,351.88,396.58,26.31,0,0
India,IND,Asia,Girasol,2012,799566,2.68,2145640,267,1611,0.0413229725669852,16.67,23.93,5.77,832.0,63.0,77.0,4.0,17.8,5.0,0.0,0.0,1.0,0.0,1.0,0.0,1.0,1.0,1.0,1.0,0,0,0,0,0,0,0,0,0,1.0,0.0,0.0,0.0,0.0,0.0,0.0,,,,0,1
India,IND,Asia,Trigo,2012,1461191,6.82,9962430,251,9116,-0.0313688368077511,16.67,23.93,5.77,832.0,63.0,77.0,4.0,17.8,5.0,0.0,0.0,1.0,0.0,1.0,0.0,1.0,1.0,1.0,1.0,0,0,0,0,0,0,0,0,0,1.0,0.0,0.0,0.0,0.0,0.0,0.0,306.03,386.66,41.35,0,0
India,IND,Asia,Caña de azúcar,2012,5037771,92.35,465219356,77,6489,-0.0215438347649953,16.67,23.93,5.77,832.0,63.0,77.0,4.0,17.8,5.0,0.0,0.0,1.0,0.0,1.0,0.0,1.0,1.0,1.0,1.0,0,0,0,0,0,0,0,0,0,1.0,0.0,0.0,0.0,0.0,0.0,0.0,,,,0,1
India,IND,Asia,Cebada,2012,1212791,4.46,5409411,179,8668,-0.0227162918502007,16.67,23.93,5.77,832.0,63.0,77.0,4.0,17.8,5.0,0.0,0.0,1.0,0.0,1.0,0.0,1.0,1.0,1.0,1.0,0,0,0,0,0,0,0,0,0,1.0,0.0,0.0,0.0,0.0,0.0,0.0,,,,0,1
India,IND,Asia,Café,2012,181574,0.75,136605,97,1230,0.0236617895492256,16.67,23.93,5.77,832.0,63.0,77.0,4.0,17.8,5.0,0.0,0.0,1.0,0.0,1.0,0.0,1.0,1.0,1.0,1.0,0,0,0,0,0,0,0,0,0,1.0,0.0,0.0,0.0,0.0,0.0,0.0,,,,0,1
India,IND,Asia,Algodón,2012,2480612,2.74,6797942,213,7643,0.0326989825276309,16.67,23.93,5.77,832.0,63.0,77.0,4.0,17.8,5.0,0.0,0.0,1.0,0.0,1.0,0.0,1.0,1.0,1.0,1.0,0,0,0,0,0,0,0,0,0,1.0,0.0,0.0,0.0,0.0,0.0,0.0,,,,0,1
India,IND,Asia,Té,2012,46506,1.73,80375,172,6301,0.0435825387001388,16.67,23.93,5.77,832.0,63.0,77.0,4.0,17.8,5.0,0.0,0.0,1.0,0.0,1.0,0.0,1.0,1.0,1.0,1.0,0,0,0,0,0,0,0,0,0,1.0,0.0,0.0,0.0,0.0,0.0,0.0,,,,0,1
India,IND,Asia,Arroz,2012,1555805,5.89,9164387,127,1187,-0.0238446849184607,16.67,23.93,5.77,832.0,63.0,77.0,4.0,17.8,5.0,0.0,0.0,1.0,0.0,1.0,0.0,1.0,1.0,1.0,1.0,0,0,0,0,0,0,0,0,0,1.0,0.0,0.0,0.0,0.0,0.0,0.0,351.88,396.58,26.31,0,0
India,IND,Asia,Girasol,2013,1980186,1.3,2567206,153,9233,0.0423106013947117,19.67,30.4,9.1,920.67,57.67,48.33,3.0,13.77,1.0,0.0,0.0,0.0,0.0,0.0,0.0,1.0,0.0,0.0,1.0,0,0,0,0,0,0,0,0,0,1.0,0.0,0.0,0.0,0.0,0.0,0.0,,,,0,1
India,IND,Asia,Trigo,2013,2825741,7.34,20739361,144,4618,-0.0280871399064656,19.67,30.4,9.1,920.67,57.67,48.33,3.0,13.77,1.0,0.0,0.0,0.0,0.0,0.0,0.0,1.0,0.0,0.0,1.0,0,0,0,0,0,0,0,0,0,1.0,0.0,0.0,0.0,0.0,0.0,0.0,306.03,386.66,41.35,0,0
India,IND,Asia,Caña de azúcar,2013,2478284,100.41,248848979,229,9998,0.0412796888283104,19.67,30.4,9.1,920.67,57.67,48.33,3.0,13.77,1.0,0.0,0.0,0.0,0.0,0.0,0.0,1.0,0.0,0.0,1.0,0,0,0,0,0,0,0,0,0,1.0,0.0,0.0,0.0,0.0,0.0,0.0,,,,0,1
India,IND,Asia,Cebada,2013,1778952,3.96,7038627,243,2341,0.0025506656220167,19.67,30.4,9.1,920.67,57.67,48.33,3.0,13.77,1.0,0.0,0.0,0.0,0.0,0.0,0.0,1.0,0.0,0.0,1.0,0,0,0,0,0,0,0,0,0,1.0,0.0,0.0,0.0,0.0,0.0,0.0,,,,0,1
India,IND,Asia,Café,2013,194368,0.58,113619,190,9281,-0.0297843221033352,19.67,30.4,9.1,920.67,57.67,48.33,3.0,13.77,1.0,0.0,0.0,0.0,0.0,0.0,0.0,1.0,0.0,0.0,1.0,0,0,0,0,0,0,0,0,0,1.0,0.0,0.0,0.0,0.0,0.0,0.0,,,,0,1
India,IND,Asia,Algodón,2013,709464,1.77,1255882,102,9008,-0.0409058355548312,19.67,30.4,9.1,920.67,57.67,48.33,3.0,13.77,1.0,0.0,0.0,0.0,0.0,0.0,0.0,1.0,0.0,0.0,1.0,0,0,0,0,0,0,0,0,0,1.0,0.0,0.0,0.0,0.0,0.0,0.0,,,,0,1
India,IND,Asia,Té,2013,30162,1.89,57070,64,8575,0.0172767712227369,19.67,30.4,9.1,920.67,57.67,48.33,3.0,13.77,1.0,0.0,0.0,0.0,0.0,0.0,0.0,1.0,0.0,0.0,1.0,0,0,0,0,0,0,0,0,0,1.0,0.0,0.0,0.0,0.0,0.0,0.0,,,,0,1
India,IND,Asia,Arroz,2013,99921,6.28,627055,198,2196,-0.0454710197272171,19.67,30.4,9.1,920.67,57.67,48.33,3.0,13.77,1.0,0.0,0.0,0.0,0.0,0.0,0.0,1.0,0.0,0.0,1.0,0,0,0,0,0,0,0,0,0,1.0,0.0,0.0,0.0,0.0,0.0,0.0,351.88,396.58,26.31,0,0
India,IND,Asia,Girasol,2014,538836,2.38,1282312,289,8734,-0.0468265128976921,19.13,32.1,13.37,869.33,63.0,72.67,4.33,13.69,0.0,0.0,0.0,0.0,0.0,0.0,0.0,0.0,0.0,0.0,0.0,0,0,0,0,0,0,0,0,0,1.0,0.0,0.0,0.0,0.0,0.0,0.0,,,,0,1
India,IND,Asia,Trigo,2014,1158110,8.2,9497254,157,7135,0.0492856598580879,19.13,32.1,13.37,869.33,63.0,72.67,4.33,13.69,0.0,0.0,0.0,0.0,0.0,0.0,0.0,0.0,0.0,0.0,0.0,0,0,0,0,0,0,0,0,0,1.0,0.0,0.0,0.0,0.0,0.0,0.0,306.03,386.66,41.35,0,0
India,IND,Asia,Caña de azúcar,2014,6321138,92.87,587048732,188,3178,0.0153534098418701,19.13,32.1,13.37,869.33,63.0,72.67,4.33,13.69,0.0,0.0,0.0,0.0,0.0,0.0,0.0,0.0,0.0,0.0,0.0,0,0,0,0,0,0,0,0,0,1.0,0.0,0.0,0.0,0.0,0.0,0.0,,,,0,1
India,IND,Asia,Cebada,2014,375339,5.08,1906711,300,4648,0.0334821611668715,19.13,32.1,13.37,869.33,63.0,72.67,4.33,13.69,0.0,0.0,0.0,0.0,0.0,0.0,0.0,0.0,0.0,0.0,0.0,0,0,0,0,0,0,0,0,0,1.0,0.0,0.0,0.0,0.0,0.0,0.0,,,,0,1
India,IND,Asia,Café,2014,168945,1.52,256066,147,4762,-0.0252487961496224,19.13,32.1,13.37,869.33,63.0,72.67,4.33,13.69,0.0,0.0,0.0,0.0,0.0,0.0,0.0,0.0,0.0,0.0,0.0,0,0,0,0,0,0,0,0,0,1.0,0.0,0.0,0.0,0.0,0.0,0.0,,,,0,1
India,IND,Asia,Algodón,2014,1148704,1.94,2232831,58,7868,0.0114923207208912,19.13,32.1,13.37,869.33,63.0,72.67,4.33,13.69,0.0,0.0,0.0,0.0,0.0,0.0,0.0,0.0,0.0,0.0,0.0,0,0,0,0,0,0,0,0,0,1.0,0.0,0.0,0.0,0.0,0.0,0.0,,,,0,1
India,IND,Asia,Té,2014,9673,1.26,12182,164,1797,-0.0255265848781607,19.13,32.1,13.37,869.33,63.0,72.67,4.33,13.69,0.0,0.0,0.0,0.0,0.0,0.0,0.0,0.0,0.0,0.0,0.0,0,0,0,0,0,0,0,0,0,1.0,0.0,0.0,0.0,0.0,0.0,0.0,,,,0,1
India,IND,Asia,Arroz,2014,1722902,4.63,7970650,64,3295,0.0003895848940934,19.13,32.1,13.37,869.33,63.0,72.67,4.33,13.69,0.0,0.0,0.0,0.0,0.0,0.0,0.0,0.0,0.0,0.0,0.0,0,0,0,0,0,0,0,0,0,1.0,0.0,0.0,0.0,0.0,0.0,0.0,351.88,396.58,26.31,0,0
India,IND,Asia,Girasol,2015,4710171,2.34,11005432,132,4881,-0.0198235564855796,18.63,29.8,8.03,747.0,65.67,59.0,2.33,13.72,0.0,0.0,0.0,0.0,0.0,0.0,0.0,0.0,0.0,0.0,0.0,0,0,0,0,0,0,0,0,0,1.0,0.0,0.0,0.0,0.0,0.0,0.0,,,,0,1
India,IND,Asia,Trigo,2015,4117779,2.66,10943711,292,3869,0.012599313764833,18.63,29.8,8.03,747.0,65.67,59.0,2.33,13.72,0.0,0.0,0.0,0.0,0.0,0.0,0.0,0.0,0.0,0.0,0.0,0,0,0,0,0,0,0,0,0,1.0,0.0,0.0,0.0,0.0,0.0,0.0,306.03,386.66,41.35,0,0
India,IND,Asia,Caña de azúcar,2015,8381903,61.44,514954770,147,9592,-0.0181265542683687,18.63,29.8,8.03,747.0,65.67,59.0,2.33,13.72,0.0,0.0,0.0,0.0,0.0,0.0,0.0,0.0,0.0,0.0,0.0,0,0,0,0,0,0,0,0,0,1.0,0.0,0.0,0.0,0.0,0.0,0.0,,,,0,1
India,IND,Asia,Cebada,2015,319231,3.14,1001124,111,4692,-0.0199263581204852,18.63,29.8,8.03,747.0,65.67,59.0,2.33,13.72,0.0,0.0,0.0,0.0,0.0,0.0,0.0,0.0,0.0,0.0,0.0,0,0,0,0,0,0,0,0,0,1.0,0.0,0.0,0.0,0.0,0.0,0.0,,,,0,1
India,IND,Asia,Café,2015,457036,1.14,522375,156,9683,-0.0365907248940922,18.63,29.8,8.03,747.0,65.67,59.0,2.33,13.72,0.0,0.0,0.0,0.0,0.0,0.0,0.0,0.0,0.0,0.0,0.0,0,0,0,0,0,0,0,0,0,1.0,0.0,0.0,0.0,0.0,0.0,0.0,,,,0,1
India,IND,Asia,Algodón,2015,824680,1.63,1344769,144,2514,0.0035635536347215,18.63,29.8,8.03,747.0,65.67,59.0,2.33,13.72,0.0,0.0,0.0,0.0,0.0,0.0,0.0,0.0,0.0,0.0,0.0,0,0,0,0,0,0,0,0,0,1.0,0.0,0.0,0.0,0.0,0.0,0.0,,,,0,1
India,IND,Asia,Té,2015,30603,1.69,51855,273,2192,-0.0311836706067244,18.63,29.8,8.03,747.0,65.67,59.0,2.33,13.72,0.0,0.0,0.0,0.0,0.0,0.0,0.0,0.0,0.0,0.0,0.0,0,0,0,0,0,0,0,0,0,1.0,0.0,0.0,0.0,0.0,0.0,0.0,,,,0,1
India,IND,Asia,Arroz,2015,3091241,6.25,19331936,135,5967,0.0457019760526673,18.63,29.8,8.03,747.0,65.67,59.0,2.33,13.72,0.0,0.0,0.0,0.0,0.0,0.0,0.0,0.0,0.0,0.0,0.0,0,0,0,0,0,0,0,0,0,1.0,0.0,0.0,0.0,0.0,0.0,0.0,351.88,396.58,26.31,0,0
India,IND,Asia,Girasol,2016,1427604,3.33,4760540,172,4974,0.0195626285704981,17.57,30.17,6.5,1018.33,72.67,24.67,1.0,16.22,3.0,1.0,0.0,0.0,1.0,0.0,1.0,0.0,0.0,0.0,1.0,0,0,0,0,0,0,0,0,0,1.0,0.0,0.0,0.0,0.0,0.0,0.0,,,,0,1
India,IND,Asia,Trigo,2016,3664040,8.28,30334016,147,8639,0.0033650127416263,17.57,30.17,6.5,1018.33,72.67,24.67,1.0,16.22,3.0,1.0,0.0,0.0,1.0,0.0,1.0,0.0,0.0,0.0,1.0,0,0,0,0,0,0,0,0,0,1.0,0.0,0.0,0.0,0.0,0.0,0.0,306.03,386.66,41.35,0,0
India,IND,Asia,Caña de azúcar,2016,4344791,93.11,404547795,255,8692,0.0261628969309711,17.57,30.17,6.5,1018.33,72.67,24.67,1.0,16.22,3.0,1.0,0.0,0.0,1.0,0.0,1.0,0.0,0.0,0.0,1.0,0,0,0,0,0,0,0,0,0,1.0,0.0,0.0,0.0,0.0,0.0,0.0,,,,0,1
India,IND,Asia,Cebada,2016,420777,3.74,1571815,106,3390,-0.0483780098998739,17.57,30.17,6.5,1018.33,72.67,24.67,1.0,16.22,3.0,1.0,0.0,0.0,1.0,0.0,1.0,0.0,0.0,0.0,1.0,0,0,0,0,0,0,0,0,0,1.0,0.0,0.0,0.0,0.0,0.0,0.0,,,,0,1
India,IND,Asia,Café,2016,321602,1.44,461947,134,4768,-0.0120160225258845,17.57,30.17,6.5,1018.33,72.67,24.67,1.0,16.22,3.0,1.0,0.0,0.0,1.0,0.0,1.0,0.0,0.0,0.0,1.0,0,0,0,0,0,0,0,0,0,1.0,0.0,0.0,0.0,0.0,0.0,0.0,,,,0,1
India,IND,Asia,Algodón,2016,2387357,2.97,7090899,245,9005,0.0466508267250343,17.57,30.17,6.5,1018.33,72.67,24.67,1.0,16.22,3.0,1.0,0.0,0.0,1.0,0.0,1.0,0.0,0.0,0.0,1.0,0,0,0,0,0,0,0,0,0,1.0,0.0,0.0,0.0,0.0,0.0,0.0,,,,0,1
India,IND,Asia,Té,2016,276973,2.01,556002,85,9954,-0.0011683678745867,17.57,30.17,6.5,1018.33,72.67,24.67,1.0,16.22,3.0,1.0,0.0,0.0,1.0,0.0,1.0,0.0,0.0,0.0,1.0,0,0,0,0,0,0,0,0,0,1.0,0.0,0.0,0.0,0.0,0.0,0.0,,,,0,1
India,IND,Asia,Arroz,2016,2661735,8.31,22106129,264,2217,0.0445188111200898,17.57,30.17,6.5,1018.33,72.67,24.67,1.0,16.22,3.0,1.0,0.0,0.0,1.0,0.0,1.0,0.0,0.0,0.0,1.0,0,0,0,0,0,0,0,0,0,1.0,0.0,0.0,0.0,0.0,0.0,0.0,351.88,396.58,26.31,0,0
India,IND,Asia,Girasol,2017,69762,2.43,169546,231,3474,-0.0490858538309338,19.5,30.5,9.23,805.33,57.0,91.67,6.0,10.97,2.0,0.0,0.0,0.0,0.0,0.0,0.0,1.0,1.0,0.0,1.0,0,0,0,0,0,0,0,0,0,1.0,0.0,0.0,0.0,0.0,0.0,0.0,,,,0,1
India,IND,Asia,Trigo,2017,3269093,2.82,9210226,283,8916,0.0159284341989862,19.5,30.5,9.23,805.33,57.0,91.67,6.0,10.97,2.0,0.0,0.0,0.0,0.0,0.0,0.0,1.0,1.0,0.0,1.0,0,0,0,0,0,0,0,0,0,1.0,0.0,0.0,0.0,0.0,0.0,0.0,306.03,386.66,41.35,0,0
India,IND,Asia,Caña de azúcar,2017,7803917,75.58,589831029,120,9777,0.0477479348232511,19.5,30.5,9.23,805.33,57.0,91.67,6.0,10.97,2.0,0.0,0.0,0.0,0.0,0.0,0.0,1.0,1.0,0.0,1.0,0,0,0,0,0,0,0,0,0,1.0,0.0,0.0,0.0,0.0,0.0,0.0,,,,0,1
India,IND,Asia,Cebada,2017,1493881,5.44,8125409,95,2753,0.0418048844459011,19.5,30.5,9.23,805.33,57.0,91.67,6.0,10.97,2.0,0.0,0.0,0.0,0.0,0.0,0.0,1.0,1.0,0.0,1.0,0,0,0,0,0,0,0,0,0,1.0,0.0,0.0,0.0,0.0,0.0,0.0,,,,0,1
India,IND,Asia,Café,2017,132985,0.98,130017,118,7502,-0.0420980756185564,19.5,30.5,9.23,805.33,57.0,91.67,6.0,10.97,2.0,0.0,0.0,0.0,0.0,0.0,0.0,1.0,1.0,0.0,1.0,0,0,0,0,0,0,0,0,0,1.0,0.0,0.0,0.0,0.0,0.0,0.0,,,,0,1
India,IND,Asia,Algodón,2017,2341234,2.96,6926238,225,2320,0.0153735719559153,19.5,30.5,9.23,805.33,57.0,91.67,6.0,10.97,2.0,0.0,0.0,0.0,0.0,0.0,0.0,1.0,1.0,0.0,1.0,0,0,0,0,0,0,0,0,0,1.0,0.0,0.0,0.0,0.0,0.0,0.0,,,,0,1
India,IND,Asia,Té,2017,20051,1.15,23009,64,1154,0.0202845150019106,19.5,30.5,9.23,805.33,57.0,91.67,6.0,10.97,2.0,0.0,0.0,0.0,0.0,0.0,0.0,1.0,1.0,0.0,1.0,0,0,0,0,0,0,0,0,0,1.0,0.0,0.0,0.0,0.0,0.0,0.0,,,,0,1
India,IND,Asia,Arroz,2017,1636135,6.33,10351276,299,2562,0.0394791212142699,19.5,30.5,9.23,805.33,57.0,91.67,6.0,10.97,2.0,0.0,0.0,0.0,0.0,0.0,0.0,1.0,1.0,0.0,1.0,0,0,0,0,0,0,0,0,0,1.0,0.0,0.0,0.0,0.0,0.0,0.0,351.88,396.58,26.31,0,0
India,IND,Asia,Girasol,2018,2378260,2.46,5856333,171,5441,-0.0453438029258256,17.6,29.77,7.1,1124.67,55.33,35.0,1.33,18.71,7.0,2.0,1.0,0.0,1.0,0.0,1.0,2.0,0.0,0.0,1.0,0,0,0,0,0,1,0,0,0,1.0,0.0,0.0,0.0,0.0,0.0,0.0,,,,0,1
India,IND,Asia,Trigo,2018,2080014,6.52,13563868,287,6152,-0.0484341904808065,17.6,29.77,7.1,1124.67,55.33,35.0,1.33,18.71,7.0,2.0,1.0,0.0,1.0,0.0,1.0,2.0,0.0,0.0,1.0,0,0,0,0,0,1,0,0,0,1.0,0.0,0.0,0.0,0.0,0.0,0.0,306.03,386.66,41.35,0,0
India,IND,Asia,Caña de azúcar,2018,2247959,110.6,248624083,69,5903,-0.0337549749285294,17.6,29.77,7.1,1124.67,55.33,35.0,1.33,18.71,7.0,2.0,1.0,0.0,1.0,0.0,1.0,2.0,0.0,0.0,1.0,0,0,0,0,0,1,0,0,0,1.0,0.0,0.0,0.0,0.0,0.0,0.0,,,,0,1
India,IND,Asia,Cebada,2018,1646453,5.93,9766649,148,3292,0.0290498085234149,17.6,29.77,7.1,1124.67,55.33,35.0,1.33,18.71,7.0,2.0,1.0,0.0,1.0,0.0,1.0,2.0,0.0,0.0,1.0,0,0,0,0,0,1,0,0,0,1.0,0.0,0.0,0.0,0.0,0.0,0.0,,,,0,1
India,IND,Asia,Café,2018,47246,1.55,73103,161,4803,0.0338674657613174,17.6,29.77,7.1,1124.67,55.33,35.0,1.33,18.71,7.0,2.0,1.0,0.0,1.0,0.0,1.0,2.0,0.0,0.0,1.0,0,0,0,0,0,1,0,0,0,1.0,0.0,0.0,0.0,0.0,0.0,0.0,,,,0,1
India,IND,Asia,Algodón,2018,2519068,4.01,10098800,57,5478,0.0283548138980462,17.6,29.77,7.1,1124.67,55.33,35.0,1.33,18.71,7.0,2.0,1.0,0.0,1.0,0.0,1.0,2.0,0.0,0.0,1.0,0,0,0,0,0,1,0,0,0,1.0,0.0,0.0,0.0,0.0,0.0,0.0,,,,0,1
India,IND,Asia,Té,2018,122560,1.97,241747,224,7227,-0.0414305882363264,17.6,29.77,7.1,1124.67,55.33,35.0,1.33,18.71,7.0,2.0,1.0,0.0,1.0,0.0,1.0,2.0,0.0,0.0,1.0,0,0,0,0,0,1,0,0,0,1.0,0.0,0.0,0.0,0.0,0.0,0.0,,,,0,1
India,IND,Asia,Arroz,2018,1138520,4.58,5217314,232,3527,0.0239655288976594,17.6,29.77,7.1,1124.67,55.33,35.0,1.33,18.71,7.0,2.0,1.0,0.0,1.0,0.0,1.0,2.0,0.0,0.0,1.0,0,0,0,0,0,1,0,0,0,1.0,0.0,0.0,0.0,0.0,0.0,0.0,351.88,396.58,26.31,0,0
India,IND,Asia,Girasol,2019,870483,1.95,1696050,244,5419,-0.0397768585886754,14.43,25.73,3.33,1190.0,63.67,29.0,2.33,24.05,4.0,0.0,1.0,1.0,0.0,0.0,1.0,0.0,1.0,0.0,1.0,1,1,0,0,0,1,0,0,0,1.0,0.0,0.0,0.0,0.0,0.0,0.0,,,,0,1
India,IND,Asia,Trigo,2019,3154622,4.66,14711643,56,2468,-0.0146085712654741,14.43,25.73,3.33,1190.0,63.67,29.0,2.33,24.05,4.0,0.0,1.0,1.0,0.0,0.0,1.0,0.0,1.0,0.0,1.0,1,1,0,0,0,1,0,0,0,1.0,0.0,0.0,0.0,0.0,0.0,0.0,306.03,386.66,41.35,0,0
India,IND,Asia,Caña de azúcar,2019,4744475,87.68,416010087,249,2387,0.0224843844034791,14.43,25.73,3.33,1190.0,63.67,29.0,2.33,24.05,4.0,0.0,1.0,1.0,0.0,0.0,1.0,0.0,1.0,0.0,1.0,1,1,0,0,0,1,0,0,0,1.0,0.0,0.0,0.0,0.0,0.0,0.0,,,,0,1
India,IND,Asia,Cebada,2019,552172,3.77,2080073,85,5405,-0.0198868734624931,14.43,25.73,3.33,1190.0,63.67,29.0,2.33,24.05,4.0,0.0,1.0,1.0,0.0,0.0,1.0,0.0,1.0,0.0,1.0,1,1,0,0,0,1,0,0,0,1.0,0.0,0.0,0.0,0.0,0.0,0.0,,,,0,1
India,IND,Asia,Café,2019,35628,0.71,25438,250,2260,-0.0138875087710471,14.43,25.73,3.33,1190.0,63.67,29.0,2.33,24.05,4.0,0.0,1.0,1.0,0.0,0.0,1.0,0.0,1.0,0.0,1.0,1,1,0,0,0,1,0,0,0,1.0,0.0,0.0,0.0,0.0,0.0,0.0,,,,0,1
India,IND,Asia,Algodón,2019,3344476,2.57,8597231,84,5991,-0.0493232630574528,14.43,25.73,3.33,1190.0,63.67,29.0,2.33,24.05,4.0,0.0,1.0,1.0,0.0,0.0,1.0,0.0,1.0,0.0,1.0,1,1,0,0,0,1,0,0,0,1.0,0.0,0.0,0.0,0.0,0.0,0.0,,,,0,1
India,IND,Asia,Té,2019,199284,2.31,460311,258,3230,-0.0199564715320876,14.43,25.73,3.33,1190.0,63.67,29.0,2.33,24.05,4.0,0.0,1.0,1.0,0.0,0.0,1.0,0.0,1.0,0.0,1.0,1,1,0,0,0,1,0,0,0,1.0,0.0,0.0,0.0,0.0,0.0,0.0,,,,0,1
India,IND,Asia,Arroz,2019,3204997,4.85,15557864,297,6228,-0.0208551848419946,14.43,25.73,3.33,1190.0,63.67,29.0,2.33,24.05,4.0,0.0,1.0,1.0,0.0,0.0,1.0,0.0,1.0,0.0,1.0,1,1,0,0,0,1,0,0,0,1.0,0.0,0.0,0.0,0.0,0.0,0.0,351.88,396.58,26.31,0,0
India,IND,Asia,Girasol,2020,4779830,3.62,17318883,121,7437,-0.0134984462604762,17.77,30.87,9.3,673.33,56.0,88.67,5.33,10.3,3.0,0.0,1.0,0.0,1.0,0.0,0.0,0.0,0.0,1.0,1.0,1,1,0,0,0,1,0,0,0,1.0,0.0,0.0,0.0,0.0,0.0,0.0,,,,0,1
India,IND,Asia,Trigo,2020,2205280,5.96,13150041,190,1440,0.0453004611486296,17.77,30.87,9.3,673.33,56.0,88.67,5.33,10.3,3.0,0.0,1.0,0.0,1.0,0.0,0.0,0.0,0.0,1.0,1.0,1,1,0,0,0,1,0,0,0,1.0,0.0,0.0,0.0,0.0,0.0,0.0,306.03,386.66,41.35,0,0
India,IND,Asia,Caña de azúcar,2020,3637515,83.68,304385879,259,7703,0.017297765239554,17.77,30.87,9.3,673.33,56.0,88.67,5.33,10.3,3.0,0.0,1.0,0.0,1.0,0.0,0.0,0.0,0.0,1.0,1.0,1,1,0,0,0,1,0,0,0,1.0,0.0,0.0,0.0,0.0,0.0,0.0,,,,0,1
India,IND,Asia,Cebada,2020,561344,3.79,2127121,252,7176,-0.0426034864417711,17.77,30.87,9.3,673.33,56.0,88.67,5.33,10.3,3.0,0.0,1.0,0.0,1.0,0.0,0.0,0.0,0.0,1.0,1.0,1,1,0,0,0,1,0,0,0,1.0,0.0,0.0,0.0,0.0,0.0,0.0,,,,0,1
India,IND,Asia,Café,2020,337485,1.9,641811,272,7853,0.0043645203387477,17.77,30.87,9.3,673.33,56.0,88.67,5.33,10.3,3.0,0.0,1.0,0.0,1.0,0.0,0.0,0.0,0.0,1.0,1.0,1,1,0,0,0,1,0,0,0,1.0,0.0,0.0,0.0,0.0,0.0,0.0,,,,0,1
India,IND,Asia,Algodón,2020,1835936,3.59,6592976,284,2392,-0.0390630574755713,17.77,30.87,9.3,673.33,56.0,88.67,5.33,10.3,3.0,0.0,1.0,0.0,1.0,0.0,0.0,0.0,0.0,1.0,1.0,1,1,0,0,0,1,0,0,0,1.0,0.0,0.0,0.0,0.0,0.0,0.0,,,,0,1
India,IND,Asia,Té,2020,172937,1.42,245424,215,7547,0.0466811133568605,17.77,30.87,9.3,673.33,56.0,88.67,5.33,10.3,3.0,0.0,1.0,0.0,1.0,0.0,0.0,0.0,0.0,1.0,1.0,1,1,0,0,0,1,0,0,0,1.0,0.0,0.0,0.0,0.0,0.0,0.0,,,,0,1
India,IND,Asia,Arroz,2020,1754316,3.32,5828338,241,9499,0.005799341634302,17.77,30.87,9.3,673.33,56.0,88.67,5.33,10.3,3.0,0.0,1.0,0.0,1.0,0.0,0.0,0.0,0.0,1.0,1.0,1,1,0,0,0,1,0,0,0,1.0,0.0,0.0,0.0,0.0,0.0,0.0,351.88,396.58,26.31,0,0
China,CHN,Asia,Té,2011,261190,1.33,347464,79,3321,-0.0151671347678524,17.0,25.5,6.6,817.0,54.0,40.0,2.0,13.35,0.0,0.0,0.0,0.0,0.0,0.0,0.0,0.0,0.0,0.0,0.0,0,0,0,0,0,0,0,0,0,1.0,0.0,0.0,0.0,0.0,0.0,0.0,,,,0,1
China,CHN,Asia,Arroz,2011,875165,4.59,4021333,234,8412,-0.0181090525782299,17.0,25.5,6.6,817.0,54.0,40.0,2.0,13.35,0.0,0.0,0.0,0.0,0.0,0.0,0.0,0.0,0.0,0.0,0.0,0,0,0,0,0,0,0,0,0,1.0,0.0,0.0,0.0,0.0,0.0,0.0,358.0,410.69,36.11,0,0
China,CHN,Asia,Caña de azúcar,2011,1931131,50.76,98033799,254,3692,0.0429922446488592,17.0,25.5,6.6,817.0,54.0,40.0,2.0,13.35,0.0,0.0,0.0,0.0,0.0,0.0,0.0,0.0,0.0,0.0,0.0,0,0,0,0,0,0,0,0,0,1.0,0.0,0.0,0.0,0.0,0.0,0.0,,,,0,1
China,CHN,Asia,Trigo,2011,4422500,2.68,11851403,295,8570,-0.0268144452588589,17.0,25.5,6.6,817.0,54.0,40.0,2.0,13.35,0.0,0.0,0.0,0.0,0.0,0.0,0.0,0.0,0.0,0.0,0.0,0,0,0,0,0,0,0,0,0,1.0,0.0,0.0,0.0,0.0,0.0,0.0,311.41,358.12,33.48,0,0
China,CHN,Asia,Café,2011,97729,0.9,87822,238,4232,-0.005042498862592,17.0,25.5,6.6,817.0,54.0,40.0,2.0,13.35,0.0,0.0,0.0,0.0,0.0,0.0,0.0,0.0,0.0,0.0,0.0,0,0,0,0,0,0,0,0,0,1.0,0.0,0.0,0.0,0.0,0.0,0.0,,,,0,1
China,CHN,Asia,Girasol,2011,47398,2.76,130884,257,2025,0.0077347905201852,17.0,25.5,6.6,817.0,54.0,40.0,2.0,13.35,0.0,0.0,0.0,0.0,0.0,0.0,0.0,0.0,0.0,0.0,0.0,0,0,0,0,0,0,0,0,0,1.0,0.0,0.0,0.0,0.0,0.0,0.0,,,,0,1
China,CHN,Asia,Soja,2011,4644712,2.64,12261231,117,9019,0.0027715019627782,17.0,25.5,6.6,817.0,54.0,40.0,2.0,13.35,0.0,0.0,0.0,0.0,0.0,0.0,0.0,0.0,0.0,0.0,0.0,0,0,0,0,0,0,0,0,0,1.0,0.0,0.0,0.0,0.0,0.0,0.0,511.65,572.38,30.38,0,0
China,CHN,Asia,Cebada,2011,1271965,3.27,4155217,140,8501,0.0117362679336424,17.0,25.5,6.6,817.0,54.0,40.0,2.0,13.35,0.0,0.0,0.0,0.0,0.0,0.0,0.0,0.0,0.0,0.0,0.0,0,0,0,0,0,0,0,0,0,1.0,0.0,0.0,0.0,0.0,0.0,0.0,,,,0,1
China,CHN,Asia,Té,2012,162985,3.09,503866,130,2931,-0.0261427273561209,23.1,34.5,10.5,445.0,52.0,33.0,9.0,5.35,0.0,0.0,0.0,0.0,0.0,0.0,0.0,0.0,0.0,0.0,0.0,0,0,0,0,0,0,0,0,0,1.0,0.0,0.0,0.0,0.0,0.0,0.0,,,,0,1
China,CHN,Asia,Arroz,2012,1531472,5.96,9122751,85,7286,-0.0076961217926787,23.1,34.5,10.5,445.0,52.0,33.0,9.0,5.35,0.0,0.0,0.0,0.0,0.0,0.0,0.0,0.0,0.0,0.0,0.0,0,0,0,0,0,0,0,0,0,1.0,0.0,0.0,0.0,0.0,0.0,0.0,358.0,410.69,36.11,0,0
China,CHN,Asia,Caña de azúcar,2012,9104123,123.63,1125569194,192,3733,-0.0010357973807791,23.1,34.5,10.5,445.0,52.0,33.0,9.0,5.35,0.0,0.0,0.0,0.0,0.0,0.0,0.0,0.0,0.0,0.0,0.0,0,0,0,0,0,0,0,0,0,1.0,0.0,0.0,0.0,0.0,0.0,0.0,,,,0,1
China,CHN,Asia,Trigo,2012,2590284,8.2,21237643,293,1157,-0.0015391080554316,23.1,34.5,10.5,445.0,52.0,33.0,9.0,5.35,0.0,0.0,0.0,0.0,0.0,0.0,0.0,0.0,0.0,0.0,0.0,0,0,0,0,0,0,0,0,0,1.0,0.0,0.0,0.0,0.0,0.0,0.0,311.41,358.12,33.48,0,0
China,CHN,Asia,Café,2012,198173,2.43,481415,225,9056,-0.0084369564725888,23.1,34.5,10.5,445.0,52.0,33.0,9.0,5.35,0.0,0.0,0.0,0.0,0.0,0.0,0.0,0.0,0.0,0.0,0.0,0,0,0,0,0,0,0,0,0,1.0,0.0,0.0,0.0,0.0,0.0,0.0,,,,0,1
China,CHN,Asia,Girasol,2012,4292269,2.05,8797410,106,5785,-0.0467304913141929,23.1,34.5,10.5,445.0,52.0,33.0,9.0,5.35,0.0,0.0,0.0,0.0,0.0,0.0,0.0,0.0,0.0,0.0,0.0,0,0,0,0,0,0,0,0,0,1.0,0.0,0.0,0.0,0.0,0.0,0.0,,,,0,1
China,CHN,Asia,Soja,2012,2428440,2.99,7263071,246,9115,0.0049726184538051,23.1,34.5,10.5,445.0,52.0,33.0,9.0,5.35,0.0,0.0,0.0,0.0,0.0,0.0,0.0,0.0,0.0,0.0,0.0,0,0,0,0,0,0,0,0,0,1.0,0.0,0.0,0.0,0.0,0.0,0.0,511.65,572.38,30.38,0,0
China,CHN,Asia,Cebada,2012,237546,4.01,953002,188,1681,0.0260004130892308,23.1,34.5,10.5,445.0,52.0,33.0,9.0,5.35,0.0,0.0,0.0,0.0,0.0,0.0,0.0,0.0,0.0,0.0,0.0,0,0,0,0,0,0,0,0,0,1.0,0.0,0.0,0.0,0.0,0.0,0.0,,,,0,1
China,CHN,Asia,Té,2013,115793,2.75,318873,242,5055,-0.0202291064897106,22.4,37.0,14.2,860.0,47.0,24.0,1.0,10.66,0.0,0.0,0.0,0.0,0.0,0.0,0.0,0.0,0.0,0.0,0.0,0,0,0,0,0,0,0,0,0,1.0,0.0,0.0,0.0,0.0,0.0,0.0,,,,0,1
China,CHN,Asia,Arroz,2013,2071946,4.8,9951397,271,2923,0.0275631649880773,22.4,37.0,14.2,860.0,47.0,24.0,1.0,10.66,0.0,0.0,0.0,0.0,0.0,0.0,0.0,0.0,0.0,0.0,0.0,0,0,0,0,0,0,0,0,0,1.0,0.0,0.0,0.0,0.0,0.0,0.0,358.0,410.69,36.11,0,0
China,CHN,Asia,Caña de azúcar,2013,9634196,119.82,1154381363,159,3719,0.0116151199782155,22.4,37.0,14.2,860.0,47.0,24.0,1.0,10.66,0.0,0.0,0.0,0.0,0.0,0.0,0.0,0.0,0.0,0.0,0.0,0,0,0,0,0,0,0,0,0,1.0,0.0,0.0,0.0,0.0,0.0,0.0,,,,0,1
China,CHN,Asia,Trigo,2013,1859291,7.09,13186433,202,9827,-0.0331622635396915,22.4,37.0,14.2,860.0,47.0,24.0,1.0,10.66,0.0,0.0,0.0,0.0,0.0,0.0,0.0,0.0,0.0,0.0,0.0,0,0,0,0,0,0,0,0,0,1.0,0.0,0.0,0.0,0.0,0.0,0.0,311.41,358.12,33.48,0,0
China,CHN,Asia,Café,2013,168227,1.08,182249,280,2560,-0.036441109357199,22.4,37.0,14.2,860.0,47.0,24.0,1.0,10.66,0.0,0.0,0.0,0.0,0.0,0.0,0.0,0.0,0.0,0.0,0.0,0,0,0,0,0,0,0,0,0,1.0,0.0,0.0,0.0,0.0,0.0,0.0,,,,0,1
China,CHN,Asia,Girasol,2013,3647762,4.43,16177539,82,3174,-0.025032275806186,22.4,37.0,14.2,860.0,47.0,24.0,1.0,10.66,0.0,0.0,0.0,0.0,0.0,0.0,0.0,0.0,0.0,0.0,0.0,0,0,0,0,0,0,0,0,0,1.0,0.0,0.0,0.0,0.0,0.0,0.0,,,,0,1
China,CHN,Asia,Soja,2013,7331881,3.3,24173528,86,5402,0.0127812820778974,22.4,37.0,14.2,860.0,47.0,24.0,1.0,10.66,0.0,0.0,0.0,0.0,0.0,0.0,0.0,0.0,0.0,0.0,0.0,0,0,0,0,0,0,0,0,0,1.0,0.0,0.0,0.0,0.0,0.0,0.0,511.65,572.38,30.38,0,0
China,CHN,Asia,Cebada,2013,162761,4.77,776624,181,5558,0.0194703615727544,22.4,37.0,14.2,860.0,47.0,24.0,1.0,10.66,0.0,0.0,0.0,0.0,0.0,0.0,0.0,0.0,0.0,0.0,0.0,0,0,0,0,0,0,0,0,0,1.0,0.0,0.0,0.0,0.0,0.0,0.0,,,,0,1
China,CHN,Asia,Té,2014,262525,2.3,603049,248,2526,0.0230931937487053,19.3,26.1,8.1,1424.0,44.0,25.0,4.0,20.5,0.0,0.0,0.0,0.0,0.0,0.0,0.0,0.0,0.0,0.0,0.0,0,0,0,0,0,0,0,0,1,1.0,0.0,0.0,0.0,0.0,0.0,0.0,,,,0,1
China,CHN,Asia,Arroz,2014,2828444,7.56,21385952,151,4568,0.0468128580075823,19.3,26.1,8.1,1424.0,44.0,25.0,4.0,20.5,0.0,0.0,0.0,0.0,0.0,0.0,0.0,0.0,0.0,0.0,0.0,0,0,0,0,0,0,0,0,1,1.0,0.0,0.0,0.0,0.0,0.0,0.0,358.0,410.69,36.11,0,0
China,CHN,Asia,Caña de azúcar,2014,9038849,81.92,740438928,197,3139,0.006614211091714,19.3,26.1,8.1,1424.0,44.0,25.0,4.0,20.5,0.0,0.0,0.0,0.0,0.0,0.0,0.0,0.0,0.0,0.0,0.0,0,0,0,0,0,0,0,0,1,1.0,0.0,0.0,0.0,0.0,0.0,0.0,,,,0,1
China,CHN,Asia,Trigo,2014,2953369,7.03,20759381,210,8529,-0.0483718647627255,19.3,26.1,8.1,1424.0,44.0,25.0,4.0,20.5,0.0,0.0,0.0,0.0,0.0,0.0,0.0,0.0,0.0,0.0,0.0,0,0,0,0,0,0,0,0,1,1.0,0.0,0.0,0.0,0.0,0.0,0.0,311.41,358.12,33.48,0,0
China,CHN,Asia,Café,2014,93062,1.26,117115,101,3161,0.0382147764041998,19.3,26.1,8.1,1424.0,44.0,25.0,4.0,20.5,0.0,0.0,0.0,0.0,0.0,0.0,0.0,0.0,0.0,0.0,0.0,0,0,0,0,0,0,0,0,1,1.0,0.0,0.0,0.0,0.0,0.0,0.0,,,,0,1
China,CHN,Asia,Girasol,2014,2263661,1.39,3153321,220,3711,-0.0448212724951345,19.3,26.1,8.1,1424.0,44.0,25.0,4.0,20.5,0.0,0.0,0.0,0.0,0.0,0.0,0.0,0.0,0.0,0.0,0.0,0,0,0,0,0,0,0,0,1,1.0,0.0,0.0,0.0,0.0,0.0,0.0,,,,0,1
China,CHN,Asia,Soja,2014,6421797,3.65,23418954,230,2559,-0.0498913696308276,19.3,26.1,8.1,1424.0,44.0,25.0,4.0,20.5,0.0,0.0,0.0,0.0,0.0,0.0,0.0,0.0,0.0,0.0,0.0,0,0,0,0,0,0,0,0,1,1.0,0.0,0.0,0.0,0.0,0.0,0.0,511.65,572.38,30.38,0,0
China,CHN,Asia,Cebada,2014,287667,4.54,1305275,52,6629,0.0317109026913298,19.3,26.1,8.1,1424.0,44.0,25.0,4.0,20.5,0.0,0.0,0.0,0.0,0.0,0.0,0.0,0.0,0.0,0.0,0.0,0,0,0,0,0,0,0,0,1,1.0,0.0,0.0,0.0,0.0,0.0,0.0,,,,0,1
China,CHN,Asia,Té,2015,256520,2.17,557752,72,2678,-0.0396798466791574,12.6,24.8,2.3,1229.0,65.0,17.0,1.0,27.09,0.0,0.0,0.0,0.0,0.0,0.0,0.0,0.0,0.0,0.0,0.0,0,0,0,0,0,1,0,0,1,1.0,0.0,0.0,0.0,0.0,0.0,0.0,,,,0,1
China,CHN,Asia,Arroz,2015,1254940,5.27,6608017,84,3340,-0.0431588392477421,12.6,24.8,2.3,1229.0,65.0,17.0,1.0,27.09,0.0,0.0,0.0,0.0,0.0,0.0,0.0,0.0,0.0,0.0,0.0,0,0,0,0,0,1,0,0,1,1.0,0.0,0.0,0.0,0.0,0.0,0.0,358.0,410.69,36.11,0,0
China,CHN,Asia,Caña de azúcar,2015,2878085,97.71,281215400,88,7745,0.0116076012600706,12.6,24.8,2.3,1229.0,65.0,17.0,1.0,27.09,0.0,0.0,0.0,0.0,0.0,0.0,0.0,0.0,0.0,0.0,0.0,0,0,0,0,0,1,0,0,1,1.0,0.0,0.0,0.0,0.0,0.0,0.0,,,,0,1
China,CHN,Asia,Trigo,2015,1861984,2.28,4241102,200,7291,-0.014846435961687,12.6,24.8,2.3,1229.0,65.0,17.0,1.0,27.09,0.0,0.0,0.0,0.0,0.0,0.0,0.0,0.0,0.0,0.0,0.0,0,0,0,0,0,1,0,0,1,1.0,0.0,0.0,0.0,0.0,0.0,0.0,311.41,358.12,33.48,0,0
China,CHN,Asia,Café,2015,418815,0.62,260308,191,5668,0.0278969652513259,12.6,24.8,2.3,1229.0,65.0,17.0,1.0,27.09,0.0,0.0,0.0,0.0,0.0,0.0,0.0,0.0,0.0,0.0,0.0,0,0,0,0,0,1,0,0,1,1.0,0.0,0.0,0.0,0.0,0.0,0.0,,,,0,1
China,CHN,Asia,Girasol,2015,2730337,1.81,4932350,150,5842,0.0146169774640866,12.6,24.8,2.3,1229.0,65.0,17.0,1.0,27.09,0.0,0.0,0.0,0.0,0.0,0.0,0.0,0.0,0.0,0.0,0.0,0,0,0,0,0,1,0,0,1,1.0,0.0,0.0,0.0,0.0,0.0,0.0,,,,0,1
China,CHN,Asia,Soja,2015,7377577,3.89,28692208,177,2163,0.0028286500936184,12.6,24.8,2.3,1229.0,65.0,17.0,1.0,27.09,0.0,0.0,0.0,0.0,0.0,0.0,0.0,0.0,0.0,0.0,0.0,0,0,0,0,0,1,0,0,1,1.0,0.0,0.0,0.0,0.0,0.0,0.0,511.65,572.38,30.38,0,0
China,CHN,Asia,Cebada,2015,878914,5.45,4791882,195,7895,-0.0134587537151901,12.6,24.8,2.3,1229.0,65.0,17.0,1.0,27.09,0.0,0.0,0.0,0.0,0.0,0.0,0.0,0.0,0.0,0.0,0.0,0,0,0,0,0,1,0,0,1,1.0,0.0,0.0,0.0,0.0,0.0,0.0,,,,0,1
China,CHN,Asia,Té,2016,269207,2.76,741964,67,1225,-0.0237814722837932,25.2,36.3,10.5,477.0,60.0,28.0,8.0,5.26,0.0,0.0,0.0,0.0,0.0,0.0,0.0,0.0,0.0,0.0,0.0,0,0,0,0,0,1,0,0,1,1.0,0.0,0.0,0.0,0.0,0.0,0.0,,,,0,1
China,CHN,Asia,Arroz,2016,236390,6.15,1452861,232,9209,0.0267110000665724,25.2,36.3,10.5,477.0,60.0,28.0,8.0,5.26,0.0,0.0,0.0,0.0,0.0,0.0,0.0,0.0,0.0,0.0,0.0,0,0,0,0,0,1,0,0,1,1.0,0.0,0.0,0.0,0.0,0.0,0.0,358.0,410.69,36.11,0,0
China,CHN,Asia,Caña de azúcar,2016,6807040,68.19,464169709,121,2369,-0.0190093114383358,25.2,36.3,10.5,477.0,60.0,28.0,8.0,5.26,0.0,0.0,0.0,0.0,0.0,0.0,0.0,0.0,0.0,0.0,0.0,0,0,0,0,0,1,0,0,1,1.0,0.0,0.0,0.0,0.0,0.0,0.0,,,,0,1
China,CHN,Asia,Trigo,2016,1782936,6.41,11433534,200,2083,-0.0189830506602854,25.2,36.3,10.5,477.0,60.0,28.0,8.0,5.26,0.0,0.0,0.0,0.0,0.0,0.0,0.0,0.0,0.0,0.0,0.0,0,0,0,0,0,1,0,0,1,1.0,0.0,0.0,0.0,0.0,0.0,0.0,311.41,358.12,33.48,0,0
China,CHN,Asia,Café,2016,449818,0.99,444941,79,8428,0.0112296794420722,25.2,36.3,10.5,477.0,60.0,28.0,8.0,5.26,0.0,0.0,0.0,0.0,0.0,0.0,0.0,0.0,0.0,0.0,0.0,0,0,0,0,0,1,0,0,1,1.0,0.0,0.0,0.0,0.0,0.0,0.0,,,,0,1
China,CHN,Asia,Girasol,2016,1336372,2.0,2669201,91,9133,0.0453016201754697,25.2,36.3,10.5,477.0,60.0,28.0,8.0,5.26,0.0,0.0,0.0,0.0,0.0,0.0,0.0,0.0,0.0,0.0,0.0,0,0,0,0,0,1,0,0,1,1.0,0.0,0.0,0.0,0.0,0.0,0.0,,,,0,1
China,CHN,Asia,Soja,2016,6866178,3.6,24730989,241,5403,0.0232935837555041,25.2,36.3,10.5,477.0,60.0,28.0,8.0,5.26,0.0,0.0,0.0,0.0,0.0,0.0,0.0,0.0,0.0,0.0,0.0,0,0,0,0,0,1,0,0,1,1.0,0.0,0.0,0.0,0.0,0.0,0.0,511.65,572.38,30.38,0,0
China,CHN,Asia,Cebada,2016,1737707,2.72,4731015,66,5308,0.0212323248200495,25.2,36.3,10.5,477.0,60.0,28.0,8.0,5.26,0.0,0.0,0.0,0.0,0.0,0.0,0.0,0.0,0.0,0.0,0.0,0,0,0,0,0,1,0,0,1,1.0,0.0,0.0,0.0,0.0,0.0,0.0,,,,0,1
China,CHN,Asia,Té,2017,43503,1.73,75435,269,3734,-0.0132312222143188,16.8,30.6,7.4,372.0,53.0,18.0,7.0,6.15,2.0,0.0,0.0,0.0,1.0,0.0,0.0,0.0,0.0,1.0,1.0,0,0,0,0,0,1,0,0,1,1.0,0.0,0.0,0.0,0.0,0.0,0.0,,,,0,1
China,CHN,Asia,Arroz,2017,419700,6.32,2653907,239,9336,-0.0497431493967489,16.8,30.6,7.4,372.0,53.0,18.0,7.0,6.15,2.0,0.0,0.0,0.0,1.0,0.0,0.0,0.0,0.0,1.0,1.0,0,0,0,0,0,1,0,0,1,1.0,0.0,0.0,0.0,0.0,0.0,0.0,358.0,410.69,36.11,0,0
China,CHN,Asia,Caña de azúcar,2017,253342,71.24,18047536,88,3932,0.0431160077157185,16.8,30.6,7.4,372.0,53.0,18.0,7.0,6.15,2.0,0.0,0.0,0.0,1.0,0.0,0.0,0.0,0.0,1.0,1.0,0,0,0,0,0,1,0,0,1,1.0,0.0,0.0,0.0,0.0,0.0,0.0,,,,0,1
China,CHN,Asia,Trigo,2017,5456740,7.75,42279937,107,6272,-0.0251736816642756,16.8,30.6,7.4,372.0,53.0,18.0,7.0,6.15,2.0,0.0,0.0,0.0,1.0,0.0,0.0,0.0,0.0,1.0,1.0,0,0,0,0,0,1,0,0,1,1.0,0.0,0.0,0.0,0.0,0.0,0.0,311.41,358.12,33.48,0,0
China,CHN,Asia,Café,2017,201664,0.83,168072,178,1862,-0.0320655649727694,16.8,30.6,7.4,372.0,53.0,18.0,7.0,6.15,2.0,0.0,0.0,0.0,1.0,0.0,0.0,0.0,0.0,1.0,1.0,0,0,0,0,0,1,0,0,1,1.0,0.0,0.0,0.0,0.0,0.0,0.0,,,,0,1
China,CHN,Asia,Girasol,2017,454724,2.79,1269114,122,6090,-0.0172699078273881,16.8,30.6,7.4,372.0,53.0,18.0,7.0,6.15,2.0,0.0,0.0,0.0,1.0,0.0,0.0,0.0,0.0,1.0,1.0,0,0,0,0,0,1,0,0,1,1.0,0.0,0.0,0.0,0.0,0.0,0.0,,,,0,1
China,CHN,Asia,Soja,2017,123256,3.22,397037,239,4974,-0.00360733094195,16.8,30.6,7.4,372.0,53.0,18.0,7.0,6.15,2.0,0.0,0.0,0.0,1.0,0.0,0.0,0.0,0.0,1.0,1.0,0,0,0,0,0,1,0,0,1,1.0,0.0,0.0,0.0,0.0,0.0,0.0,511.65,572.38,30.38,0,0
China,CHN,Asia,Cebada,2017,1111442,7.12,7910729,189,5016,-0.034943362320678,16.8,30.6,7.4,372.0,53.0,18.0,7.0,6.15,2.0,0.0,0.0,0.0,1.0,0.0,0.0,0.0,0.0,1.0,1.0,0,0,0,0,0,1,0,0,1,1.0,0.0,0.0,0.0,0.0,0.0,0.0,,,,0,1
China,CHN,Asia,Té,2018,16083,1.52,24383,274,1157,0.0450990262143443,8.7,19.3,-6.3,619.0,52.0,52.0,6.0,19.76,0.0,0.0,0.0,0.0,0.0,0.0,0.0,0.0,0.0,0.0,0.0,1,0,0,0,0,1,0,0,1,1.0,0.0,0.0,0.0,0.0,0.0,0.0,,,,0,1
China,CHN,Asia,Arroz,2018,2355408,5.29,12466890,102,9680,0.0483115741894897,8.7,19.3,-6.3,619.0,52.0,52.0,6.0,19.76,0.0,0.0,0.0,0.0,0.0,0.0,0.0,0.0,0.0,0.0,0.0,1,0,0,0,0,1,0,0,1,1.0,0.0,0.0,0.0,0.0,0.0,0.0,358.0,410.69,36.11,0,0
China,CHN,Asia,Caña de azúcar,2018,1022944,94.72,96897113,61,4792,0.0397287471931459,8.7,19.3,-6.3,619.0,52.0,52.0,6.0,19.76,0.0,0.0,0.0,0.0,0.0,0.0,0.0,0.0,0.0,0.0,0.0,1,0,0,0,0,1,0,0,1,1.0,0.0,0.0,0.0,0.0,0.0,0.0,,,,0,1
China,CHN,Asia,Trigo,2018,3298526,5.35,17641712,179,3187,0.0137215680032692,8.7,19.3,-6.3,619.0,52.0,52.0,6.0,19.76,0.0,0.0,0.0,0.0,0.0,0.0,0.0,0.0,0.0,0.0,0.0,1,0,0,0,0,1,0,0,1,1.0,0.0,0.0,0.0,0.0,0.0,0.0,311.41,358.12,33.48,0,0
China,CHN,Asia,Café,2018,310620,1.81,563765,110,5778,-0.0239009061076389,8.7,19.3,-6.3,619.0,52.0,52.0,6.0,19.76,0.0,0.0,0.0,0.0,0.0,0.0,0.0,0.0,0.0,0.0,0.0,1,0,0,0,0,1,0,0,1,1.0,0.0,0.0,0.0,0.0,0.0,0.0,,,,0,1
China,CHN,Asia,Girasol,2018,3195579,3.0,9590952,119,4827,-0.042531256419752,8.7,19.3,-6.3,619.0,52.0,52.0,6.0,19.76,0.0,0.0,0.0,0.0,0.0,0.0,0.0,0.0,0.0,0.0,0.0,1,0,0,0,0,1,0,0,1,1.0,0.0,0.0,0.0,0.0,0.0,0.0,,,,0,1
China,CHN,Asia,Soja,2018,6089943,3.01,18301075,165,8635,-0.0185966712187882,8.7,19.3,-6.3,619.0,52.0,52.0,6.0,19.76,0.0,0.0,0.0,0.0,0.0,0.0,0.0,0.0,0.0,0.0,0.0,1,0,0,0,0,1,0,0,1,1.0,0.0,0.0,0.0,0.0,0.0,0.0,511.65,572.38,30.38,0,0
China,CHN,Asia,Cebada,2018,675906,4.89,3305596,117,2964,-0.0409579111951475,8.7,19.3,-6.3,619.0,52.0,52.0,6.0,19.76,0.0,0.0,0.0,0.0,0.0,0.0,0.0,0.0,0.0,0.0,0.0,1,0,0,0,0,1,0,0,1,1.0,0.0,0.0,0.0,0.0,0.0,0.0,,,,0,1
China,CHN,Asia,Té,2019,191851,2.47,473306,263,6370,-0.03516762026309,12.5,25.0,0.4,950.0,63.0,102.0,3.0,21.11,0.0,0.0,0.0,0.0,0.0,0.0,0.0,0.0,0.0,0.0,0.0,1,0,0,0,0,1,0,0,1,1.0,0.0,0.0,0.0,0.0,0.0,0.0,,,,0,1
China,CHN,Asia,Arroz,2019,1725992,4.0,6896976,259,3848,-0.046891790664124,12.5,25.0,0.4,950.0,63.0,102.0,3.0,21.11,0.0,0.0,0.0,0.0,0.0,0.0,0.0,0.0,0.0,0.0,0.0,1,0,0,0,0,1,0,0,1,1.0,0.0,0.0,0.0,0.0,0.0,0.0,358.0,410.69,36.11,0,0
China,CHN,Asia,Caña de azúcar,2019,7611704,83.65,636724571,76,3290,-0.0378546744495951,12.5,25.0,0.4,950.0,63.0,102.0,3.0,21.11,0.0,0.0,0.0,0.0,0.0,0.0,0.0,0.0,0.0,0.0,0.0,1,0,0,0,0,1,0,0,1,1.0,0.0,0.0,0.0,0.0,0.0,0.0,,,,0,1
China,CHN,Asia,Trigo,2019,1616415,3.02,4888424,211,2376,0.0082323801414063,12.5,25.0,0.4,950.0,63.0,102.0,3.0,21.11,0.0,0.0,0.0,0.0,0.0,0.0,0.0,0.0,0.0,0.0,0.0,1,0,0,0,0,1,0,0,1,1.0,0.0,0.0,0.0,0.0,0.0,0.0,311.41,358.12,33.48,0,0
China,CHN,Asia,Café,2019,400731,0.71,283947,215,8265,0.0309298665291007,12.5,25.0,0.4,950.0,63.0,102.0,3.0,21.11,0.0,0.0,0.0,0.0,0.0,0.0,0.0,0.0,0.0,0.0,0.0,1,0,0,0,0,1,0,0,1,1.0,0.0,0.0,0.0,0.0,0.0,0.0,,,,0,1
China,CHN,Asia,Girasol,2019,2427346,1.78,4313175,286,8096,0.0321685401532283,12.5,25.0,0.4,950.0,63.0,102.0,3.0,21.11,0.0,0.0,0.0,0.0,0.0,0.0,0.0,0.0,0.0,0.0,0.0,1,0,0,0,0,1,0,0,1,1.0,0.0,0.0,0.0,0.0,0.0,0.0,,,,0,1
China,CHN,Asia,Soja,2019,296646,3.03,899069,282,4066,-0.0225018230975757,12.5,25.0,0.4,950.0,63.0,102.0,3.0,21.11,0.0,0.0,0.0,0.0,0.0,0.0,0.0,0.0,0.0,0.0,0.0,1,0,0,0,0,1,0,0,1,1.0,0.0,0.0,0.0,0.0,0.0,0.0,511.65,572.38,30.38,0,0
China,CHN,Asia,Cebada,2019,323320,2.54,820195,125,9173,-0.0088007793703834,12.5,25.0,0.4,950.0,63.0,102.0,3.0,21.11,0.0,0.0,0.0,0.0,0.0,0.0,0.0,0.0,0.0,0.0,0.0,1,0,0,0,0,1,0,0,1,1.0,0.0,0.0,0.0,0.0,0.0,0.0,,,,0,1
China,CHN,Asia,Té,2020,35001,1.09,38266,214,9614,-0.0250852244863254,21.6,29.8,8.3,956.0,84.0,31.0,1.0,12.29,3.0,0.0,1.0,0.0,0.0,0.0,0.0,0.0,1.0,1.0,1.0,1,0,0,1,0,1,0,0,1,1.0,0.0,0.0,0.0,0.0,0.0,0.0,,,,0,1
China,CHN,Asia,Arroz,2020,3069096,8.28,25412303,141,8859,0.0044517806034051,21.6,29.8,8.3,956.0,84.0,31.0,1.0,12.29,3.0,0.0,1.0,0.0,0.0,0.0,0.0,0.0,1.0,1.0,1.0,1,0,0,1,0,1,0,0,1,1.0,0.0,0.0,0.0,0.0,0.0,0.0,358.0,410.69,36.11,0,0
China,CHN,Asia,Caña de azúcar,2020,9910030,77.85,771463505,131,4588,-0.0470696539463365,21.6,29.8,8.3,956.0,84.0,31.0,1.0,12.29,3.0,0.0,1.0,0.0,0.0,0.0,0.0,0.0,1.0,1.0,1.0,1,0,0,1,0,1,0,0,1,1.0,0.0,0.0,0.0,0.0,0.0,0.0,,,,0,1
China,CHN,Asia,Trigo,2020,2912319,2.84,8267307,246,4813,0.0473979861733502,21.6,29.8,8.3,956.0,84.0,31.0,1.0,12.29,3.0,0.0,1.0,0.0,0.0,0.0,0.0,0.0,1.0,1.0,1.0,1,0,0,1,0,1,0,0,1,1.0,0.0,0.0,0.0,0.0,0.0,0.0,311.41,358.12,33.48,0,0
China,CHN,Asia,Café,2020,296959,1.08,321465,238,1916,0.0264049723717511,21.6,29.8,8.3,956.0,84.0,31.0,1.0,12.29,3.0,0.0,1.0,0.0,0.0,0.0,0.0,0.0,1.0,1.0,1.0,1,0,0,1,0,1,0,0,1,1.0,0.0,0.0,0.0,0.0,0.0,0.0,,,,0,1
China,CHN,Asia,Girasol,2020,6340629,3.42,21667266,264,3846,-0.0323899632420009,21.6,29.8,8.3,956.0,84.0,31.0,1.0,12.29,3.0,0.0,1.0,0.0,0.0,0.0,0.0,0.0,1.0,1.0,1.0,1,0,0,1,0,1,0,0,1,1.0,0.0,0.0,0.0,0.0,0.0,0.0,,,,0,1
China,CHN,Asia,Soja,2020,7497946,3.85,28902024,230,6761,0.0447558735070015,21.6,29.8,8.3,956.0,84.0,31.0,1.0,12.29,3.0,0.0,1.0,0.0,0.0,0.0,0.0,0.0,1.0,1.0,1.0,1,0,0,1,0,1,0,0,1,1.0,0.0,0.0,0.0,0.0,0.0,0.0,511.65,572.38,30.38,0,0
China,CHN,Asia,Cebada,2020,1286586,7.22,9286449,298,9064,0.0042124601520993,21.6,29.8,8.3,956.0,84.0,31.0,1.0,12.29,3.0,0.0,1.0,0.0,0.0,0.0,0.0,0.0,1.0,1.0,1.0,1,0,0,1,0,1,0,0,1,1.0,0.0,0.0,0.0,0.0,0.0,0.0,,,,0,1
Francia,FRA,Europa,Trigo,2011,25895,4.56,117982,137,3907,0.0418780787307206,20.7,31.1,14.7,1160.0,78.0,29.0,3.0,15.57,0.0,0.0,0.0,0.0,0.0,0.0,0.0,0.0,0.0,0.0,0.0,0,0,0,0,0,0,0,1,0,0.0,0.0,0.0,1.0,0.0,0.0,0.0,297.47,343.13,32.76,0,0
Francia,FRA,Europa,Caña de azúcar,2011,5559740,57.97,322291162,86,2817,0.0346480887579134,20.7,31.1,14.7,1160.0,78.0,29.0,3.0,15.57,0.0,0.0,0.0,0.0,0.0,0.0,0.0,0.0,0.0,0.0,0.0,0,0,0,0,0,0,0,1,0,0.0,0.0,0.0,1.0,0.0,0.0,0.0,,,,0,1
Francia,FRA,Europa,Maíz,2011,1347210,6.4,8623163,75,6514,-0.019823484627453,20.7,31.1,14.7,1160.0,78.0,29.0,3.0,15.57,0.0,0.0,0.0,0.0,0.0,0.0,0.0,0.0,0.0,0.0,0.0,0,0,0,0,0,0,0,1,0,0.0,0.0,0.0,1.0,0.0,0.0,0.0,190.68,234.46,19.73,0,0
Francia,FRA,Europa,Café,2011,82475,2.0,164546,174,6198,-0.0325797329044469,20.7,31.1,14.7,1160.0,78.0,29.0,3.0,15.57,0.0,0.0,0.0,0.0,0.0,0.0,0.0,0.0,0.0,0.0,0.0,0,0,0,0,0,0,0,1,0,0.0,0.0,0.0,1.0,0.0,0.0,0.0,,,,0,1
Francia,FRA,Europa,Algodón,2011,2996868,3.67,11001262,220,3872,-0.0121615891852801,20.7,31.1,14.7,1160.0,78.0,29.0,3.0,15.57,0.0,0.0,0.0,0.0,0.0,0.0,0.0,0.0,0.0,0.0,0.0,0,0,0,0,0,0,0,1,0,0.0,0.0,0.0,1.0,0.0,0.0,0.0,,,,0,1
Francia,FRA,Europa,Soja,2011,2562682,3.41,8743027,292,7415,0.0350756965535008,20.7,31.1,14.7,1160.0,78.0,29.0,3.0,15.57,0.0,0.0,0.0,0.0,0.0,0.0,0.0,0.0,0.0,0.0,0.0,0,0,0,0,0,0,0,1,0,0.0,0.0,0.0,1.0,0.0,0.0,0.0,500.55,608.23,56.83,0,0
Francia,FRA,Europa,Cebada,2011,1217255,3.06,3729649,297,4619,0.0139646772783623,20.7,31.1,14.7,1160.0,78.0,29.0,3.0,15.57,0.0,0.0,0.0,0.0,0.0,0.0,0.0,0.0,0.0,0.0,0.0,0,0,0,0,0,0,0,1,0,0.0,0.0,0.0,1.0,0.0,0.0,0.0,,,,0,1
Francia,FRA,Europa,Girasol,2011,4110573,1.8,7408674,131,3750,0.0136186770240368,20.7,31.1,14.7,1160.0,78.0,29.0,3.0,15.57,0.0,0.0,0.0,0.0,0.0,0.0,0.0,0.0,0.0,0.0,0.0,0,0,0,0,0,0,0,1,0,0.0,0.0,0.0,1.0,0.0,0.0,0.0,,,,0,1
Francia,FRA,Europa,Trigo,2012,2998434,3.92,11758877,67,6742,-0.0243342058457285,21.2,28.9,7.8,1186.0,69.0,79.0,3.0,15.54,0.0,0.0,0.0,0.0,0.0,0.0,0.0,0.0,0.0,0.0,0.0,0,0,0,0,0,0,0,1,0,0.0,0.0,0.0,1.0,0.0,0.0,0.0,297.47,343.13,32.76,0,0
Francia,FRA,Europa,Caña de azúcar,2012,30581,59.86,1830466,92,7783,-0.0006918006526152,21.2,28.9,7.8,1186.0,69.0,79.0,3.0,15.54,0.0,0.0,0.0,0.0,0.0,0.0,0.0,0.0,0.0,0.0,0.0,0,0,0,0,0,0,0,1,0,0.0,0.0,0.0,1.0,0.0,0.0,0.0,,,,0,1
Francia,FRA,Europa,Maíz,2012,9241058,6.92,63939999,197,4695,-0.0337343488251511,21.2,28.9,7.8,1186.0,69.0,79.0,3.0,15.54,0.0,0.0,0.0,0.0,0.0,0.0,0.0,0.0,0.0,0.0,0.0,0,0,0,0,0,0,0,1,0,0.0,0.0,0.0,1.0,0.0,0.0,0.0,190.68,234.46,19.73,0,0
Francia,FRA,Europa,Café,2012,430040,0.43,182849,76,2215,-0.015819179885011,21.2,28.9,7.8,1186.0,69.0,79.0,3.0,15.54,0.0,0.0,0.0,0.0,0.0,0.0,0.0,0.0,0.0,0.0,0.0,0,0,0,0,0,0,0,1,0,0.0,0.0,0.0,1.0,0.0,0.0,0.0,,,,0,1
Francia,FRA,Europa,Algodón,2012,713460,3.64,2600560,73,6536,0.0094030544052094,21.2,28.9,7.8,1186.0,69.0,79.0,3.0,15.54,0.0,0.0,0.0,0.0,0.0,0.0,0.0,0.0,0.0,0.0,0.0,0,0,0,0,0,0,0,1,0,0.0,0.0,0.0,1.0,0.0,0.0,0.0,,,,0,1
Francia,FRA,Europa,Soja,2012,4187540,3.98,16653198,205,8113,-0.0342896222669215,21.2,28.9,7.8,1186.0,69.0,79.0,3.0,15.54,0.0,0.0,0.0,0.0,0.0,0.0,0.0,0.0,0.0,0.0,0.0,0,0,0,0,0,0,0,1,0,0.0,0.0,0.0,1.0,0.0,0.0,0.0,500.55,608.23,56.83,0,0
Francia,FRA,Europa,Cebada,2012,423140,5.79,2449296,286,9849,-0.0234735230650023,21.2,28.9,7.8,1186.0,69.0,79.0,3.0,15.54,0.0,0.0,0.0,0.0,0.0,0.0,0.0,0.0,0.0,0.0,0.0,0,0,0,0,0,0,0,1,0,0.0,0.0,0.0,1.0,0.0,0.0,0.0,,,,0,1
Francia,FRA,Europa,Girasol,2012,1979041,1.64,3252517,175,3516,-0.0445495148294948,21.2,28.9,7.8,1186.0,69.0,79.0,3.0,15.54,0.0,0.0,0.0,0.0,0.0,0.0,0.0,0.0,0.0,0.0,0.0,0,0,0,0,0,0,0,1,0,0.0,0.0,0.0,1.0,0.0,0.0,0.0,,,,0,1
Francia,FRA,Europa,Trigo,2013,711089,4.13,2938255,101,2589,-0.0474264307268314,15.3,25.1,3.2,1209.0,44.0,87.0,2.0,21.95,2.0,0.0,0.0,0.0,0.0,0.0,0.0,1.0,0.0,1.0,1.0,0,0,0,0,0,0,0,1,0,0.0,0.0,0.0,1.0,0.0,0.0,0.0,297.47,343.13,32.76,0,0
Francia,FRA,Europa,Caña de azúcar,2013,4739070,103.83,492063129,250,7512,-0.002905554705041,15.3,25.1,3.2,1209.0,44.0,87.0,2.0,21.95,2.0,0.0,0.0,0.0,0.0,0.0,0.0,1.0,0.0,1.0,1.0,0,0,0,0,0,0,0,1,0,0.0,0.0,0.0,1.0,0.0,0.0,0.0,,,,0,1
Francia,FRA,Europa,Maíz,2013,4891914,3.35,16398589,276,7249,-0.0130598335068055,15.3,25.1,3.2,1209.0,44.0,87.0,2.0,21.95,2.0,0.0,0.0,0.0,0.0,0.0,0.0,1.0,0.0,1.0,1.0,0,0,0,0,0,0,0,1,0,0.0,0.0,0.0,1.0,0.0,0.0,0.0,190.68,234.46,19.73,0,0
Francia,FRA,Europa,Café,2013,139998,1.38,192528,194,2009,-0.034886932557646,15.3,25.1,3.2,1209.0,44.0,87.0,2.0,21.95,2.0,0.0,0.0,0.0,0.0,0.0,0.0,1.0,0.0,1.0,1.0,0,0,0,0,0,0,0,1,0,0.0,0.0,0.0,1.0,0.0,0.0,0.0,,,,0,1
Francia,FRA,Europa,Algodón,2013,429131,1.19,512051,298,4727,0.0053601906157908,15.3,25.1,3.2,1209.0,44.0,87.0,2.0,21.95,2.0,0.0,0.0,0.0,0.0,0.0,0.0,1.0,0.0,1.0,1.0,0,0,0,0,0,0,0,1,0,0.0,0.0,0.0,1.0,0.0,0.0,0.0,,,,0,1
Francia,FRA,Europa,Soja,2013,7382666,4.44,32789867,289,8779,0.0072714290631218,15.3,25.1,3.2,1209.0,44.0,87.0,2.0,21.95,2.0,0.0,0.0,0.0,0.0,0.0,0.0,1.0,0.0,1.0,1.0,0,0,0,0,0,0,0,1,0,0.0,0.0,0.0,1.0,0.0,0.0,0.0,500.55,608.23,56.83,0,0
Francia,FRA,Europa,Cebada,2013,616290,3.43,2114426,178,9467,0.0300450336720685,15.3,25.1,3.2,1209.0,44.0,87.0,2.0,21.95,2.0,0.0,0.0,0.0,0.0,0.0,0.0,1.0,0.0,1.0,1.0,0,0,0,0,0,0,0,1,0,0.0,0.0,0.0,1.0,0.0,0.0,0.0,,,,0,1
Francia,FRA,Europa,Girasol,2013,1299511,1.73,2249765,92,4471,0.0308460721319363,15.3,25.1,3.2,1209.0,44.0,87.0,2.0,21.95,2.0,0.0,0.0,0.0,0.0,0.0,0.0,1.0,0.0,1.0,1.0,0,0,0,0,0,0,0,1,0,0.0,0.0,0.0,1.0,0.0,0.0,0.0,,,,0,1
Francia,FRA,Europa,Trigo,2014,3379919,2.41,8159385,260,3422,0.0334108118676004,14.6,26.7,4.7,1302.0,85.0,97.0,0.0,24.77,0.0,0.0,0.0,0.0,0.0,0.0,0.0,0.0,0.0,0.0,0.0,0,0,0,0,0,0,0,1,0,0.0,0.0,0.0,1.0,0.0,0.0,0.0,297.47,343.13,32.76,0,0
Francia,FRA,Europa,Caña de azúcar,2014,1102376,67.73,74667888,269,5525,0.0019688177542069,14.6,26.7,4.7,1302.0,85.0,97.0,0.0,24.77,0.0,0.0,0.0,0.0,0.0,0.0,0.0,0.0,0.0,0.0,0.0,0,0,0,0,0,0,0,1,0,0.0,0.0,0.0,1.0,0.0,0.0,0.0,,,,0,1
Francia,FRA,Europa,Maíz,2014,340482,8.98,3059212,157,2843,-0.0085557601231021,14.6,26.7,4.7,1302.0,85.0,97.0,0.0,24.77,0.0,0.0,0.0,0.0,0.0,0.0,0.0,0.0,0.0,0.0,0.0,0,0,0,0,0,0,0,1,0,0.0,0.0,0.0,1.0,0.0,0.0,0.0,190.68,234.46,19.73,0,0
Francia,FRA,Europa,Café,2014,293964,1.74,510944,77,2654,0.0285745630309677,14.6,26.7,4.7,1302.0,85.0,97.0,0.0,24.77,0.0,0.0,0.0,0.0,0.0,0.0,0.0,0.0,0.0,0.0,0.0,0,0,0,0,0,0,0,1,0,0.0,0.0,0.0,1.0,0.0,0.0,0.0,,,,0,1
Francia,FRA,Europa,Algodón,2014,1587424,3.44,5466572,196,8750,-0.0462534329502286,14.6,26.7,4.7,1302.0,85.0,97.0,0.0,24.77,0.0,0.0,0.0,0.0,0.0,0.0,0.0,0.0,0.0,0.0,0.0,0,0,0,0,0,0,0,1,0,0.0,0.0,0.0,1.0,0.0,0.0,0.0,,,,0,1
Francia,FRA,Europa,Soja,2014,1225700,3.89,4766252,151,6431,0.0190513754170978,14.6,26.7,4.7,1302.0,85.0,97.0,0.0,24.77,0.0,0.0,0.0,0.0,0.0,0.0,0.0,0.0,0.0,0.0,0.0,0,0,0,0,0,0,0,1,0,0.0,0.0,0.0,1.0,0.0,0.0,0.0,500.55,608.23,56.83,0,0
Francia,FRA,Europa,Cebada,2014,933176,5.68,5297900,259,5965,-0.0189050702152053,14.6,26.7,4.7,1302.0,85.0,97.0,0.0,24.77,0.0,0.0,0.0,0.0,0.0,0.0,0.0,0.0,0.0,0.0,0.0,0,0,0,0,0,0,0,1,0,0.0,0.0,0.0,1.0,0.0,0.0,0.0,,,,0,1
Francia,FRA,Europa,Girasol,2014,910255,2.89,2627318,240,8259,0.0274030900193924,14.6,26.7,4.7,1302.0,85.0,97.0,0.0,24.77,0.0,0.0,0.0,0.0,0.0,0.0,0.0,0.0,0.0,0.0,0.0,0,0,0,0,0,0,0,1,0,0.0,0.0,0.0,1.0,0.0,0.0,0.0,,,,0,1
Francia,FRA,Europa,Trigo,2015,3447131,4.62,15935062,283,7671,0.0240944798920007,23.3,31.6,12.6,1455.0,72.0,52.0,2.0,17.35,0.0,0.0,0.0,0.0,0.0,0.0,0.0,0.0,0.0,0.0,0.0,0,0,0,0,0,0,0,1,0,0.0,0.0,0.0,1.0,0.0,0.0,0.0,297.47,343.13,32.76,0,0
Francia,FRA,Europa,Caña de azúcar,2015,6868529,98.68,677798895,129,9303,-0.0096614858987556,23.3,31.6,12.6,1455.0,72.0,52.0,2.0,17.35,0.0,0.0,0.0,0.0,0.0,0.0,0.0,0.0,0.0,0.0,0.0,0,0,0,0,0,0,0,1,0,0.0,0.0,0.0,1.0,0.0,0.0,0.0,,,,0,1
Francia,FRA,Europa,Maíz,2015,9775158,6.75,65937535,263,4288,0.0336976677608695,23.3,31.6,12.6,1455.0,72.0,52.0,2.0,17.35,0.0,0.0,0.0,0.0,0.0,0.0,0.0,0.0,0.0,0.0,0.0,0,0,0,0,0,0,0,1,0,0.0,0.0,0.0,1.0,0.0,0.0,0.0,190.68,234.46,19.73,0,0
Francia,FRA,Europa,Café,2015,231402,0.52,119476,144,8605,0.0005126374937163,23.3,31.6,12.6,1455.0,72.0,52.0,2.0,17.35,0.0,0.0,0.0,0.0,0.0,0.0,0.0,0.0,0.0,0.0,0.0,0,0,0,0,0,0,0,1,0,0.0,0.0,0.0,1.0,0.0,0.0,0.0,,,,0,1
Francia,FRA,Europa,Algodón,2015,556166,2.72,1512868,164,3909,0.0460520378280287,23.3,31.6,12.6,1455.0,72.0,52.0,2.0,17.35,0.0,0.0,0.0,0.0,0.0,0.0,0.0,0.0,0.0,0.0,0.0,0,0,0,0,0,0,0,1,0,0.0,0.0,0.0,1.0,0.0,0.0,0.0,,,,0,1
Francia,FRA,Europa,Soja,2015,4762741,3.1,14748171,241,2480,-0.0214930623565238,23.3,31.6,12.6,1455.0,72.0,52.0,2.0,17.35,0.0,0.0,0.0,0.0,0.0,0.0,0.0,0.0,0.0,0.0,0.0,0,0,0,0,0,0,0,1,0,0.0,0.0,0.0,1.0,0.0,0.0,0.0,500.55,608.23,56.83,0,0
Francia,FRA,Europa,Cebada,2015,345478,5.58,1927653,106,4688,0.017769524609097,23.3,31.6,12.6,1455.0,72.0,52.0,2.0,17.35,0.0,0.0,0.0,0.0,0.0,0.0,0.0,0.0,0.0,0.0,0.0,0,0,0,0,0,0,0,1,0,0.0,0.0,0.0,1.0,0.0,0.0,0.0,,,,0,1
Francia,FRA,Europa,Girasol,2015,3333903,3.3,11004498,224,1145,-0.0025902793470655,23.3,31.6,12.6,1455.0,72.0,52.0,2.0,17.35,0.0,0.0,0.0,0.0,0.0,0.0,0.0,0.0,0.0,0.0,0.0,0,0,0,0,0,0,0,1,0,0.0,0.0,0.0,1.0,0.0,0.0,0.0,,,,0,1
Francia,FRA,Europa,Trigo,2016,1358516,4.17,5664819,256,6004,0.0212740488104704,12.7,25.4,7.0,877.0,44.0,67.0,0.0,19.18,3.0,0.0,1.0,0.0,0.0,1.0,0.0,1.0,0.0,0.0,1.0,0,0,0,0,0,0,0,1,0,0.0,0.0,0.0,1.0,0.0,0.0,0.0,297.47,343.13,32.76,0,0
Francia,FRA,Europa,Caña de azúcar,2016,5076769,77.52,393559386,114,4575,-0.0033301984502784,12.7,25.4,7.0,877.0,44.0,67.0,0.0,19.18,3.0,0.0,1.0,0.0,0.0,1.0,0.0,1.0,0.0,0.0,1.0,0,0,0,0,0,0,0,1,0,0.0,0.0,0.0,1.0,0.0,0.0,0.0,,,,0,1
Francia,FRA,Europa,Maíz,2016,7345376,6.55,48090842,297,7131,0.00614571172546,12.7,25.4,7.0,877.0,44.0,67.0,0.0,19.18,3.0,0.0,1.0,0.0,0.0,1.0,0.0,1.0,0.0,0.0,1.0,0,0,0,0,0,0,0,1,0,0.0,0.0,0.0,1.0,0.0,0.0,0.0,190.68,234.46,19.73,0,0
Francia,FRA,Europa,Café,2016,158090,0.8,127098,120,6327,0.036149160025183,12.7,25.4,7.0,877.0,44.0,67.0,0.0,19.18,3.0,0.0,1.0,0.0,0.0,1.0,0.0,1.0,0.0,0.0,1.0,0,0,0,0,0,0,0,1,0,0.0,0.0,0.0,1.0,0.0,0.0,0.0,,,,0,1
Francia,FRA,Europa,Algodón,2016,2865234,3.71,10623762,182,4937,0.0399687044745494,12.7,25.4,7.0,877.0,44.0,67.0,0.0,19.18,3.0,0.0,1.0,0.0,0.0,1.0,0.0,1.0,0.0,0.0,1.0,0,0,0,0,0,0,0,1,0,0.0,0.0,0.0,1.0,0.0,0.0,0.0,,,,0,1
Francia,FRA,Europa,Soja,2016,7648388,3.75,28662861,85,1417,0.0155400570462441,12.7,25.4,7.0,877.0,44.0,67.0,0.0,19.18,3.0,0.0,1.0,0.0,0.0,1.0,0.0,1.0,0.0,0.0,1.0,0,0,0,0,0,0,0,1,0,0.0,0.0,0.0,1.0,0.0,0.0,0.0,500.55,608.23,56.83,0,0
Francia,FRA,Europa,Cebada,2016,655118,5.85,3829336,199,4111,-0.0156832950364426,12.7,25.4,7.0,877.0,44.0,67.0,0.0,19.18,3.0,0.0,1.0,0.0,0.0,1.0,0.0,1.0,0.0,0.0,1.0,0,0,0,0,0,0,0,1,0,0.0,0.0,0.0,1.0,0.0,0.0,0.0,,,,0,1
Francia,FRA,Europa,Girasol,2016,4934310,3.11,15361424,141,9311,-0.0199805171449339,12.7,25.4,7.0,877.0,44.0,67.0,0.0,19.18,3.0,0.0,1.0,0.0,0.0,1.0,0.0,1.0,0.0,0.0,1.0,0,0,0,0,0,0,0,1,0,0.0,0.0,0.0,1.0,0.0,0.0,0.0,,,,0,1
Francia,FRA,Europa,Trigo,2017,4337131,2.3,9979225,116,3999,0.0446923380193951,15.3,28.7,10.0,588.0,71.0,93.0,4.0,10.68,0.0,0.0,0.0,0.0,0.0,0.0,0.0,0.0,0.0,0.0,0.0,0,0,0,0,0,0,0,1,1,0.0,0.0,0.0,1.0,0.0,0.0,0.0,297.47,343.13,32.76,0,0
Francia,FRA,Europa,Caña de azúcar,2017,1792527,72.49,129934281,157,6428,-0.0128317570235138,15.3,28.7,10.0,588.0,71.0,93.0,4.0,10.68,0.0,0.0,0.0,0.0,0.0,0.0,0.0,0.0,0.0,0.0,0.0,0,0,0,0,0,0,0,1,1,0.0,0.0,0.0,1.0,0.0,0.0,0.0,,,,0,1
Francia,FRA,Europa,Maíz,2017,8406925,9.83,82606555,199,2166,-0.0027780317593916,15.3,28.7,10.0,588.0,71.0,93.0,4.0,10.68,0.0,0.0,0.0,0.0,0.0,0.0,0.0,0.0,0.0,0.0,0.0,0,0,0,0,0,0,0,1,1,0.0,0.0,0.0,1.0,0.0,0.0,0.0,190.68,234.46,19.73,0,0
Francia,FRA,Europa,Café,2017,59367,2.0,118758,63,3470,-0.0362634740826876,15.3,28.7,10.0,588.0,71.0,93.0,4.0,10.68,0.0,0.0,0.0,0.0,0.0,0.0,0.0,0.0,0.0,0.0,0.0,0,0,0,0,0,0,0,1,1,0.0,0.0,0.0,1.0,0.0,0.0,0.0,,,,0,1
Francia,FRA,Europa,Algodón,2017,1604508,5.25,8429029,86,6183,0.0362393943337116,15.3,28.7,10.0,588.0,71.0,93.0,4.0,10.68,0.0,0.0,0.0,0.0,0.0,0.0,0.0,0.0,0.0,0.0,0.0,0,0,0,0,0,0,0,1,1,0.0,0.0,0.0,1.0,0.0,0.0,0.0,,,,0,1
Francia,FRA,Europa,Soja,2017,673748,3.3,2225200,212,1950,-0.0495286498576006,15.3,28.7,10.0,588.0,71.0,93.0,4.0,10.68,0.0,0.0,0.0,0.0,0.0,0.0,0.0,0.0,0.0,0.0,0.0,0,0,0,0,0,0,0,1,1,0.0,0.0,0.0,1.0,0.0,0.0,0.0,500.55,608.23,56.83,0,0
Francia,FRA,Europa,Cebada,2017,1531785,4.82,7377694,251,2442,-0.0370594042431714,15.3,28.7,10.0,588.0,71.0,93.0,4.0,10.68,0.0,0.0,0.0,0.0,0.0,0.0,0.0,0.0,0.0,0.0,0.0,0,0,0,0,0,0,0,1,1,0.0,0.0,0.0,1.0,0.0,0.0,0.0,,,,0,1
Francia,FRA,Europa,Girasol,2017,3654984,2.64,9650519,59,9745,-0.0300585748771883,15.3,28.7,10.0,588.0,71.0,93.0,4.0,10.68,0.0,0.0,0.0,0.0,0.0,0.0,0.0,0.0,0.0,0.0,0.0,0,0,0,0,0,0,0,1,1,0.0,0.0,0.0,1.0,0.0,0.0,0.0,,,,0,1
Francia,FRA,Europa,Trigo,2018,136608,8.18,1117844,54,1067,0.0126686928671622,13.1,26.1,4.3,418.0,70.0,17.0,9.0,8.86,0.0,0.0,0.0,0.0,0.0,0.0,0.0,0.0,0.0,0.0,0.0,0,0,0,0,0,0,0,1,1,0.0,0.0,0.0,1.0,0.0,0.0,0.0,297.47,343.13,32.76,0,0
Francia,FRA,Europa,Caña de azúcar,2018,5446391,66.28,360992294,128,3736,-0.0434712977529735,13.1,26.1,4.3,418.0,70.0,17.0,9.0,8.86,0.0,0.0,0.0,0.0,0.0,0.0,0.0,0.0,0.0,0.0,0.0,0,0,0,0,0,0,0,1,1,0.0,0.0,0.0,1.0,0.0,0.0,0.0,,,,0,1
Francia,FRA,Europa,Maíz,2018,4315885,6.29,27133498,161,3192,-0.015726716074244,13.1,26.1,4.3,418.0,70.0,17.0,9.0,8.86,0.0,0.0,0.0,0.0,0.0,0.0,0.0,0.0,0.0,0.0,0.0,0,0,0,0,0,0,0,1,1,0.0,0.0,0.0,1.0,0.0,0.0,0.0,190.68,234.46,19.73,0,0
Francia,FRA,Europa,Café,2018,230829,1.94,448625,257,7609,-0.048087526687668,13.1,26.1,4.3,418.0,70.0,17.0,9.0,8.86,0.0,0.0,0.0,0.0,0.0,0.0,0.0,0.0,0.0,0.0,0.0,0,0,0,0,0,0,0,1,1,0.0,0.0,0.0,1.0,0.0,0.0,0.0,,,,0,1
Francia,FRA,Europa,Algodón,2018,517471,1.32,684620,81,7006,0.021111009009585,13.1,26.1,4.3,418.0,70.0,17.0,9.0,8.86,0.0,0.0,0.0,0.0,0.0,0.0,0.0,0.0,0.0,0.0,0.0,0,0,0,0,0,0,0,1,1,0.0,0.0,0.0,1.0,0.0,0.0,0.0,,,,0,1
Francia,FRA,Europa,Soja,2018,3734645,3.88,14481520,62,1785,0.0161969915837894,13.1,26.1,4.3,418.0,70.0,17.0,9.0,8.86,0.0,0.0,0.0,0.0,0.0,0.0,0.0,0.0,0.0,0.0,0.0,0,0,0,0,0,0,0,1,1,0.0,0.0,0.0,1.0,0.0,0.0,0.0,500.55,608.23,56.83,0,0
Francia,FRA,Europa,Cebada,2018,51321,2.22,113980,81,9966,-0.0247261706930426,13.1,26.1,4.3,418.0,70.0,17.0,9.0,8.86,0.0,0.0,0.0,0.0,0.0,0.0,0.0,0.0,0.0,0.0,0.0,0,0,0,0,0,0,0,1,1,0.0,0.0,0.0,1.0,0.0,0.0,0.0,,,,0,1
Francia,FRA,Europa,Girasol,2018,1954569,2.86,5589285,219,2654,0.0162482965888896,13.1,26.1,4.3,418.0,70.0,17.0,9.0,8.86,0.0,0.0,0.0,0.0,0.0,0.0,0.0,0.0,0.0,0.0,0.0,0,0,0,0,0,0,0,1,1,0.0,0.0,0.0,1.0,0.0,0.0,0.0,,,,0,1
Francia,FRA,Europa,Trigo,2019,1103872,5.25,5796128,208,2928,-0.0217293231829907,22.1,32.1,15.3,452.0,65.0,25.0,8.0,5.68,0.0,0.0,0.0,0.0,0.0,0.0,0.0,0.0,0.0,0.0,0.0,1,0,0,0,0,0,0,1,1,0.0,0.0,0.0,1.0,0.0,0.0,0.0,297.47,343.13,32.76,0,0
Francia,FRA,Europa,Caña de azúcar,2019,9924801,58.78,583398817,183,4304,-0.0142078163449192,22.1,32.1,15.3,452.0,65.0,25.0,8.0,5.68,0.0,0.0,0.0,0.0,0.0,0.0,0.0,0.0,0.0,0.0,0.0,1,0,0,0,0,0,0,1,1,0.0,0.0,0.0,1.0,0.0,0.0,0.0,,,,0,1
Francia,FRA,Europa,Maíz,2019,2802897,2.98,8364455,288,8875,-0.0169396383803298,22.1,32.1,15.3,452.0,65.0,25.0,8.0,5.68,0.0,0.0,0.0,0.0,0.0,0.0,0.0,0.0,0.0,0.0,0.0,1,0,0,0,0,0,0,1,1,0.0,0.0,0.0,1.0,0.0,0.0,0.0,190.68,234.46,19.73,0,0
Francia,FRA,Europa,Café,2019,294790,0.59,172477,176,3443,0.0449446015731116,22.1,32.1,15.3,452.0,65.0,25.0,8.0,5.68,0.0,0.0,0.0,0.0,0.0,0.0,0.0,0.0,0.0,0.0,0.0,1,0,0,0,0,0,0,1,1,0.0,0.0,0.0,1.0,0.0,0.0,0.0,,,,0,1
Francia,FRA,Europa,Algodón,2019,378722,2.47,935387,109,8483,0.0488665930757604,22.1,32.1,15.3,452.0,65.0,25.0,8.0,5.68,0.0,0.0,0.0,0.0,0.0,0.0,0.0,0.0,0.0,0.0,0.0,1,0,0,0,0,0,0,1,1,0.0,0.0,0.0,1.0,0.0,0.0,0.0,,,,0,1
Francia,FRA,Europa,Soja,2019,3763862,3.25,12248712,268,5760,-0.0139785335946112,22.1,32.1,15.3,452.0,65.0,25.0,8.0,5.68,0.0,0.0,0.0,0.0,0.0,0.0,0.0,0.0,0.0,0.0,0.0,1,0,0,0,0,0,0,1,1,0.0,0.0,0.0,1.0,0.0,0.0,0.0,500.55,608.23,56.83,0,0
Francia,FRA,Europa,Cebada,2019,1016661,4.59,4667702,61,1158,0.0351998725074488,22.1,32.1,15.3,452.0,65.0,25.0,8.0,5.68,0.0,0.0,0.0,0.0,0.0,0.0,0.0,0.0,0.0,0.0,0.0,1,0,0,0,0,0,0,1,1,0.0,0.0,0.0,1.0,0.0,0.0,0.0,,,,0,1
Francia,FRA,Europa,Girasol,2019,1620329,2.84,4599763,118,2522,-0.0127377846725551,22.1,32.1,15.3,452.0,65.0,25.0,8.0,5.68,0.0,0.0,0.0,0.0,0.0,0.0,0.0,0.0,0.0,0.0,0.0,1,0,0,0,0,0,0,1,1,0.0,0.0,0.0,1.0,0.0,0.0,0.0,,,,0,1
Francia,FRA,Europa,Trigo,2020,947329,4.86,4605855,148,8835,0.029989909694895,13.8,21.4,0.0,1387.0,43.0,71.0,4.0,27.92,0.0,0.0,0.0,0.0,0.0,0.0,0.0,0.0,0.0,0.0,0.0,1,0,0,0,0,0,0,1,1,0.0,0.0,0.0,1.0,0.0,0.0,0.0,297.47,343.13,32.76,0,0
Francia,FRA,Europa,Caña de azúcar,2020,3177698,62.49,198565980,291,3611,-0.039628689426163,13.8,21.4,0.0,1387.0,43.0,71.0,4.0,27.92,0.0,0.0,0.0,0.0,0.0,0.0,0.0,0.0,0.0,0.0,0.0,1,0,0,0,0,0,0,1,1,0.0,0.0,0.0,1.0,0.0,0.0,0.0,,,,0,1
Francia,FRA,Europa,Maíz,2020,10551668,8.35,88085375,147,6875,0.0111358419275404,13.8,21.4,0.0,1387.0,43.0,71.0,4.0,27.92,0.0,0.0,0.0,0.0,0.0,0.0,0.0,0.0,0.0,0.0,0.0,1,0,0,0,0,0,0,1,1,0.0,0.0,0.0,1.0,0.0,0.0,0.0,190.68,234.46,19.73,0,0
Francia,FRA,Europa,Café,2020,581127,2.3,1338017,285,8997,-0.0387062520626232,13.8,21.4,0.0,1387.0,43.0,71.0,4.0,27.92,0.0,0.0,0.0,0.0,0.0,0.0,0.0,0.0,0.0,0.0,0.0,1,0,0,0,0,0,0,1,1,0.0,0.0,0.0,1.0,0.0,0.0,0.0,,,,0,1
Francia,FRA,Europa,Algodón,2020,198939,1.08,214634,272,9598,0.026752871828991,13.8,21.4,0.0,1387.0,43.0,71.0,4.0,27.92,0.0,0.0,0.0,0.0,0.0,0.0,0.0,0.0,0.0,0.0,0.0,1,0,0,0,0,0,0,1,1,0.0,0.0,0.0,1.0,0.0,0.0,0.0,,,,0,1
Francia,FRA,Europa,Soja,2020,5229927,3.88,20268918,182,9570,0.0188241643462927,13.8,21.4,0.0,1387.0,43.0,71.0,4.0,27.92,0.0,0.0,0.0,0.0,0.0,0.0,0.0,0.0,0.0,0.0,0.0,1,0,0,0,0,0,0,1,1,0.0,0.0,0.0,1.0,0.0,0.0,0.0,500.55,608.23,56.83,0,0
Francia,FRA,Europa,Cebada,2020,1017381,4.13,4203011,223,7305,-0.0351345547742895,13.8,21.4,0.0,1387.0,43.0,71.0,4.0,27.92,0.0,0.0,0.0,0.0,0.0,0.0,0.0,0.0,0.0,0.0,0.0,1,0,0,0,0,0,0,1,1,0.0,0.0,0.0,1.0,0.0,0.0,0.0,,,,0,1
Francia,FRA,Europa,Girasol,2020,577596,1.79,1034442,170,9123,0.0369415634612767,13.8,21.4,0.0,1387.0,43.0,71.0,4.0,27.92,0.0,0.0,0.0,0.0,0.0,0.0,0.0,0.0,0.0,0.0,0.0,1,0,0,0,0,0,0,1,1,0.0,0.0,0.0,1.0,0.0,0.0,0.0,,,,0,1
Alemania,DEU,Europa,Soja,2011,5398254,3.21,17310419,163,8341,-0.0411980138297459,9.9,18.2,1.8,886.0,76.0,72.0,0.0,24.86,0.0,0.0,0.0,0.0,0.0,0.0,0.0,0.0,0.0,0.0,0.0,0,0,0,0,0,0,0,0,0,0.0,0.0,1.0,0.0,1.0,0.0,0.0,513.15,632.26,53.02,0,0
Alemania,DEU,Europa,Caña de azúcar,2011,5338785,70.14,374446753,76,7609,-0.008766145232445,9.9,18.2,1.8,886.0,76.0,72.0,0.0,24.86,0.0,0.0,0.0,0.0,0.0,0.0,0.0,0.0,0.0,0.0,0.0,0,0,0,0,0,0,0,0,0,0.0,0.0,1.0,0.0,1.0,0.0,0.0,,,,0,1
Alemania,DEU,Europa,Girasol,2011,11512,4.01,46148,213,5990,0.0390110898825062,9.9,18.2,1.8,886.0,76.0,72.0,0.0,24.86,0.0,0.0,0.0,0.0,0.0,0.0,0.0,0.0,0.0,0.0,0.0,0,0,0,0,0,0,0,0,0,0.0,0.0,1.0,0.0,1.0,0.0,0.0,,,,0,1
Alemania,DEU,Europa,Té,2011,241629,2.38,573983,107,8445,-0.0168027374445268,9.9,18.2,1.8,886.0,76.0,72.0,0.0,24.86,0.0,0.0,0.0,0.0,0.0,0.0,0.0,0.0,0.0,0.0,0.0,0,0,0,0,0,0,0,0,0,0.0,0.0,1.0,0.0,1.0,0.0,0.0,,,,0,1
Alemania,DEU,Europa,Trigo,2011,4062211,5.87,23847803,74,4633,-0.0497803052206657,9.9,18.2,1.8,886.0,76.0,72.0,0.0,24.86,0.0,0.0,0.0,0.0,0.0,0.0,0.0,0.0,0.0,0.0,0.0,0,0,0,0,0,0,0,0,0,0.0,0.0,1.0,0.0,1.0,0.0,0.0,314.08,368.77,32.21,0,0
Alemania,DEU,Europa,Café,2011,332472,2.24,745221,229,2741,-0.0454221890144965,9.9,18.2,1.8,886.0,76.0,72.0,0.0,24.86,0.0,0.0,0.0,0.0,0.0,0.0,0.0,0.0,0.0,0.0,0.0,0,0,0,0,0,0,0,0,0,0.0,0.0,1.0,0.0,1.0,0.0,0.0,,,,0,1
Alemania,DEU,Europa,Maíz,2011,2427380,9.34,22672727,115,4209,-0.0312456599468396,9.9,18.2,1.8,886.0,76.0,72.0,0.0,24.86,0.0,0.0,0.0,0.0,0.0,0.0,0.0,0.0,0.0,0.0,0.0,0,0,0,0,0,0,0,0,0,0.0,0.0,1.0,0.0,1.0,0.0,0.0,202.71,242.78,25.59,0,0
Alemania,DEU,Europa,Cebada,2011,850939,3.34,2838516,136,2765,0.0257149341810273,9.9,18.2,1.8,886.0,76.0,72.0,0.0,24.86,0.0,0.0,0.0,0.0,0.0,0.0,0.0,0.0,0.0,0.0,0.0,0,0,0,0,0,0,0,0,0,0.0,0.0,1.0,0.0,1.0,0.0,0.0,,,,0,1
Alemania,DEU,Europa,Soja,2012,5174134,4.68,24195335,165,8493,0.0158456695000202,14.6,21.8,6.1,404.0,83.0,116.0,10.0,7.69,0.0,0.0,0.0,0.0,0.0,0.0,0.0,0.0,0.0,0.0,0.0,0,0,0,0,0,0,0,0,0,0.0,0.0,1.0,0.0,1.0,0.0,0.0,513.15,632.26,53.02,0,0
Alemania,DEU,Europa,Caña de azúcar,2012,2396761,101.16,242465865,191,8091,0.0338816110678916,14.6,21.8,6.1,404.0,83.0,116.0,10.0,7.69,0.0,0.0,0.0,0.0,0.0,0.0,0.0,0.0,0.0,0.0,0.0,0,0,0,0,0,0,0,0,0,0.0,0.0,1.0,0.0,1.0,0.0,0.0,,,,0,1
Alemania,DEU,Europa,Girasol,2012,4309725,3.77,16246391,94,3103,-0.0396446038876432,14.6,21.8,6.1,404.0,83.0,116.0,10.0,7.69,0.0,0.0,0.0,0.0,0.0,0.0,0.0,0.0,0.0,0.0,0.0,0,0,0,0,0,0,0,0,0,0.0,0.0,1.0,0.0,1.0,0.0,0.0,,,,0,1
Alemania,DEU,Europa,Té,2012,173624,2.19,380432,284,5067,-0.0226404120043888,14.6,21.8,6.1,404.0,83.0,116.0,10.0,7.69,0.0,0.0,0.0,0.0,0.0,0.0,0.0,0.0,0.0,0.0,0.0,0,0,0,0,0,0,0,0,0,0.0,0.0,1.0,0.0,1.0,0.0,0.0,,,,0,1
Alemania,DEU,Europa,Trigo,2012,2629886,3.92,10308998,229,9393,-0.0201086865044575,14.6,21.8,6.1,404.0,83.0,116.0,10.0,7.69,0.0,0.0,0.0,0.0,0.0,0.0,0.0,0.0,0.0,0.0,0.0,0,0,0,0,0,0,0,0,0,0.0,0.0,1.0,0.0,1.0,0.0,0.0,314.08,368.77,32.21,0,0
Alemania,DEU,Europa,Café,2012,465996,1.25,584593,105,4291,-0.0290287303744498,14.6,21.8,6.1,404.0,83.0,116.0,10.0,7.69,0.0,0.0,0.0,0.0,0.0,0.0,0.0,0.0,0.0,0.0,0.0,0,0,0,0,0,0,0,0,0,0.0,0.0,1.0,0.0,1.0,0.0,0.0,,,,0,1
Alemania,DEU,Europa,Maíz,2012,6079788,8.57,52096663,299,3913,0.0003893439043249,14.6,21.8,6.1,404.0,83.0,116.0,10.0,7.69,0.0,0.0,0.0,0.0,0.0,0.0,0.0,0.0,0.0,0.0,0.0,0,0,0,0,0,0,0,0,0,0.0,0.0,1.0,0.0,1.0,0.0,0.0,202.71,242.78,25.59,0,0
Alemania,DEU,Europa,Cebada,2012,701274,5.61,3933606,199,7839,0.0174243485539173,14.6,21.8,6.1,404.0,83.0,116.0,10.0,7.69,0.0,0.0,0.0,0.0,0.0,0.0,0.0,0.0,0.0,0.0,0.0,0,0,0,0,0,0,0,0,0,0.0,0.0,1.0,0.0,1.0,0.0,0.0,,,,0,1
Alemania,DEU,Europa,Soja,2013,4872539,3.82,18623769,183,2744,-0.0474727858745527,11.4,21.5,-1.7,731.0,68.0,3.0,4.0,17.81,0.0,0.0,0.0,0.0,0.0,0.0,0.0,0.0,0.0,0.0,0.0,0,0,0,0,0,0,0,0,0,0.0,0.0,1.0,0.0,1.0,0.0,0.0,513.15,632.26,53.02,0,0
Alemania,DEU,Europa,Caña de azúcar,2013,923474,71.14,65698549,123,5105,-0.0353571609859304,11.4,21.5,-1.7,731.0,68.0,3.0,4.0,17.81,0.0,0.0,0.0,0.0,0.0,0.0,0.0,0.0,0.0,0.0,0.0,0,0,0,0,0,0,0,0,0,0.0,0.0,1.0,0.0,1.0,0.0,0.0,,,,0,1
Alemania,DEU,Europa,Girasol,2013,2361916,1.86,4386555,165,2679,0.0116108833760286,11.4,21.5,-1.7,731.0,68.0,3.0,4.0,17.81,0.0,0.0,0.0,0.0,0.0,0.0,0.0,0.0,0.0,0.0,0.0,0,0,0,0,0,0,0,0,0,0.0,0.0,1.0,0.0,1.0,0.0,0.0,,,,0,1
Alemania,DEU,Europa,Té,2013,307453,3.05,937549,110,9370,0.0284307172870886,11.4,21.5,-1.7,731.0,68.0,3.0,4.0,17.81,0.0,0.0,0.0,0.0,0.0,0.0,0.0,0.0,0.0,0.0,0.0,0,0,0,0,0,0,0,0,0,0.0,0.0,1.0,0.0,1.0,0.0,0.0,,,,0,1
Alemania,DEU,Europa,Trigo,2013,2581351,4.86,12552324,156,6122,0.0465833213568662,11.4,21.5,-1.7,731.0,68.0,3.0,4.0,17.81,0.0,0.0,0.0,0.0,0.0,0.0,0.0,0.0,0.0,0.0,0.0,0,0,0,0,0,0,0,0,0,0.0,0.0,1.0,0.0,1.0,0.0,0.0,314.08,368.77,32.21,0,0
Alemania,DEU,Europa,Café,2013,370947,1.14,422736,272,8259,0.0329983481955144,11.4,21.5,-1.7,731.0,68.0,3.0,4.0,17.81,0.0,0.0,0.0,0.0,0.0,0.0,0.0,0.0,0.0,0.0,0.0,0,0,0,0,0,0,0,0,0,0.0,0.0,1.0,0.0,1.0,0.0,0.0,,,,0,1
Alemania,DEU,Europa,Maíz,2013,6763106,8.7,58852779,248,4170,-0.0205822278195508,11.4,21.5,-1.7,731.0,68.0,3.0,4.0,17.81,0.0,0.0,0.0,0.0,0.0,0.0,0.0,0.0,0.0,0.0,0.0,0,0,0,0,0,0,0,0,0,0.0,0.0,1.0,0.0,1.0,0.0,0.0,202.71,242.78,25.59,0,0
Alemania,DEU,Europa,Cebada,2013,1389206,3.5,4865054,80,7180,-0.0459365767028124,11.4,21.5,-1.7,731.0,68.0,3.0,4.0,17.81,0.0,0.0,0.0,0.0,0.0,0.0,0.0,0.0,0.0,0.0,0.0,0,0,0,0,0,0,0,0,0,0.0,0.0,1.0,0.0,1.0,0.0,0.0,,,,0,1
Alemania,DEU,Europa,Soja,2014,2212295,2.64,5847509,134,8640,0.0209689296316314,20.5,32.3,9.6,1589.0,50.0,115.0,2.0,21.53,2.0,0.0,0.0,0.0,0.0,1.0,0.0,0.0,1.0,0.0,1.0,0,0,0,0,0,0,0,0,0,0.0,0.0,1.0,0.0,1.0,0.0,0.0,513.15,632.26,53.02,0,0
Alemania,DEU,Europa,Caña de azúcar,2014,2464081,130.07,320503951,210,5934,-0.0009449058846323,20.5,32.3,9.6,1589.0,50.0,115.0,2.0,21.53,2.0,0.0,0.0,0.0,0.0,1.0,0.0,0.0,1.0,0.0,1.0,0,0,0,0,0,0,0,0,0,0.0,0.0,1.0,0.0,1.0,0.0,0.0,,,,0,1
Alemania,DEU,Europa,Girasol,2014,3119278,1.8,5602407,294,4012,0.0020606287331703,20.5,32.3,9.6,1589.0,50.0,115.0,2.0,21.53,2.0,0.0,0.0,0.0,0.0,1.0,0.0,0.0,1.0,0.0,1.0,0,0,0,0,0,0,0,0,0,0.0,0.0,1.0,0.0,1.0,0.0,0.0,,,,0,1
Alemania,DEU,Europa,Té,2014,90740,1.63,148035,106,4495,0.0163334476440276,20.5,32.3,9.6,1589.0,50.0,115.0,2.0,21.53,2.0,0.0,0.0,0.0,0.0,1.0,0.0,0.0,1.0,0.0,1.0,0,0,0,0,0,0,0,0,0,0.0,0.0,1.0,0.0,1.0,0.0,0.0,,,,0,1
Alemania,DEU,Europa,Trigo,2014,2448628,3.68,9007544,193,1144,-0.0385278048597734,20.5,32.3,9.6,1589.0,50.0,115.0,2.0,21.53,2.0,0.0,0.0,0.0,0.0,1.0,0.0,0.0,1.0,0.0,1.0,0,0,0,0,0,0,0,0,0,0.0,0.0,1.0,0.0,1.0,0.0,0.0,314.08,368.77,32.21,0,0
Alemania,DEU,Europa,Café,2014,125645,2.5,314329,295,1653,0.0182551360768527,20.5,32.3,9.6,1589.0,50.0,115.0,2.0,21.53,2.0,0.0,0.0,0.0,0.0,1.0,0.0,0.0,1.0,0.0,1.0,0,0,0,0,0,0,0,0,0,0.0,0.0,1.0,0.0,1.0,0.0,0.0,,,,0,1
Alemania,DEU,Europa,Maíz,2014,1970628,5.42,10671889,283,9468,0.0322109064239966,20.5,32.3,9.6,1589.0,50.0,115.0,2.0,21.53,2.0,0.0,0.0,0.0,0.0,1.0,0.0,0.0,1.0,0.0,1.0,0,0,0,0,0,0,0,0,0,0.0,0.0,1.0,0.0,1.0,0.0,0.0,202.71,242.78,25.59,0,0
Alemania,DEU,Europa,Cebada,2014,1680186,4.0,6717294,216,4154,-0.0179687242851445,20.5,32.3,9.6,1589.0,50.0,115.0,2.0,21.53,2.0,0.0,0.0,0.0,0.0,1.0,0.0,0.0,1.0,0.0,1.0,0,0,0,0,0,0,0,0,0,0.0,0.0,1.0,0.0,1.0,0.0,0.0,,,,0,1
Alemania,DEU,Europa,Soja,2015,789168,3.39,2675561,51,2072,-0.0289218525064475,10.5,24.8,0.0,555.0,64.0,100.0,6.0,14.68,0.0,0.0,0.0,0.0,0.0,0.0,0.0,0.0,0.0,0.0,0.0,0,0,0,0,0,1,0,0,0,0.0,0.0,1.0,0.0,1.0,0.0,0.0,513.15,632.26,53.02,0,0
Alemania,DEU,Europa,Caña de azúcar,2015,3797050,95.61,363043576,187,8130,0.0146561159318345,10.5,24.8,0.0,555.0,64.0,100.0,6.0,14.68,0.0,0.0,0.0,0.0,0.0,0.0,0.0,0.0,0.0,0.0,0.0,0,0,0,0,0,1,0,0,0,0.0,0.0,1.0,0.0,1.0,0.0,0.0,,,,0,1
Alemania,DEU,Europa,Girasol,2015,1484901,1.45,2151027,68,1889,-0.0322007836444565,10.5,24.8,0.0,555.0,64.0,100.0,6.0,14.68,0.0,0.0,0.0,0.0,0.0,0.0,0.0,0.0,0.0,0.0,0.0,0,0,0,0,0,1,0,0,0,0.0,0.0,1.0,0.0,1.0,0.0,0.0,,,,0,1
Alemania,DEU,Europa,Té,2015,36065,1.78,64087,149,8391,0.0130217264625787,10.5,24.8,0.0,555.0,64.0,100.0,6.0,14.68,0.0,0.0,0.0,0.0,0.0,0.0,0.0,0.0,0.0,0.0,0.0,0,0,0,0,0,1,0,0,0,0.0,0.0,1.0,0.0,1.0,0.0,0.0,,,,0,1
Alemania,DEU,Europa,Trigo,2015,163030,3.13,510303,234,2036,0.0255960596695177,10.5,24.8,0.0,555.0,64.0,100.0,6.0,14.68,0.0,0.0,0.0,0.0,0.0,0.0,0.0,0.0,0.0,0.0,0.0,0,0,0,0,0,1,0,0,0,0.0,0.0,1.0,0.0,1.0,0.0,0.0,314.08,368.77,32.21,0,0
Alemania,DEU,Europa,Café,2015,385881,2.07,800024,124,5937,0.010656584118683,10.5,24.8,0.0,555.0,64.0,100.0,6.0,14.68,0.0,0.0,0.0,0.0,0.0,0.0,0.0,0.0,0.0,0.0,0.0,0,0,0,0,0,1,0,0,0,0.0,0.0,1.0,0.0,1.0,0.0,0.0,,,,0,1
Alemania,DEU,Europa,Maíz,2015,7225117,5.5,39734991,90,9740,-0.0280134274539489,10.5,24.8,0.0,555.0,64.0,100.0,6.0,14.68,0.0,0.0,0.0,0.0,0.0,0.0,0.0,0.0,0.0,0.0,0.0,0,0,0,0,0,1,0,0,0,0.0,0.0,1.0,0.0,1.0,0.0,0.0,202.71,242.78,25.59,0,0
Alemania,DEU,Europa,Cebada,2015,1826359,6.13,11198736,86,5883,0.0177289045505062,10.5,24.8,0.0,555.0,64.0,100.0,6.0,14.68,0.0,0.0,0.0,0.0,0.0,0.0,0.0,0.0,0.0,0.0,0.0,0,0,0,0,0,1,0,0,0,0.0,0.0,1.0,0.0,1.0,0.0,0.0,,,,0,1
Alemania,DEU,Europa,Soja,2016,7824449,5.1,39906614,52,3316,-0.0376764841066501,16.9,31.5,7.0,411.0,65.0,5.0,7.0,6.76,0.0,0.0,0.0,0.0,0.0,0.0,0.0,0.0,0.0,0.0,0.0,0,0,1,0,0,1,0,0,0,0.0,0.0,1.0,0.0,1.0,0.0,0.0,513.15,632.26,53.02,0,0
Alemania,DEU,Europa,Caña de azúcar,2016,5874725,102.35,601271048,241,6633,-0.0288263057078015,16.9,31.5,7.0,411.0,65.0,5.0,7.0,6.76,0.0,0.0,0.0,0.0,0.0,0.0,0.0,0.0,0.0,0.0,0.0,0,0,1,0,0,1,0,0,0,0.0,0.0,1.0,0.0,1.0,0.0,0.0,,,,0,1
Alemania,DEU,Europa,Girasol,2016,5006056,1.61,8079622,114,4183,-0.0385377457876816,16.9,31.5,7.0,411.0,65.0,5.0,7.0,6.76,0.0,0.0,0.0,0.0,0.0,0.0,0.0,0.0,0.0,0.0,0.0,0,0,1,0,0,1,0,0,0,0.0,0.0,1.0,0.0,1.0,0.0,0.0,,,,0,1
Alemania,DEU,Europa,Té,2016,322978,3.48,1125495,190,8557,0.0144674513859038,16.9,31.5,7.0,411.0,65.0,5.0,7.0,6.76,0.0,0.0,0.0,0.0,0.0,0.0,0.0,0.0,0.0,0.0,0.0,0,0,1,0,0,1,0,0,0,0.0,0.0,1.0,0.0,1.0,0.0,0.0,,,,0,1
Alemania,DEU,Europa,Trigo,2016,530001,3.15,1671878,293,6420,-0.0142861640988177,16.9,31.5,7.0,411.0,65.0,5.0,7.0,6.76,0.0,0.0,0.0,0.0,0.0,0.0,0.0,0.0,0.0,0.0,0.0,0,0,1,0,0,1,0,0,0,0.0,0.0,1.0,0.0,1.0,0.0,0.0,314.08,368.77,32.21,0,0
Alemania,DEU,Europa,Café,2016,134399,0.82,110423,131,8960,-0.0049354021785065,16.9,31.5,7.0,411.0,65.0,5.0,7.0,6.76,0.0,0.0,0.0,0.0,0.0,0.0,0.0,0.0,0.0,0.0,0.0,0,0,1,0,0,1,0,0,0,0.0,0.0,1.0,0.0,1.0,0.0,0.0,,,,0,1
Alemania,DEU,Europa,Maíz,2016,5577029,6.9,38469124,256,6182,0.0458658921929503,16.9,31.5,7.0,411.0,65.0,5.0,7.0,6.76,0.0,0.0,0.0,0.0,0.0,0.0,0.0,0.0,0.0,0.0,0.0,0,0,1,0,0,1,0,0,0,0.0,0.0,1.0,0.0,1.0,0.0,0.0,202.71,242.78,25.59,0,0
Alemania,DEU,Europa,Cebada,2016,617228,3.2,1976410,161,5533,0.0340110058780655,16.9,31.5,7.0,411.0,65.0,5.0,7.0,6.76,0.0,0.0,0.0,0.0,0.0,0.0,0.0,0.0,0.0,0.0,0.0,0,0,1,0,0,1,0,0,0,0.0,0.0,1.0,0.0,1.0,0.0,0.0,,,,0,1
Alemania,DEU,Europa,Soja,2017,5644663,3.09,17421273,248,6004,-0.0013028617563308,16.6,22.6,6.4,1574.0,82.0,83.0,4.0,26.34,0.0,0.0,0.0,0.0,0.0,0.0,0.0,0.0,0.0,0.0,0.0,0,0,1,0,0,1,0,0,0,0.0,0.0,1.0,0.0,1.0,0.0,0.0,513.15,632.26,53.02,0,0
Alemania,DEU,Europa,Caña de azúcar,2017,1250135,112.72,140910944,187,4218,-0.0236765349406416,16.6,22.6,6.4,1574.0,82.0,83.0,4.0,26.34,0.0,0.0,0.0,0.0,0.0,0.0,0.0,0.0,0.0,0.0,0.0,0,0,1,0,0,1,0,0,0,0.0,0.0,1.0,0.0,1.0,0.0,0.0,,,,0,1
Alemania,DEU,Europa,Girasol,2017,770718,3.78,2910842,211,1511,0.031264239983179,16.6,22.6,6.4,1574.0,82.0,83.0,4.0,26.34,0.0,0.0,0.0,0.0,0.0,0.0,0.0,0.0,0.0,0.0,0.0,0,0,1,0,0,1,0,0,0,0.0,0.0,1.0,0.0,1.0,0.0,0.0,,,,0,1
Alemania,DEU,Europa,Té,2017,119253,2.91,346798,188,8734,0.0153908139282444,16.6,22.6,6.4,1574.0,82.0,83.0,4.0,26.34,0.0,0.0,0.0,0.0,0.0,0.0,0.0,0.0,0.0,0.0,0.0,0,0,1,0,0,1,0,0,0,0.0,0.0,1.0,0.0,1.0,0.0,0.0,,,,0,1
Alemania,DEU,Europa,Trigo,2017,3031845,3.96,12013771,124,3193,-0.0035298857829547,16.6,22.6,6.4,1574.0,82.0,83.0,4.0,26.34,0.0,0.0,0.0,0.0,0.0,0.0,0.0,0.0,0.0,0.0,0.0,0,0,1,0,0,1,0,0,0,0.0,0.0,1.0,0.0,1.0,0.0,0.0,314.08,368.77,32.21,0,0
Alemania,DEU,Europa,Café,2017,217241,0.91,197697,296,3717,0.025720607127351,16.6,22.6,6.4,1574.0,82.0,83.0,4.0,26.34,0.0,0.0,0.0,0.0,0.0,0.0,0.0,0.0,0.0,0.0,0.0,0,0,1,0,0,1,0,0,0,0.0,0.0,1.0,0.0,1.0,0.0,0.0,,,,0,1
Alemania,DEU,Europa,Maíz,2017,2529076,5.26,13296633,297,3395,0.0235919808834824,16.6,22.6,6.4,1574.0,82.0,83.0,4.0,26.34,0.0,0.0,0.0,0.0,0.0,0.0,0.0,0.0,0.0,0.0,0.0,0,0,1,0,0,1,0,0,0,0.0,0.0,1.0,0.0,1.0,0.0,0.0,202.71,242.78,25.59,0,0
Alemania,DEU,Europa,Cebada,2017,779864,2.68,2092322,117,7052,-0.026598133114868,16.6,22.6,6.4,1574.0,82.0,83.0,4.0,26.34,0.0,0.0,0.0,0.0,0.0,0.0,0.0,0.0,0.0,0.0,0.0,0,0,1,0,0,1,0,0,0,0.0,0.0,1.0,0.0,1.0,0.0,0.0,,,,0,1
Alemania,DEU,Europa,Soja,2018,4889234,4.04,19746956,166,1760,-0.0460095301415102,15.0,26.4,7.2,944.0,48.0,57.0,4.0,17.48,0.0,0.0,0.0,0.0,0.0,0.0,0.0,0.0,0.0,0.0,0.0,0,0,1,0,0,1,0,0,0,0.0,0.0,1.0,0.0,1.0,0.0,0.0,513.15,632.26,53.02,0,0
Alemania,DEU,Europa,Caña de azúcar,2018,1922703,113.29,217830531,263,5314,0.0078631434920058,15.0,26.4,7.2,944.0,48.0,57.0,4.0,17.48,0.0,0.0,0.0,0.0,0.0,0.0,0.0,0.0,0.0,0.0,0.0,0,0,1,0,0,1,0,0,0,0.0,0.0,1.0,0.0,1.0,0.0,0.0,,,,0,1
Alemania,DEU,Europa,Girasol,2018,3391922,2.78,9423673,263,2275,0.0016662897553938,15.0,26.4,7.2,944.0,48.0,57.0,4.0,17.48,0.0,0.0,0.0,0.0,0.0,0.0,0.0,0.0,0.0,0.0,0.0,0,0,1,0,0,1,0,0,0,0.0,0.0,1.0,0.0,1.0,0.0,0.0,,,,0,1
Alemania,DEU,Europa,Té,2018,116256,2.12,246949,174,8898,0.0387171943517111,15.0,26.4,7.2,944.0,48.0,57.0,4.0,17.48,0.0,0.0,0.0,0.0,0.0,0.0,0.0,0.0,0.0,0.0,0.0,0,0,1,0,0,1,0,0,0,0.0,0.0,1.0,0.0,1.0,0.0,0.0,,,,0,1
Alemania,DEU,Europa,Trigo,2018,1011512,4.16,4204221,121,4465,-0.0349759592213439,15.0,26.4,7.2,944.0,48.0,57.0,4.0,17.48,0.0,0.0,0.0,0.0,0.0,0.0,0.0,0.0,0.0,0.0,0.0,0,0,1,0,0,1,0,0,0,0.0,0.0,1.0,0.0,1.0,0.0,0.0,314.08,368.77,32.21,0,0
Alemania,DEU,Europa,Café,2018,287174,1.51,432668,257,6410,0.0220255658874949,15.0,26.4,7.2,944.0,48.0,57.0,4.0,17.48,0.0,0.0,0.0,0.0,0.0,0.0,0.0,0.0,0.0,0.0,0.0,0,0,1,0,0,1,0,0,0,0.0,0.0,1.0,0.0,1.0,0.0,0.0,,,,0,1
Alemania,DEU,Europa,Maíz,2018,8402185,6.87,57762771,155,1367,-0.025632969257873,15.0,26.4,7.2,944.0,48.0,57.0,4.0,17.48,0.0,0.0,0.0,0.0,0.0,0.0,0.0,0.0,0.0,0.0,0.0,0,0,1,0,0,1,0,0,0,0.0,0.0,1.0,0.0,1.0,0.0,0.0,202.71,242.78,25.59,0,0
Alemania,DEU,Europa,Cebada,2018,1117777,2.78,3104287,196,3406,-0.0444087995839555,15.0,26.4,7.2,944.0,48.0,57.0,4.0,17.48,0.0,0.0,0.0,0.0,0.0,0.0,0.0,0.0,0.0,0.0,0.0,0,0,1,0,0,1,0,0,0,0.0,0.0,1.0,0.0,1.0,0.0,0.0,,,,0,1
Alemania,DEU,Europa,Soja,2019,1463520,3.88,5675885,213,1305,0.0378508982953036,21.8,27.0,15.8,626.0,75.0,61.0,6.0,7.98,0.0,0.0,0.0,0.0,0.0,0.0,0.0,0.0,0.0,0.0,0.0,1,0,1,0,0,1,0,0,0,0.0,0.0,1.0,0.0,1.0,0.0,0.0,513.15,632.26,53.02,0,0
Alemania,DEU,Europa,Caña de azúcar,2019,5516868,106.9,589758724,170,8891,-0.0329433216010303,21.8,27.0,15.8,626.0,75.0,61.0,6.0,7.98,0.0,0.0,0.0,0.0,0.0,0.0,0.0,0.0,0.0,0.0,0.0,1,0,1,0,0,1,0,0,0,0.0,0.0,1.0,0.0,1.0,0.0,0.0,,,,0,1
Alemania,DEU,Europa,Girasol,2019,1462104,3.15,4609433,218,9369,-0.023547930145471,21.8,27.0,15.8,626.0,75.0,61.0,6.0,7.98,0.0,0.0,0.0,0.0,0.0,0.0,0.0,0.0,0.0,0.0,0.0,1,0,1,0,0,1,0,0,0,0.0,0.0,1.0,0.0,1.0,0.0,0.0,,,,0,1
Alemania,DEU,Europa,Té,2019,208210,2.57,535596,146,7315,-0.0367786801542564,21.8,27.0,15.8,626.0,75.0,61.0,6.0,7.98,0.0,0.0,0.0,0.0,0.0,0.0,0.0,0.0,0.0,0.0,0.0,1,0,1,0,0,1,0,0,0,0.0,0.0,1.0,0.0,1.0,0.0,0.0,,,,0,1
Alemania,DEU,Europa,Trigo,2019,3700533,7.0,25894516,88,2577,-0.032257781568267,21.8,27.0,15.8,626.0,75.0,61.0,6.0,7.98,0.0,0.0,0.0,0.0,0.0,0.0,0.0,0.0,0.0,0.0,0.0,1,0,1,0,0,1,0,0,0,0.0,0.0,1.0,0.0,1.0,0.0,0.0,314.08,368.77,32.21,0,0
Alemania,DEU,Europa,Café,2019,394263,0.64,254045,80,2526,-0.0017759064887519,21.8,27.0,15.8,626.0,75.0,61.0,6.0,7.98,0.0,0.0,0.0,0.0,0.0,0.0,0.0,0.0,0.0,0.0,0.0,1,0,1,0,0,1,0,0,0,0.0,0.0,1.0,0.0,1.0,0.0,0.0,,,,0,1
Alemania,DEU,Europa,Maíz,2019,8095649,11.03,89286894,216,8069,0.0022044229661554,21.8,27.0,15.8,626.0,75.0,61.0,6.0,7.98,0.0,0.0,0.0,0.0,0.0,0.0,0.0,0.0,0.0,0.0,0.0,1,0,1,0,0,1,0,0,0,0.0,0.0,1.0,0.0,1.0,0.0,0.0,202.71,242.78,25.59,0,0
Alemania,DEU,Europa,Cebada,2019,94822,5.43,515150,173,7246,-0.0149482186220228,21.8,27.0,15.8,626.0,75.0,61.0,6.0,7.98,0.0,0.0,0.0,0.0,0.0,0.0,0.0,0.0,0.0,0.0,0.0,1,0,1,0,0,1,0,0,0,0.0,0.0,1.0,0.0,1.0,0.0,0.0,,,,0,1
Alemania,DEU,Europa,Soja,2020,9365600,3.82,35738183,84,5170,-0.0022858762995459,20.6,30.9,15.2,739.0,45.0,39.0,3.0,9.96,0.0,0.0,0.0,0.0,0.0,0.0,0.0,0.0,0.0,0.0,0.0,1,0,1,0,0,1,0,0,0,0.0,0.0,1.0,0.0,1.0,0.0,0.0,513.15,632.26,53.02,0,0
Alemania,DEU,Europa,Caña de azúcar,2020,1301996,86.17,112195123,98,1089,0.0209148837206107,20.6,30.9,15.2,739.0,45.0,39.0,3.0,9.96,0.0,0.0,0.0,0.0,0.0,0.0,0.0,0.0,0.0,0.0,0.0,1,0,1,0,0,1,0,0,0,0.0,0.0,1.0,0.0,1.0,0.0,0.0,,,,0,1
Alemania,DEU,Europa,Girasol,2020,5891856,2.47,14547154,102,6175,-0.0091154922826068,20.6,30.9,15.2,739.0,45.0,39.0,3.0,9.96,0.0,0.0,0.0,0.0,0.0,0.0,0.0,0.0,0.0,0.0,0.0,1,0,1,0,0,1,0,0,0,0.0,0.0,1.0,0.0,1.0,0.0,0.0,,,,0,1
Alemania,DEU,Europa,Té,2020,193124,2.3,443660,158,6990,0.0111880677011314,20.6,30.9,15.2,739.0,45.0,39.0,3.0,9.96,0.0,0.0,0.0,0.0,0.0,0.0,0.0,0.0,0.0,0.0,0.0,1,0,1,0,0,1,0,0,0,0.0,0.0,1.0,0.0,1.0,0.0,0.0,,,,0,1
Alemania,DEU,Europa,Trigo,2020,4489698,6.84,30708729,173,3928,-0.0129787031120853,20.6,30.9,15.2,739.0,45.0,39.0,3.0,9.96,0.0,0.0,0.0,0.0,0.0,0.0,0.0,0.0,0.0,0.0,0.0,1,0,1,0,0,1,0,0,0,0.0,0.0,1.0,0.0,1.0,0.0,0.0,314.08,368.77,32.21,0,0
Alemania,DEU,Europa,Café,2020,144804,2.76,400243,151,3262,0.0354998922823596,20.6,30.9,15.2,739.0,45.0,39.0,3.0,9.96,0.0,0.0,0.0,0.0,0.0,0.0,0.0,0.0,0.0,0.0,0.0,1,0,1,0,0,1,0,0,0,0.0,0.0,1.0,0.0,1.0,0.0,0.0,,,,0,1
Alemania,DEU,Europa,Maíz,2020,4498613,5.94,26737263,104,9328,-0.0099439093574277,20.6,30.9,15.2,739.0,45.0,39.0,3.0,9.96,0.0,0.0,0.0,0.0,0.0,0.0,0.0,0.0,0.0,0.0,0.0,1,0,1,0,0,1,0,0,0,0.0,0.0,1.0,0.0,1.0,0.0,0.0,202.71,242.78,25.59,0,0
Alemania,DEU,Europa,Cebada,2020,1124437,4.32,4859168,149,1086,0.0304369360887174,20.6,30.9,15.2,739.0,45.0,39.0,3.0,9.96,0.0,0.0,0.0,0.0,0.0,0.0,0.0,0.0,0.0,0.0,0.0,1,0,1,0,0,1,0,0,0,0.0,0.0,1.0,0.0,1.0,0.0,0.0,,,,0,1
Australia,AUS,Oceanía,Trigo,2011,331327,7.22,2391721,217,9536,-0.021353076613243,19.13,29.27,8.23,1018.33,74.33,89.33,0.67,17.84,3.0,0.0,0.0,0.0,1.0,0.0,0.0,0.0,1.0,1.0,1.0,0,0,0,0,0,0,0,0,0,0.0,0.0,1.0,0.0,0.0,0.0,0.0,288.93,313.72,18.71,0,0
Australia,AUS,Oceanía,Caña de azúcar,2011,1001514,137.24,137447283,162,1175,-0.0298292757193985,19.13,29.27,8.23,1018.33,74.33,89.33,0.67,17.84,3.0,0.0,0.0,0.0,1.0,0.0,0.0,0.0,1.0,1.0,1.0,0,0,0,0,0,0,0,0,0,0.0,0.0,1.0,0.0,0.0,0.0,0.0,,,,0,1
Australia,AUS,Oceanía,Algodón,2011,2206270,1.56,3434095,182,4795,0.0115189985703549,19.13,29.27,8.23,1018.33,74.33,89.33,0.67,17.84,3.0,0.0,0.0,0.0,1.0,0.0,0.0,0.0,1.0,1.0,1.0,0,0,0,0,0,0,0,0,0,0.0,0.0,1.0,0.0,0.0,0.0,0.0,,,,0,1
Australia,AUS,Oceanía,Maíz,2011,6219497,3.36,20872562,120,7544,-0.0146872336643472,19.13,29.27,8.23,1018.33,74.33,89.33,0.67,17.84,3.0,0.0,0.0,0.0,1.0,0.0,0.0,0.0,1.0,1.0,1.0,0,0,0,0,0,0,0,0,0,0.0,0.0,1.0,0.0,0.0,0.0,0.0,217.92,247.94,26.82,0,0
Australia,AUS,Oceanía,Café,2011,308199,0.77,237431,285,2477,0.0049592653546435,19.13,29.27,8.23,1018.33,74.33,89.33,0.67,17.84,3.0,0.0,0.0,0.0,1.0,0.0,0.0,0.0,1.0,1.0,1.0,0,0,0,0,0,0,0,0,0,0.0,0.0,1.0,0.0,0.0,0.0,0.0,,,,0,1
Australia,AUS,Oceanía,Té,2011,298424,3.03,903477,120,4707,0.0106363407992252,19.13,29.27,8.23,1018.33,74.33,89.33,0.67,17.84,3.0,0.0,0.0,0.0,1.0,0.0,0.0,0.0,1.0,1.0,1.0,0,0,0,0,0,0,0,0,0,0.0,0.0,1.0,0.0,0.0,0.0,0.0,,,,0,1
Australia,AUS,Oceanía,Soja,2011,7768365,2.39,18596653,179,2744,0.0058630712869658,19.13,29.27,8.23,1018.33,74.33,89.33,0.67,17.84,3.0,0.0,0.0,0.0,1.0,0.0,0.0,0.0,1.0,1.0,1.0,0,0,0,0,0,0,0,0,0,0.0,0.0,1.0,0.0,0.0,0.0,0.0,506.99,588.24,52.11,0,0
Australia,AUS,Oceanía,Arroz,2011,1443327,8.72,12587131,274,9813,0.0313147349606374,19.13,29.27,8.23,1018.33,74.33,89.33,0.67,17.84,3.0,0.0,0.0,0.0,1.0,0.0,0.0,0.0,1.0,1.0,1.0,0,0,0,0,0,0,0,0,0,0.0,0.0,1.0,0.0,0.0,0.0,0.0,364.38,437.37,31.6,0,0
Australia,AUS,Oceanía,Trigo,2012,3799806,8.64,32833009,243,6565,0.0461238725301614,16.43,26.73,9.53,1591.0,53.33,66.67,2.67,28.59,1.0,0.0,0.0,0.0,0.0,0.0,1.0,0.0,0.0,0.0,1.0,0,0,0,0,0,0,0,0,0,0.0,0.0,1.0,0.0,0.0,0.0,0.0,288.93,313.72,18.71,0,0
Australia,AUS,Oceanía,Caña de azúcar,2012,7785219,129.56,1008690861,116,2106,-0.0117326754080788,16.43,26.73,9.53,1591.0,53.33,66.67,2.67,28.59,1.0,0.0,0.0,0.0,0.0,0.0,1.0,0.0,0.0,0.0,1.0,0,0,0,0,0,0,0,0,0,0.0,0.0,1.0,0.0,0.0,0.0,0.0,,,,0,1
Australia,AUS,Oceanía,Algodón,2012,965820,2.55,2466599,294,6785,0.0016504217204838,16.43,26.73,9.53,1591.0,53.33,66.67,2.67,28.59,1.0,0.0,0.0,0.0,0.0,0.0,1.0,0.0,0.0,0.0,1.0,0,0,0,0,0,0,0,0,0,0.0,0.0,1.0,0.0,0.0,0.0,0.0,,,,0,1
Australia,AUS,Oceanía,Maíz,2012,4343656,4.17,18126940,260,6603,-0.042397117946631,16.43,26.73,9.53,1591.0,53.33,66.67,2.67,28.59,1.0,0.0,0.0,0.0,0.0,0.0,1.0,0.0,0.0,0.0,1.0,0,0,0,0,0,0,0,0,0,0.0,0.0,1.0,0.0,0.0,0.0,0.0,217.92,247.94,26.82,0,0
Australia,AUS,Oceanía,Café,2012,264359,1.02,270418,96,4115,-0.0001000659636316,16.43,26.73,9.53,1591.0,53.33,66.67,2.67,28.59,1.0,0.0,0.0,0.0,0.0,0.0,1.0,0.0,0.0,0.0,1.0,0,0,0,0,0,0,0,0,0,0.0,0.0,1.0,0.0,0.0,0.0,0.0,,,,0,1
Australia,AUS,Oceanía,Té,2012,124867,2.21,275627,113,6833,-0.0344004431523841,16.43,26.73,9.53,1591.0,53.33,66.67,2.67,28.59,1.0,0.0,0.0,0.0,0.0,0.0,1.0,0.0,0.0,0.0,1.0,0,0,0,0,0,0,0,0,0,0.0,0.0,1.0,0.0,0.0,0.0,0.0,,,,0,1
Australia,AUS,Oceanía,Soja,2012,7542892,3.13,23642897,51,9871,0.0457993090467625,16.43,26.73,9.53,1591.0,53.33,66.67,2.67,28.59,1.0,0.0,0.0,0.0,0.0,0.0,1.0,0.0,0.0,0.0,1.0,0,0,0,0,0,0,0,0,0,0.0,0.0,1.0,0.0,0.0,0.0,0.0,506.99,588.24,52.11,0,0
Australia,AUS,Oceanía,Arroz,2012,1637896,6.69,10965687,279,5501,-0.0009194648393453,16.43,26.73,9.53,1591.0,53.33,66.67,2.67,28.59,1.0,0.0,0.0,0.0,0.0,0.0,1.0,0.0,0.0,0.0,1.0,0,0,0,0,0,0,0,0,0,0.0,0.0,1.0,0.0,0.0,0.0,0.0,364.38,437.37,31.6,0,0
Australia,AUS,Oceanía,Trigo,2013,4696449,3.35,15721855,63,9613,0.0299269917779981,18.57,24.67,11.17,1230.0,51.67,66.33,3.0,18.95,0.0,0.0,0.0,0.0,0.0,0.0,0.0,0.0,0.0,0.0,0.0,0,0,0,0,0,0,0,0,0,0.0,0.0,1.0,0.0,0.0,0.0,0.0,288.93,313.72,18.71,0,0
Australia,AUS,Oceanía,Caña de azúcar,2013,9189700,64.46,592355399,248,3863,-0.0042803965683972,18.57,24.67,11.17,1230.0,51.67,66.33,3.0,18.95,0.0,0.0,0.0,0.0,0.0,0.0,0.0,0.0,0.0,0.0,0.0,0,0,0,0,0,0,0,0,0,0.0,0.0,1.0,0.0,0.0,0.0,0.0,,,,0,1
Australia,AUS,Oceanía,Algodón,2013,2088403,2.19,4563957,103,7216,0.0081008218979446,18.57,24.67,11.17,1230.0,51.67,66.33,3.0,18.95,0.0,0.0,0.0,0.0,0.0,0.0,0.0,0.0,0.0,0.0,0.0,0,0,0,0,0,0,0,0,0,0.0,0.0,1.0,0.0,0.0,0.0,0.0,,,,0,1
Australia,AUS,Oceanía,Maíz,2013,4407390,3.63,16004714,295,6621,-0.0134075848878073,18.57,24.67,11.17,1230.0,51.67,66.33,3.0,18.95,0.0,0.0,0.0,0.0,0.0,0.0,0.0,0.0,0.0,0.0,0.0,0,0,0,0,0,0,0,0,0,0.0,0.0,1.0,0.0,0.0,0.0,0.0,217.92,247.94,26.82,0,0
Australia,AUS,Oceanía,Café,2013,113037,1.41,159783,152,5581,-0.0049271008522143,18.57,24.67,11.17,1230.0,51.67,66.33,3.0,18.95,0.0,0.0,0.0,0.0,0.0,0.0,0.0,0.0,0.0,0.0,0.0,0,0,0,0,0,0,0,0,0,0.0,0.0,1.0,0.0,0.0,0.0,0.0,,,,0,1
Australia,AUS,Oceanía,Té,2013,123454,3.12,385360,192,8081,0.035630873874488,18.57,24.67,11.17,1230.0,51.67,66.33,3.0,18.95,0.0,0.0,0.0,0.0,0.0,0.0,0.0,0.0,0.0,0.0,0.0,0,0,0,0,0,0,0,0,0,0.0,0.0,1.0,0.0,0.0,0.0,0.0,,,,0,1
Australia,AUS,Oceanía,Soja,2013,6556473,4.15,27191660,95,7906,-4.021738881493375e-05,18.57,24.67,11.17,1230.0,51.67,66.33,3.0,18.95,0.0,0.0,0.0,0.0,0.0,0.0,0.0,0.0,0.0,0.0,0.0,0,0,0,0,0,0,0,0,0,0.0,0.0,1.0,0.0,0.0,0.0,0.0,506.99,588.24,52.11,0,0
Australia,AUS,Oceanía,Arroz,2013,2899474,6.56,19014294,126,5111,0.0062138452071711,18.57,24.67,11.17,1230.0,51.67,66.33,3.0,18.95,0.0,0.0,0.0,0.0,0.0,0.0,0.0,0.0,0.0,0.0,0.0,0,0,0,0,0,0,0,0,0,0.0,0.0,1.0,0.0,0.0,0.0,0.0,364.38,437.37,31.6,0,0
Australia,AUS,Oceanía,Trigo,2014,3476318,2.05,7136735,115,8807,0.0338971708937452,18.9,29.0,12.33,621.33,75.67,34.0,6.0,9.88,3.0,0.0,0.0,0.0,0.0,1.0,1.0,0.0,1.0,0.0,1.0,0,0,0,0,0,0,0,0,0,0.0,0.0,1.0,0.0,0.0,0.0,0.0,288.93,313.72,18.71,0,0
Australia,AUS,Oceanía,Caña de azúcar,2014,5290671,72.59,384067874,257,5222,-0.0155859723539387,18.9,29.0,12.33,621.33,75.67,34.0,6.0,9.88,3.0,0.0,0.0,0.0,0.0,1.0,1.0,0.0,1.0,0.0,1.0,0,0,0,0,0,0,0,0,0,0.0,0.0,1.0,0.0,0.0,0.0,0.0,,,,0,1
Australia,AUS,Oceanía,Algodón,2014,1481058,3.88,5752139,197,9821,-0.0325461164270541,18.9,29.0,12.33,621.33,75.67,34.0,6.0,9.88,3.0,0.0,0.0,0.0,0.0,1.0,1.0,0.0,1.0,0.0,1.0,0,0,0,0,0,0,0,0,0,0.0,0.0,1.0,0.0,0.0,0.0,0.0,,,,0,1
Australia,AUS,Oceanía,Maíz,2014,6531813,5.73,37455534,164,2284,-0.0118929001587154,18.9,29.0,12.33,621.33,75.67,34.0,6.0,9.88,3.0,0.0,0.0,0.0,0.0,1.0,1.0,0.0,1.0,0.0,1.0,0,0,0,0,0,0,0,0,0,0.0,0.0,1.0,0.0,0.0,0.0,0.0,217.92,247.94,26.82,0,0
Australia,AUS,Oceanía,Café,2014,324723,2.89,936963,287,6527,-0.0078183512156654,18.9,29.0,12.33,621.33,75.67,34.0,6.0,9.88,3.0,0.0,0.0,0.0,0.0,1.0,1.0,0.0,1.0,0.0,1.0,0,0,0,0,0,0,0,0,0,0.0,0.0,1.0,0.0,0.0,0.0,0.0,,,,0,1
Australia,AUS,Oceanía,Té,2014,221894,2.01,445691,108,6136,-0.0183121758304438,18.9,29.0,12.33,621.33,75.67,34.0,6.0,9.88,3.0,0.0,0.0,0.0,0.0,1.0,1.0,0.0,1.0,0.0,1.0,0,0,0,0,0,0,0,0,0,0.0,0.0,1.0,0.0,0.0,0.0,0.0,,,,0,1
Australia,AUS,Oceanía,Soja,2014,2244285,3.97,8907871,249,6950,0.0247895498476324,18.9,29.0,12.33,621.33,75.67,34.0,6.0,9.88,3.0,0.0,0.0,0.0,0.0,1.0,1.0,0.0,1.0,0.0,1.0,0,0,0,0,0,0,0,0,0,0.0,0.0,1.0,0.0,0.0,0.0,0.0,506.99,588.24,52.11,0,0
Australia,AUS,Oceanía,Arroz,2014,1944988,3.92,7632147,236,4844,0.0162022547808639,18.9,29.0,12.33,621.33,75.67,34.0,6.0,9.88,3.0,0.0,0.0,0.0,0.0,1.0,1.0,0.0,1.0,0.0,1.0,0,0,0,0,0,0,0,0,0,0.0,0.0,1.0,0.0,0.0,0.0,0.0,364.38,437.37,31.6,0,0
Australia,AUS,Oceanía,Trigo,2015,790265,2.75,2172736,289,8752,0.0048433743818293,20.9,30.8,8.33,1160.0,76.33,78.33,2.33,15.23,3.0,0.0,0.0,1.0,2.0,0.0,0.0,0.0,0.0,0.0,1.0,0,0,0,0,0,0,1,0,0,0.0,0.0,1.0,0.0,0.0,0.0,0.0,288.93,313.72,18.71,0,0
Australia,AUS,Oceanía,Caña de azúcar,2015,6070506,96.56,586170421,208,3544,-0.0415688733348007,20.9,30.8,8.33,1160.0,76.33,78.33,2.33,15.23,3.0,0.0,0.0,1.0,2.0,0.0,0.0,0.0,0.0,0.0,1.0,0,0,0,0,0,0,1,0,0,0.0,0.0,1.0,0.0,0.0,0.0,0.0,,,,0,1
Australia,AUS,Oceanía,Algodón,2015,1870001,1.62,3031396,210,3071,-0.0368722889373136,20.9,30.8,8.33,1160.0,76.33,78.33,2.33,15.23,3.0,0.0,0.0,1.0,2.0,0.0,0.0,0.0,0.0,0.0,1.0,0,0,0,0,0,0,1,0,0,0.0,0.0,1.0,0.0,0.0,0.0,0.0,,,,0,1
Australia,AUS,Oceanía,Maíz,2015,645706,3.44,2222163,271,8801,-0.0032806523330647,20.9,30.8,8.33,1160.0,76.33,78.33,2.33,15.23,3.0,0.0,0.0,1.0,2.0,0.0,0.0,0.0,0.0,0.0,1.0,0,0,0,0,0,0,1,0,0,0.0,0.0,1.0,0.0,0.0,0.0,0.0,217.92,247.94,26.82,0,0
Australia,AUS,Oceanía,Café,2015,551740,1.17,643167,228,9835,-0.0322963360020287,20.9,30.8,8.33,1160.0,76.33,78.33,2.33,15.23,3.0,0.0,0.0,1.0,2.0,0.0,0.0,0.0,0.0,0.0,1.0,0,0,0,0,0,0,1,0,0,0.0,0.0,1.0,0.0,0.0,0.0,0.0,,,,0,1
Australia,AUS,Oceanía,Té,2015,311112,1.99,620520,282,6688,-0.0018348317297785,20.9,30.8,8.33,1160.0,76.33,78.33,2.33,15.23,3.0,0.0,0.0,1.0,2.0,0.0,0.0,0.0,0.0,0.0,1.0,0,0,0,0,0,0,1,0,0,0.0,0.0,1.0,0.0,0.0,0.0,0.0,,,,0,1
Australia,AUS,Oceanía,Soja,2015,767198,2.97,2279595,127,1172,-0.0499907653605072,20.9,30.8,8.33,1160.0,76.33,78.33,2.33,15.23,3.0,0.0,0.0,1.0,2.0,0.0,0.0,0.0,0.0,0.0,1.0,0,0,0,0,0,0,1,0,0,0.0,0.0,1.0,0.0,0.0,0.0,0.0,506.99,588.24,52.11,0,0
Australia,AUS,Oceanía,Arroz,2015,644651,4.24,2731135,286,9059,0.0446957511868124,20.9,30.8,8.33,1160.0,76.33,78.33,2.33,15.23,3.0,0.0,0.0,1.0,2.0,0.0,0.0,0.0,0.0,0.0,1.0,0,0,0,0,0,0,1,0,0,0.0,0.0,1.0,0.0,0.0,0.0,0.0,364.38,437.37,31.6,0,0
Australia,AUS,Oceanía,Trigo,2016,98864,7.6,750978,253,1118,0.0048212195736496,16.5,23.63,6.5,743.33,61.67,53.0,5.67,12.06,1.0,0.0,0.0,0.0,0.0,0.0,0.0,0.0,1.0,0.0,1.0,0,0,0,0,0,0,1,0,0,0.0,0.0,1.0,0.0,0.0,0.0,0.0,288.93,313.72,18.71,0,0
Australia,AUS,Oceanía,Caña de azúcar,2016,8832950,82.6,729636360,215,7385,0.0328426855641291,16.5,23.63,6.5,743.33,61.67,53.0,5.67,12.06,1.0,0.0,0.0,0.0,0.0,0.0,0.0,0.0,1.0,0.0,1.0,0,0,0,0,0,0,1,0,0,0.0,0.0,1.0,0.0,0.0,0.0,0.0,,,,0,1
Australia,AUS,Oceanía,Algodón,2016,319480,2.19,700214,282,5454,-0.0215323145326547,16.5,23.63,6.5,743.33,61.67,53.0,5.67,12.06,1.0,0.0,0.0,0.0,0.0,0.0,0.0,0.0,1.0,0.0,1.0,0,0,0,0,0,0,1,0,0,0.0,0.0,1.0,0.0,0.0,0.0,0.0,,,,0,1
Australia,AUS,Oceanía,Maíz,2016,5105162,6.08,31052695,124,2808,0.0136892709548346,16.5,23.63,6.5,743.33,61.67,53.0,5.67,12.06,1.0,0.0,0.0,0.0,0.0,0.0,0.0,0.0,1.0,0.0,1.0,0,0,0,0,0,0,1,0,0,0.0,0.0,1.0,0.0,0.0,0.0,0.0,217.92,247.94,26.82,0,0
Australia,AUS,Oceanía,Café,2016,153319,1.79,274886,88,1813,0.0469716217629393,16.5,23.63,6.5,743.33,61.67,53.0,5.67,12.06,1.0,0.0,0.0,0.0,0.0,0.0,0.0,0.0,1.0,0.0,1.0,0,0,0,0,0,0,1,0,0,0.0,0.0,1.0,0.0,0.0,0.0,0.0,,,,0,1
Australia,AUS,Oceanía,Té,2016,48267,1.31,62991,52,4814,-0.0409803016851218,16.5,23.63,6.5,743.33,61.67,53.0,5.67,12.06,1.0,0.0,0.0,0.0,0.0,0.0,0.0,0.0,1.0,0.0,1.0,0,0,0,0,0,0,1,0,0,0.0,0.0,1.0,0.0,0.0,0.0,0.0,,,,0,1
Australia,AUS,Oceanía,Soja,2016,1665701,3.21,5344128,145,8597,0.0196934802766328,16.5,23.63,6.5,743.33,61.67,53.0,5.67,12.06,1.0,0.0,0.0,0.0,0.0,0.0,0.0,0.0,1.0,0.0,1.0,0,0,0,0,0,0,1,0,0,0.0,0.0,1.0,0.0,0.0,0.0,0.0,506.99,588.24,52.11,0,0
Australia,AUS,Oceanía,Arroz,2016,309920,6.68,2071352,248,7429,-0.0428615305250943,16.5,23.63,6.5,743.33,61.67,53.0,5.67,12.06,1.0,0.0,0.0,0.0,0.0,0.0,0.0,0.0,1.0,0.0,1.0,0,0,0,0,0,0,1,0,0,0.0,0.0,1.0,0.0,0.0,0.0,0.0,364.38,437.37,31.6,0,0
Australia,AUS,Oceanía,Trigo,2017,1672722,6.4,10707457,53,2998,0.0474598502875459,17.13,25.77,5.23,1078.67,60.0,95.33,2.67,20.26,1.0,0.0,0.0,0.0,0.0,1.0,0.0,0.0,0.0,0.0,1.0,0,0,0,0,0,0,1,0,0,0.0,0.0,1.0,0.0,0.0,0.0,0.0,288.93,313.72,18.71,0,0
Australia,AUS,Oceanía,Caña de azúcar,2017,7212487,111.25,802401871,58,4263,-0.003916536468772,17.13,25.77,5.23,1078.67,60.0,95.33,2.67,20.26,1.0,0.0,0.0,0.0,0.0,1.0,0.0,0.0,0.0,0.0,1.0,0,0,0,0,0,0,1,0,0,0.0,0.0,1.0,0.0,0.0,0.0,0.0,,,,0,1
Australia,AUS,Oceanía,Algodón,2017,2491618,2.56,6379282,296,6113,0.0436215246640616,17.13,25.77,5.23,1078.67,60.0,95.33,2.67,20.26,1.0,0.0,0.0,0.0,0.0,1.0,0.0,0.0,0.0,0.0,1.0,0,0,0,0,0,0,1,0,0,0.0,0.0,1.0,0.0,0.0,0.0,0.0,,,,0,1
Australia,AUS,Oceanía,Maíz,2017,741939,7.43,5509992,173,5895,-0.03012763681976,17.13,25.77,5.23,1078.67,60.0,95.33,2.67,20.26,1.0,0.0,0.0,0.0,0.0,1.0,0.0,0.0,0.0,0.0,1.0,0,0,0,0,0,0,1,0,0,0.0,0.0,1.0,0.0,0.0,0.0,0.0,217.92,247.94,26.82,0,0
Australia,AUS,Oceanía,Café,2017,537136,2.01,1078436,161,6316,-0.0484932294731137,17.13,25.77,5.23,1078.67,60.0,95.33,2.67,20.26,1.0,0.0,0.0,0.0,0.0,1.0,0.0,0.0,0.0,0.0,1.0,0,0,0,0,0,0,1,0,0,0.0,0.0,1.0,0.0,0.0,0.0,0.0,,,,0,1
Australia,AUS,Oceanía,Té,2017,72491,1.83,132919,198,8786,0.0188406538935097,17.13,25.77,5.23,1078.67,60.0,95.33,2.67,20.26,1.0,0.0,0.0,0.0,0.0,1.0,0.0,0.0,0.0,0.0,1.0,0,0,0,0,0,0,1,0,0,0.0,0.0,1.0,0.0,0.0,0.0,0.0,,,,0,1
Australia,AUS,Oceanía,Soja,2017,5977275,2.03,12126289,208,6544,0.0430848784518627,17.13,25.77,5.23,1078.67,60.0,95.33,2.67,20.26,1.0,0.0,0.0,0.0,0.0,1.0,0.0,0.0,0.0,0.0,1.0,0,0,0,0,0,0,1,0,0,0.0,0.0,1.0,0.0,0.0,0.0,0.0,506.99,588.24,52.11,0,0
Australia,AUS,Oceanía,Arroz,2017,3233693,3.53,11413814,187,2759,-0.0374172542334773,17.13,25.77,5.23,1078.67,60.0,95.33,2.67,20.26,1.0,0.0,0.0,0.0,0.0,1.0,0.0,0.0,0.0,0.0,1.0,0,0,0,0,0,0,1,0,0,0.0,0.0,1.0,0.0,0.0,0.0,0.0,364.38,437.37,31.6,0,0
Australia,AUS,Oceanía,Trigo,2018,4398023,8.1,35636625,162,4161,-0.0478647167315706,20.33,27.83,8.27,586.67,58.67,41.67,5.33,7.92,3.0,0.0,0.0,0.0,0.0,0.0,1.0,0.0,1.0,1.0,1.0,0,0,1,0,0,0,1,0,0,0.0,0.0,1.0,0.0,0.0,0.0,0.0,288.93,313.72,18.71,0,0
Australia,AUS,Oceanía,Caña de azúcar,2018,2250318,65.01,146301161,193,5828,0.0042734076805694,20.33,27.83,8.27,586.67,58.67,41.67,5.33,7.92,3.0,0.0,0.0,0.0,0.0,0.0,1.0,0.0,1.0,1.0,1.0,0,0,1,0,0,0,1,0,0,0.0,0.0,1.0,0.0,0.0,0.0,0.0,,,,0,1
Australia,AUS,Oceanía,Algodón,2018,2469121,1.57,3869012,120,3627,-0.043112341663884,20.33,27.83,8.27,586.67,58.67,41.67,5.33,7.92,3.0,0.0,0.0,0.0,0.0,0.0,1.0,0.0,1.0,1.0,1.0,0,0,1,0,0,0,1,0,0,0.0,0.0,1.0,0.0,0.0,0.0,0.0,,,,0,1
Australia,AUS,Oceanía,Maíz,2018,4585426,8.76,40163584,248,9289,-0.0120956430333422,20.33,27.83,8.27,586.67,58.67,41.67,5.33,7.92,3.0,0.0,0.0,0.0,0.0,0.0,1.0,0.0,1.0,1.0,1.0,0,0,1,0,0,0,1,0,0,0.0,0.0,1.0,0.0,0.0,0.0,0.0,217.92,247.94,26.82,0,0
Australia,AUS,Oceanía,Café,2018,9920,1.7,16905,132,2037,0.0158289417379819,20.33,27.83,8.27,586.67,58.67,41.67,5.33,7.92,3.0,0.0,0.0,0.0,0.0,0.0,1.0,0.0,1.0,1.0,1.0,0,0,1,0,0,0,1,0,0,0.0,0.0,1.0,0.0,0.0,0.0,0.0,,,,0,1
Australia,AUS,Oceanía,Té,2018,215254,1.6,344172,89,5638,-0.0177399960087206,20.33,27.83,8.27,586.67,58.67,41.67,5.33,7.92,3.0,0.0,0.0,0.0,0.0,0.0,1.0,0.0,1.0,1.0,1.0,0,0,1,0,0,0,1,0,0,0.0,0.0,1.0,0.0,0.0,0.0,0.0,,,,0,1
Australia,AUS,Oceanía,Soja,2018,1074815,2.47,2656622,290,3126,-0.0321361199963891,20.33,27.83,8.27,586.67,58.67,41.67,5.33,7.92,3.0,0.0,0.0,0.0,0.0,0.0,1.0,0.0,1.0,1.0,1.0,0,0,1,0,0,0,1,0,0,0.0,0.0,1.0,0.0,0.0,0.0,0.0,506.99,588.24,52.11,0,0
Australia,AUS,Oceanía,Arroz,2018,395530,4.68,1850286,264,7366,0.0157921258284968,20.33,27.83,8.27,586.67,58.67,41.67,5.33,7.92,3.0,0.0,0.0,0.0,0.0,0.0,1.0,0.0,1.0,1.0,1.0,0,0,1,0,0,0,1,0,0,0.0,0.0,1.0,0.0,0.0,0.0,0.0,364.38,437.37,31.6,0,0
Australia,AUS,Oceanía,Trigo,2019,5260492,3.45,18164468,68,1214,0.0430211036809051,18.27,28.33,9.67,1041.0,47.67,61.67,1.0,16.09,1.0,0.0,1.0,0.0,0.0,0.0,0.0,0.0,0.0,0.0,1.0,0,0,1,0,0,0,1,0,0,0.0,0.0,1.0,0.0,0.0,0.0,0.0,288.93,313.72,18.71,0,0
Australia,AUS,Oceanía,Caña de azúcar,2019,7570554,129.82,982789345,213,1994,-0.0139073948874921,18.27,28.33,9.67,1041.0,47.67,61.67,1.0,16.09,1.0,0.0,1.0,0.0,0.0,0.0,0.0,0.0,0.0,0.0,1.0,0,0,1,0,0,0,1,0,0,0.0,0.0,1.0,0.0,0.0,0.0,0.0,,,,0,1
Australia,AUS,Oceanía,Algodón,2019,2039407,3.36,6853810,207,5355,0.0029020831291773,18.27,28.33,9.67,1041.0,47.67,61.67,1.0,16.09,1.0,0.0,1.0,0.0,0.0,0.0,0.0,0.0,0.0,0.0,1.0,0,0,1,0,0,0,1,0,0,0.0,0.0,1.0,0.0,0.0,0.0,0.0,,,,0,1
Australia,AUS,Oceanía,Maíz,2019,6035115,3.16,19077011,75,4784,0.0031661051402472,18.27,28.33,9.67,1041.0,47.67,61.67,1.0,16.09,1.0,0.0,1.0,0.0,0.0,0.0,0.0,0.0,0.0,0.0,1.0,0,0,1,0,0,0,1,0,0,0.0,0.0,1.0,0.0,0.0,0.0,0.0,217.92,247.94,26.82,0,0
Australia,AUS,Oceanía,Café,2019,251721,2.11,532358,192,7802,0.0246108376275853,18.27,28.33,9.67,1041.0,47.67,61.67,1.0,16.09,1.0,0.0,1.0,0.0,0.0,0.0,0.0,0.0,0.0,0.0,1.0,0,0,1,0,0,0,1,0,0,0.0,0.0,1.0,0.0,0.0,0.0,0.0,,,,0,1
Australia,AUS,Oceanía,Té,2019,221563,2.48,550306,76,3733,0.0292461597773406,18.27,28.33,9.67,1041.0,47.67,61.67,1.0,16.09,1.0,0.0,1.0,0.0,0.0,0.0,0.0,0.0,0.0,0.0,1.0,0,0,1,0,0,0,1,0,0,0.0,0.0,1.0,0.0,0.0,0.0,0.0,,,,0,1
Australia,AUS,Oceanía,Soja,2019,4581573,3.15,14435410,163,6772,0.0402484970652721,18.27,28.33,9.67,1041.0,47.67,61.67,1.0,16.09,1.0,0.0,1.0,0.0,0.0,0.0,0.0,0.0,0.0,0.0,1.0,0,0,1,0,0,0,1,0,0,0.0,0.0,1.0,0.0,0.0,0.0,0.0,506.99,588.24,52.11,0,0
Australia,AUS,Oceanía,Arroz,2019,1467167,6.56,9620926,261,6299,0.0108413370257039,18.27,28.33,9.67,1041.0,47.67,61.67,1.0,16.09,1.0,0.0,1.0,0.0,0.0,0.0,0.0,0.0,0.0,0.0,1.0,0,0,1,0,0,0,1,0,0,0.0,0.0,1.0,0.0,0.0,0.0,0.0,364.38,437.37,31.6,0,0
Australia,AUS,Oceanía,Trigo,2020,1968130,4.65,9159527,142,8412,-0.005250021100175,16.67,27.53,8.03,1281.33,65.0,66.0,1.33,21.33,3.0,0.0,1.0,1.0,1.0,0.0,0.0,0.0,0.0,0.0,1.0,0,0,1,0,0,0,1,0,0,0.0,0.0,1.0,0.0,0.0,0.0,0.0,288.93,313.72,18.71,0,0
Australia,AUS,Oceanía,Caña de azúcar,2020,590686,124.19,73355784,277,5945,-0.0493431171027318,16.67,27.53,8.03,1281.33,65.0,66.0,1.33,21.33,3.0,0.0,1.0,1.0,1.0,0.0,0.0,0.0,0.0,0.0,1.0,0,0,1,0,0,0,1,0,0,0.0,0.0,1.0,0.0,0.0,0.0,0.0,,,,0,1
Australia,AUS,Oceanía,Algodón,2020,1208438,3.16,3822656,226,5521,0.0419112082970612,16.67,27.53,8.03,1281.33,65.0,66.0,1.33,21.33,3.0,0.0,1.0,1.0,1.0,0.0,0.0,0.0,0.0,0.0,1.0,0,0,1,0,0,0,1,0,0,0.0,0.0,1.0,0.0,0.0,0.0,0.0,,,,0,1
Australia,AUS,Oceanía,Maíz,2020,10226132,7.04,71978243,141,3557,-0.036159180652359,16.67,27.53,8.03,1281.33,65.0,66.0,1.33,21.33,3.0,0.0,1.0,1.0,1.0,0.0,0.0,0.0,0.0,0.0,1.0,0,0,1,0,0,0,1,0,0,0.0,0.0,1.0,0.0,0.0,0.0,0.0,217.92,247.94,26.82,0,0
Australia,AUS,Oceanía,Café,2020,301214,0.85,255485,196,7550,0.0069064936920119,16.67,27.53,8.03,1281.33,65.0,66.0,1.33,21.33,3.0,0.0,1.0,1.0,1.0,0.0,0.0,0.0,0.0,0.0,1.0,0,0,1,0,0,0,1,0,0,0.0,0.0,1.0,0.0,0.0,0.0,0.0,,,,0,1
Australia,AUS,Oceanía,Té,2020,37384,2.47,92174,261,2562,0.009523120255958,16.67,27.53,8.03,1281.33,65.0,66.0,1.33,21.33,3.0,0.0,1.0,1.0,1.0,0.0,0.0,0.0,0.0,0.0,1.0,0,0,1,0,0,0,1,0,0,0.0,0.0,1.0,0.0,0.0,0.0,0.0,,,,0,1
Australia,AUS,Oceanía,Soja,2020,5879312,4.25,24994058,285,6478,-0.0152069793047066,16.67,27.53,8.03,1281.33,65.0,66.0,1.33,21.33,3.0,0.0,1.0,1.0,1.0,0.0,0.0,0.0,0.0,0.0,1.0,0,0,1,0,0,0,1,0,0,0.0,0.0,1.0,0.0,0.0,0.0,0.0,506.99,588.24,52.11,0,0
Australia,AUS,Oceanía,Arroz,2020,2159860,6.23,13449986,241,1187,0.0133887103031714,16.67,27.53,8.03,1281.33,65.0,66.0,1.33,21.33,3.0,0.0,1.0,1.0,1.0,0.0,0.0,0.0,0.0,0.0,1.0,0,0,1,0,0,0,1,0,0,0.0,0.0,1.0,0.0,0.0,0.0,0.0,364.38,437.37,31.6,0,0
México,MEX,América del Norte,Algodón,2011,935857,1.79,1678814,298,8300,0.025284020301053,16.5,24.9,8.1,796.0,45.0,113.0,7.0,13.4,0.0,0.0,0.0,0.0,0.0,0.0,0.0,0.0,0.0,0.0,0.0,0,0,0,0,0,0,0,1,0,0.0,1.0,0.0,0.0,0.0,1.0,24.0,,,,0,1
México,MEX,América del Norte,Maíz,2011,1625460,4.04,6565824,83,6507,-0.0417454887361417,16.5,24.9,8.1,796.0,45.0,113.0,7.0,13.4,0.0,0.0,0.0,0.0,0.0,0.0,0.0,0.0,0.0,0.0,0.0,0,0,0,0,0,0,0,1,0,0.0,1.0,0.0,0.0,0.0,1.0,24.0,205.39,236.06,22.04,0,0
México,MEX,América del Norte,Cebada,2011,109341,3.88,423930,161,3136,0.0262032919636895,16.5,24.9,8.1,796.0,45.0,113.0,7.0,13.4,0.0,0.0,0.0,0.0,0.0,0.0,0.0,0.0,0.0,0.0,0.0,0,0,0,0,0,0,0,1,0,0.0,1.0,0.0,0.0,0.0,1.0,24.0,,,,0,1
México,MEX,América del Norte,Caña de azúcar,2011,3347197,86.07,288105574,207,9589,-0.0253754159492886,16.5,24.9,8.1,796.0,45.0,113.0,7.0,13.4,0.0,0.0,0.0,0.0,0.0,0.0,0.0,0.0,0.0,0.0,0.0,0,0,0,0,0,0,0,1,0,0.0,1.0,0.0,0.0,0.0,1.0,24.0,,,,0,1
México,MEX,América del Norte,Café,2011,401549,1.49,599893,78,7776,-0.0076459397634359,16.5,24.9,8.1,796.0,45.0,113.0,7.0,13.4,0.0,0.0,0.0,0.0,0.0,0.0,0.0,0.0,0.0,0.0,0.0,0,0,0,0,0,0,0,1,0,0.0,1.0,0.0,0.0,0.0,1.0,24.0,,,,0,1
México,MEX,América del Norte,Trigo,2011,2703542,4.67,12624148,93,6729,0.0116220994454503,16.5,24.9,8.1,796.0,45.0,113.0,7.0,13.4,0.0,0.0,0.0,0.0,0.0,0.0,0.0,0.0,0.0,0.0,0.0,0,0,0,0,0,0,0,1,0,0.0,1.0,0.0,0.0,0.0,1.0,24.0,301.34,352.45,40.55,0,0
México,MEX,América del Norte,Soja,2011,3870462,4.12,15956246,109,4271,0.0185359227462267,16.5,24.9,8.1,796.0,45.0,113.0,7.0,13.4,0.0,0.0,0.0,0.0,0.0,0.0,0.0,0.0,0.0,0.0,0.0,0,0,0,0,0,0,0,1,0,0.0,1.0,0.0,0.0,0.0,1.0,24.0,505.39,549.2,27.64,0,0
México,MEX,América del Norte,Arroz,2011,365417,4.04,1477876,287,3419,0.0368752351644968,16.5,24.9,8.1,796.0,45.0,113.0,7.0,13.4,0.0,0.0,0.0,0.0,0.0,0.0,0.0,0.0,0.0,0.0,0.0,0,0,0,0,0,0,0,1,0,0.0,1.0,0.0,0.0,0.0,1.0,24.0,346.85,416.05,36.19,0,0
México,MEX,América del Norte,Algodón,2012,65258,2.14,139896,170,1372,-0.0168123280934918,15.9,30.8,3.0,549.0,82.0,25.0,3.0,9.59,0.0,0.0,0.0,0.0,0.0,0.0,0.0,0.0,0.0,0.0,0.0,0,0,0,0,0,0,0,1,0,0.0,1.0,0.0,0.0,0.0,1.0,24.0,,,,0,1
México,MEX,América del Norte,Maíz,2012,3779997,4.14,15665533,173,3315,0.0195071143647694,15.9,30.8,3.0,549.0,82.0,25.0,3.0,9.59,0.0,0.0,0.0,0.0,0.0,0.0,0.0,0.0,0.0,0.0,0.0,0,0,0,0,0,0,0,1,0,0.0,1.0,0.0,0.0,0.0,1.0,24.0,205.39,236.06,22.04,0,0
México,MEX,América del Norte,Cebada,2012,816265,4.17,3407901,93,1984,-0.0215986458952009,15.9,30.8,3.0,549.0,82.0,25.0,3.0,9.59,0.0,0.0,0.0,0.0,0.0,0.0,0.0,0.0,0.0,0.0,0.0,0,0,0,0,0,0,0,1,0,0.0,1.0,0.0,0.0,0.0,1.0,24.0,,,,0,1
México,MEX,América del Norte,Caña de azúcar,2012,4740596,57.2,271160952,149,5445,0.0162981635720155,15.9,30.8,3.0,549.0,82.0,25.0,3.0,9.59,0.0,0.0,0.0,0.0,0.0,0.0,0.0,0.0,0.0,0.0,0.0,0,0,0,0,0,0,0,1,0,0.0,1.0,0.0,0.0,0.0,1.0,24.0,,,,0,1
México,MEX,América del Norte,Café,2012,199720,2.0,399089,216,7332,-0.0268831379862183,15.9,30.8,3.0,549.0,82.0,25.0,3.0,9.59,0.0,0.0,0.0,0.0,0.0,0.0,0.0,0.0,0.0,0.0,0.0,0,0,0,0,0,0,0,1,0,0.0,1.0,0.0,0.0,0.0,1.0,24.0,,,,0,1
México,MEX,América del Norte,Trigo,2012,853885,7.59,6483220,72,4054,-0.0301124799991765,15.9,30.8,3.0,549.0,82.0,25.0,3.0,9.59,0.0,0.0,0.0,0.0,0.0,0.0,0.0,0.0,0.0,0.0,0.0,0,0,0,0,0,0,0,1,0,0.0,1.0,0.0,0.0,0.0,1.0,24.0,301.34,352.45,40.55,0,0
México,MEX,América del Norte,Soja,2012,5026622,3.25,16350855,185,5995,-0.0166430365369224,15.9,30.8,3.0,549.0,82.0,25.0,3.0,9.59,0.0,0.0,0.0,0.0,0.0,0.0,0.0,0.0,0.0,0.0,0.0,0,0,0,0,0,0,0,1,0,0.0,1.0,0.0,0.0,0.0,1.0,24.0,505.39,549.2,27.64,0,0
México,MEX,América del Norte,Arroz,2012,668085,4.17,2782687,127,4869,0.0495994411246808,15.9,30.8,3.0,549.0,82.0,25.0,3.0,9.59,0.0,0.0,0.0,0.0,0.0,0.0,0.0,0.0,0.0,0.0,0.0,0,0,0,0,0,0,0,1,0,0.0,1.0,0.0,0.0,0.0,1.0,24.0,346.85,416.05,36.19,0,0
México,MEX,América del Norte,Algodón,2013,1265920,4.02,5087092,277,1482,0.0444136698208297,25.1,34.3,18.4,807.0,56.0,24.0,4.0,8.93,3.0,0.0,0.0,1.0,0.0,1.0,0.0,1.0,0.0,0.0,1.0,0,0,0,0,1,0,0,1,0,0.0,1.0,0.0,0.0,0.0,1.0,24.0,,,,0,1
México,MEX,América del Norte,Maíz,2013,4213483,4.93,20767825,72,7262,0.0020717844073516,25.1,34.3,18.4,807.0,56.0,24.0,4.0,8.93,3.0,0.0,0.0,1.0,0.0,1.0,0.0,1.0,0.0,0.0,1.0,0,0,0,0,1,0,0,1,0,0.0,1.0,0.0,0.0,0.0,1.0,24.0,205.39,236.06,22.04,0,0
México,MEX,América del Norte,Cebada,2013,1912781,3.85,7369231,89,7987,0.0470537173095217,25.1,34.3,18.4,807.0,56.0,24.0,4.0,8.93,3.0,0.0,0.0,1.0,0.0,1.0,0.0,1.0,0.0,0.0,1.0,0,0,0,0,1,0,0,1,0,0.0,1.0,0.0,0.0,0.0,1.0,24.0,,,,0,1
México,MEX,América del Norte,Caña de azúcar,2013,5968525,77.53,462767227,198,9869,0.0184048636258431,25.1,34.3,18.4,807.0,56.0,24.0,4.0,8.93,3.0,0.0,0.0,1.0,0.0,1.0,0.0,1.0,0.0,0.0,1.0,0,0,0,0,1,0,0,1,0,0.0,1.0,0.0,0.0,0.0,1.0,24.0,,,,0,1
México,MEX,América del Norte,Café,2013,71253,1.22,86812,84,8046,0.0495685800232008,25.1,34.3,18.4,807.0,56.0,24.0,4.0,8.93,3.0,0.0,0.0,1.0,0.0,1.0,0.0,1.0,0.0,0.0,1.0,0,0,0,0,1,0,0,1,0,0.0,1.0,0.0,0.0,0.0,1.0,24.0,,,,0,1
México,MEX,América del Norte,Trigo,2013,1347622,5.47,7366780,67,9732,0.0448601564164761,25.1,34.3,18.4,807.0,56.0,24.0,4.0,8.93,3.0,0.0,0.0,1.0,0.0,1.0,0.0,1.0,0.0,0.0,1.0,0,0,0,0,1,0,0,1,0,0.0,1.0,0.0,0.0,0.0,1.0,24.0,301.34,352.45,40.55,0,0
México,MEX,América del Norte,Soja,2013,2601154,3.08,8012186,131,7783,0.0461196187222389,25.1,34.3,18.4,807.0,56.0,24.0,4.0,8.93,3.0,0.0,0.0,1.0,0.0,1.0,0.0,1.0,0.0,0.0,1.0,0,0,0,0,1,0,0,1,0,0.0,1.0,0.0,0.0,0.0,1.0,24.0,505.39,549.2,27.64,0,0
México,MEX,América del Norte,Arroz,2013,2642448,6.7,17710587,77,3155,-0.0315253503425432,25.1,34.3,18.4,807.0,56.0,24.0,4.0,8.93,3.0,0.0,0.0,1.0,0.0,1.0,0.0,1.0,0.0,0.0,1.0,0,0,0,0,1,0,0,1,0,0.0,1.0,0.0,0.0,0.0,1.0,24.0,346.85,416.05,36.19,0,0
México,MEX,América del Norte,Algodón,2014,2763396,3.07,8487553,202,4804,-0.0269087622408733,18.9,24.4,11.5,1196.0,59.0,33.0,1.0,17.58,0.0,0.0,0.0,0.0,0.0,0.0,0.0,0.0,0.0,0.0,0.0,0,0,0,0,1,0,0,1,0,0.0,1.0,0.0,0.0,0.0,1.0,24.0,,,,0,1
México,MEX,América del Norte,Maíz,2014,1329152,7.75,10299903,204,8680,0.021201912797666,18.9,24.4,11.5,1196.0,59.0,33.0,1.0,17.58,0.0,0.0,0.0,0.0,0.0,0.0,0.0,0.0,0.0,0.0,0.0,0,0,0,0,1,0,0,1,0,0.0,1.0,0.0,0.0,0.0,1.0,24.0,205.39,236.06,22.04,0,0
México,MEX,América del Norte,Cebada,2014,1782729,3.43,6116359,107,1528,-0.0091410839821853,18.9,24.4,11.5,1196.0,59.0,33.0,1.0,17.58,0.0,0.0,0.0,0.0,0.0,0.0,0.0,0.0,0.0,0.0,0.0,0,0,0,0,1,0,0,1,0,0.0,1.0,0.0,0.0,0.0,1.0,24.0,,,,0,1
México,MEX,América del Norte,Caña de azúcar,2014,5076116,109.37,555191162,101,4351,-0.043386367576511,18.9,24.4,11.5,1196.0,59.0,33.0,1.0,17.58,0.0,0.0,0.0,0.0,0.0,0.0,0.0,0.0,0.0,0.0,0.0,0,0,0,0,1,0,0,1,0,0.0,1.0,0.0,0.0,0.0,1.0,24.0,,,,0,1
México,MEX,América del Norte,Café,2014,256677,2.11,541171,167,5043,-0.0072444316708544,18.9,24.4,11.5,1196.0,59.0,33.0,1.0,17.58,0.0,0.0,0.0,0.0,0.0,0.0,0.0,0.0,0.0,0.0,0.0,0,0,0,0,1,0,0,1,0,0.0,1.0,0.0,0.0,0.0,1.0,24.0,,,,0,1
México,MEX,América del Norte,Trigo,2014,3459302,6.85,23699937,196,9784,0.0025230531702889,18.9,24.4,11.5,1196.0,59.0,33.0,1.0,17.58,0.0,0.0,0.0,0.0,0.0,0.0,0.0,0.0,0.0,0.0,0.0,0,0,0,0,1,0,0,1,0,0.0,1.0,0.0,0.0,0.0,1.0,24.0,301.34,352.45,40.55,0,0
México,MEX,América del Norte,Soja,2014,7307008,2.15,15682227,274,1694,0.0377779938249561,18.9,24.4,11.5,1196.0,59.0,33.0,1.0,17.58,0.0,0.0,0.0,0.0,0.0,0.0,0.0,0.0,0.0,0.0,0.0,0,0,0,0,1,0,0,1,0,0.0,1.0,0.0,0.0,0.0,1.0,24.0,505.39,549.2,27.64,0,0
México,MEX,América del Norte,Arroz,2014,2196872,5.77,12682498,182,1807,-0.031014966002718,18.9,24.4,11.5,1196.0,59.0,33.0,1.0,17.58,0.0,0.0,0.0,0.0,0.0,0.0,0.0,0.0,0.0,0.0,0.0,0,0,0,0,1,0,0,1,0,0.0,1.0,0.0,0.0,0.0,1.0,24.0,346.85,416.05,36.19,0,0
México,MEX,América del Norte,Algodón,2015,1295123,2.73,3539324,125,1893,0.0189952958501649,15.4,27.0,7.1,901.0,42.0,16.0,3.0,16.25,0.0,0.0,0.0,0.0,0.0,0.0,0.0,0.0,0.0,0.0,0.0,0,0,0,0,1,0,0,1,0,0.0,1.0,0.0,0.0,0.0,1.0,24.0,,,,0,1
México,MEX,América del Norte,Maíz,2015,8920733,9.22,82214280,78,3945,0.0278731141876039,15.4,27.0,7.1,901.0,42.0,16.0,3.0,16.25,0.0,0.0,0.0,0.0,0.0,0.0,0.0,0.0,0.0,0.0,0.0,0,0,0,0,1,0,0,1,0,0.0,1.0,0.0,0.0,0.0,1.0,24.0,205.39,236.06,22.04,0,0
México,MEX,América del Norte,Cebada,2015,1672704,4.0,6690810,56,3930,-0.0046319264245663,15.4,27.0,7.1,901.0,42.0,16.0,3.0,16.25,0.0,0.0,0.0,0.0,0.0,0.0,0.0,0.0,0.0,0.0,0.0,0,0,0,0,1,0,0,1,0,0.0,1.0,0.0,0.0,0.0,1.0,24.0,,,,0,1
México,MEX,América del Norte,Caña de azúcar,2015,3841191,89.45,343604544,216,3686,0.0218374719718563,15.4,27.0,7.1,901.0,42.0,16.0,3.0,16.25,0.0,0.0,0.0,0.0,0.0,0.0,0.0,0.0,0.0,0.0,0.0,0,0,0,0,1,0,0,1,0,0.0,1.0,0.0,0.0,0.0,1.0,24.0,,,,0,1
México,MEX,América del Norte,Café,2015,56763,1.76,100148,231,7292,0.0226873835854728,15.4,27.0,7.1,901.0,42.0,16.0,3.0,16.25,0.0,0.0,0.0,0.0,0.0,0.0,0.0,0.0,0.0,0.0,0.0,0,0,0,0,1,0,0,1,0,0.0,1.0,0.0,0.0,0.0,1.0,24.0,,,,0,1
México,MEX,América del Norte,Trigo,2015,1568680,4.4,6895036,283,6491,0.0065491578514169,15.4,27.0,7.1,901.0,42.0,16.0,3.0,16.25,0.0,0.0,0.0,0.0,0.0,0.0,0.0,0.0,0.0,0.0,0.0,0,0,0,0,1,0,0,1,0,0.0,1.0,0.0,0.0,0.0,1.0,24.0,301.34,352.45,40.55,0,0
México,MEX,América del Norte,Soja,2015,1396210,2.62,3655825,63,7874,-0.0191937794465435,15.4,27.0,7.1,901.0,42.0,16.0,3.0,16.25,0.0,0.0,0.0,0.0,0.0,0.0,0.0,0.0,0.0,0.0,0.0,0,0,0,0,1,0,0,1,0,0.0,1.0,0.0,0.0,0.0,1.0,24.0,505.39,549.2,27.64,0,0
México,MEX,América del Norte,Arroz,2015,2042275,4.75,9705553,295,4323,-0.0496467101405856,15.4,27.0,7.1,901.0,42.0,16.0,3.0,16.25,0.0,0.0,0.0,0.0,0.0,0.0,0.0,0.0,0.0,0.0,0.0,0,0,0,0,1,0,0,1,0,0.0,1.0,0.0,0.0,0.0,1.0,24.0,346.85,416.05,36.19,0,0
México,MEX,América del Norte,Algodón,2016,62652,2.75,172237,51,9084,-0.0262121645980523,21.6,35.6,12.8,1453.0,42.0,88.0,1.0,18.69,0.0,0.0,0.0,0.0,0.0,0.0,0.0,0.0,0.0,0.0,0.0,0,0,0,0,1,0,0,1,0,0.0,1.0,0.0,0.0,0.0,1.0,24.0,,,,0,1
México,MEX,América del Norte,Maíz,2016,8549934,6.22,53144280,51,5009,0.0382167864943605,21.6,35.6,12.8,1453.0,42.0,88.0,1.0,18.69,0.0,0.0,0.0,0.0,0.0,0.0,0.0,0.0,0.0,0.0,0.0,0,0,0,0,1,0,0,1,0,0.0,1.0,0.0,0.0,0.0,1.0,24.0,205.39,236.06,22.04,0,0
México,MEX,América del Norte,Cebada,2016,1275685,4.35,5548971,87,1902,0.015327687821552,21.6,35.6,12.8,1453.0,42.0,88.0,1.0,18.69,0.0,0.0,0.0,0.0,0.0,0.0,0.0,0.0,0.0,0.0,0.0,0,0,0,0,1,0,0,1,0,0.0,1.0,0.0,0.0,0.0,1.0,24.0,,,,0,1
México,MEX,América del Norte,Caña de azúcar,2016,496406,106.68,52955290,285,2436,-0.0450968637251201,21.6,35.6,12.8,1453.0,42.0,88.0,1.0,18.69,0.0,0.0,0.0,0.0,0.0,0.0,0.0,0.0,0.0,0.0,0.0,0,0,0,0,1,0,0,1,0,0.0,1.0,0.0,0.0,0.0,1.0,24.0,,,,0,1
México,MEX,América del Norte,Café,2016,94934,0.79,74808,229,3906,0.0466293263847662,21.6,35.6,12.8,1453.0,42.0,88.0,1.0,18.69,0.0,0.0,0.0,0.0,0.0,0.0,0.0,0.0,0.0,0.0,0.0,0,0,0,0,1,0,0,1,0,0.0,1.0,0.0,0.0,0.0,1.0,24.0,,,,0,1
México,MEX,América del Norte,Trigo,2016,3374476,5.97,20149739,144,7208,0.0320264742282529,21.6,35.6,12.8,1453.0,42.0,88.0,1.0,18.69,0.0,0.0,0.0,0.0,0.0,0.0,0.0,0.0,0.0,0.0,0.0,0,0,0,0,1,0,0,1,0,0.0,1.0,0.0,0.0,0.0,1.0,24.0,301.34,352.45,40.55,0,0
México,MEX,América del Norte,Soja,2016,7925431,2.94,23304450,227,5496,-0.0170791473038101,21.6,35.6,12.8,1453.0,42.0,88.0,1.0,18.69,0.0,0.0,0.0,0.0,0.0,0.0,0.0,0.0,0.0,0.0,0.0,0,0,0,0,1,0,0,1,0,0.0,1.0,0.0,0.0,0.0,1.0,24.0,505.39,549.2,27.64,0,0
México,MEX,América del Norte,Arroz,2016,893835,5.61,5018747,236,9666,0.0487189263758582,21.6,35.6,12.8,1453.0,42.0,88.0,1.0,18.69,0.0,0.0,0.0,0.0,0.0,0.0,0.0,0.0,0.0,0.0,0.0,0,0,0,0,1,0,0,1,0,0.0,1.0,0.0,0.0,0.0,1.0,24.0,346.85,416.05,36.19,0,0
México,MEX,América del Norte,Algodón,2017,2979221,3.33,9931194,159,6185,-0.0240339960713749,19.6,28.7,11.2,1274.0,62.0,92.0,3.0,18.06,0.0,0.0,0.0,0.0,0.0,0.0,0.0,0.0,0.0,0.0,0.0,0,0,0,0,1,0,0,1,0,0.0,1.0,0.0,0.0,0.0,1.0,24.0,,,,0,1
México,MEX,América del Norte,Maíz,2017,6416585,9.91,63606604,236,9154,-0.0007495546281484,19.6,28.7,11.2,1274.0,62.0,92.0,3.0,18.06,0.0,0.0,0.0,0.0,0.0,0.0,0.0,0.0,0.0,0.0,0.0,0,0,0,0,1,0,0,1,0,0.0,1.0,0.0,0.0,0.0,1.0,24.0,205.39,236.06,22.04,0,0
México,MEX,América del Norte,Cebada,2017,1187385,2.76,3274301,80,1392,-0.0035114365626419,19.6,28.7,11.2,1274.0,62.0,92.0,3.0,18.06,0.0,0.0,0.0,0.0,0.0,0.0,0.0,0.0,0.0,0.0,0.0,0,0,0,0,1,0,0,1,0,0.0,1.0,0.0,0.0,0.0,1.0,24.0,,,,0,1
México,MEX,América del Norte,Caña de azúcar,2017,4002623,126.18,505069939,135,6728,0.0060415504917826,19.6,28.7,11.2,1274.0,62.0,92.0,3.0,18.06,0.0,0.0,0.0,0.0,0.0,0.0,0.0,0.0,0.0,0.0,0.0,0,0,0,0,1,0,0,1,0,0.0,1.0,0.0,0.0,0.0,1.0,24.0,,,,0,1
México,MEX,América del Norte,Café,2017,7519,1.78,13349,67,6042,-0.0199716005424487,19.6,28.7,11.2,1274.0,62.0,92.0,3.0,18.06,0.0,0.0,0.0,0.0,0.0,0.0,0.0,0.0,0.0,0.0,0.0,0,0,0,0,1,0,0,1,0,0.0,1.0,0.0,0.0,0.0,1.0,24.0,,,,0,1
México,MEX,América del Norte,Trigo,2017,75267,2.43,182598,195,1477,0.0332042769906141,19.6,28.7,11.2,1274.0,62.0,92.0,3.0,18.06,0.0,0.0,0.0,0.0,0.0,0.0,0.0,0.0,0.0,0.0,0.0,0,0,0,0,1,0,0,1,0,0.0,1.0,0.0,0.0,0.0,1.0,24.0,301.34,352.45,40.55,0,0
México,MEX,América del Norte,Soja,2017,6552179,3.82,25021680,254,1582,0.0145652220664574,19.6,28.7,11.2,1274.0,62.0,92.0,3.0,18.06,0.0,0.0,0.0,0.0,0.0,0.0,0.0,0.0,0.0,0.0,0.0,0,0,0,0,1,0,0,1,0,0.0,1.0,0.0,0.0,0.0,1.0,24.0,505.39,549.2,27.64,0,0
México,MEX,América del Norte,Arroz,2017,2716916,6.9,18748687,168,7782,0.0427789976765101,19.6,28.7,11.2,1274.0,62.0,92.0,3.0,18.06,0.0,0.0,0.0,0.0,0.0,0.0,0.0,0.0,0.0,0.0,0.0,0,0,0,0,1,0,0,1,0,0.0,1.0,0.0,0.0,0.0,1.0,24.0,346.85,416.05,36.19,0,0
México,MEX,América del Norte,Algodón,2018,1906672,1.95,3726245,187,1306,-0.029173752980383,13.3,19.1,1.6,442.0,60.0,110.0,11.0,9.23,0.0,0.0,0.0,0.0,0.0,0.0,0.0,0.0,0.0,0.0,0.0,1,0,0,0,1,0,0,1,0,0.0,1.0,0.0,0.0,0.0,1.0,24.0,,,,0,1
México,MEX,América del Norte,Maíz,2018,6756643,3.28,22175430,136,7147,0.012651084761525,13.3,19.1,1.6,442.0,60.0,110.0,11.0,9.23,0.0,0.0,0.0,0.0,0.0,0.0,0.0,0.0,0.0,0.0,0.0,1,0,0,0,1,0,0,1,0,0.0,1.0,0.0,0.0,0.0,1.0,24.0,205.39,236.06,22.04,0,0
México,MEX,América del Norte,Cebada,2018,1432444,3.58,5124657,250,6050,0.0205266184045519,13.3,19.1,1.6,442.0,60.0,110.0,11.0,9.23,0.0,0.0,0.0,0.0,0.0,0.0,0.0,0.0,0.0,0.0,0.0,1,0,0,0,1,0,0,1,0,0.0,1.0,0.0,0.0,0.0,1.0,24.0,,,,0,1
México,MEX,América del Norte,Caña de azúcar,2018,522417,70.88,37030900,145,8404,0.032945746891742,13.3,19.1,1.6,442.0,60.0,110.0,11.0,9.23,0.0,0.0,0.0,0.0,0.0,0.0,0.0,0.0,0.0,0.0,0.0,1,0,0,0,1,0,0,1,0,0.0,1.0,0.0,0.0,0.0,1.0,24.0,,,,0,1
México,MEX,América del Norte,Café,2018,265723,1.01,269198,249,4311,0.0413353846167058,13.3,19.1,1.6,442.0,60.0,110.0,11.0,9.23,0.0,0.0,0.0,0.0,0.0,0.0,0.0,0.0,0.0,0.0,0.0,1,0,0,0,1,0,0,1,0,0.0,1.0,0.0,0.0,0.0,1.0,24.0,,,,0,1
México,MEX,América del Norte,Trigo,2018,233211,7.08,1650061,137,8921,0.0232441066755943,13.3,19.1,1.6,442.0,60.0,110.0,11.0,9.23,0.0,0.0,0.0,0.0,0.0,0.0,0.0,0.0,0.0,0.0,0.0,1,0,0,0,1,0,0,1,0,0.0,1.0,0.0,0.0,0.0,1.0,24.0,301.34,352.45,40.55,0,0
México,MEX,América del Norte,Soja,2018,6886929,3.07,21167156,290,9456,0.0176717288737895,13.3,19.1,1.6,442.0,60.0,110.0,11.0,9.23,0.0,0.0,0.0,0.0,0.0,0.0,0.0,0.0,0.0,0.0,0.0,1,0,0,0,1,0,0,1,0,0.0,1.0,0.0,0.0,0.0,1.0,24.0,505.39,549.2,27.64,0,0
México,MEX,América del Norte,Arroz,2018,146647,5.88,861831,51,6095,0.0432337344020828,13.3,19.1,1.6,442.0,60.0,110.0,11.0,9.23,0.0,0.0,0.0,0.0,0.0,0.0,0.0,0.0,0.0,0.0,0.0,1,0,0,0,1,0,0,1,0,0.0,1.0,0.0,0.0,0.0,1.0,24.0,346.85,416.05,36.19,0,0
México,MEX,América del Norte,Algodón,2019,2839404,3.77,10700337,76,9529,0.0266180184922995,18.6,24.2,7.9,489.0,55.0,99.0,8.0,7.3,1.0,0.0,0.0,0.0,0.0,0.0,1.0,0.0,0.0,0.0,1.0,1,0,0,0,1,0,0,1,0,0.0,1.0,0.0,0.0,0.0,1.0,24.0,,,,0,1
México,MEX,América del Norte,Maíz,2019,556693,7.28,4052707,132,4285,-0.0307454360376541,18.6,24.2,7.9,489.0,55.0,99.0,8.0,7.3,1.0,0.0,0.0,0.0,0.0,0.0,1.0,0.0,0.0,0.0,1.0,1,0,0,0,1,0,0,1,0,0.0,1.0,0.0,0.0,0.0,1.0,24.0,205.39,236.06,22.04,0,0
México,MEX,América del Norte,Cebada,2019,637786,5.18,3304838,90,5483,-0.0385539606099898,18.6,24.2,7.9,489.0,55.0,99.0,8.0,7.3,1.0,0.0,0.0,0.0,0.0,0.0,1.0,0.0,0.0,0.0,1.0,1,0,0,0,1,0,0,1,0,0.0,1.0,0.0,0.0,0.0,1.0,24.0,,,,0,1
México,MEX,América del Norte,Caña de azúcar,2019,12041881,76.58,922178053,131,5440,-0.0358443171208517,18.6,24.2,7.9,489.0,55.0,99.0,8.0,7.3,1.0,0.0,0.0,0.0,0.0,0.0,1.0,0.0,0.0,0.0,1.0,1,0,0,0,1,0,0,1,0,0.0,1.0,0.0,0.0,0.0,1.0,24.0,,,,0,1
México,MEX,América del Norte,Café,2019,171281,1.35,231306,278,6549,0.0040577102032658,18.6,24.2,7.9,489.0,55.0,99.0,8.0,7.3,1.0,0.0,0.0,0.0,0.0,0.0,1.0,0.0,0.0,0.0,1.0,1,0,0,0,1,0,0,1,0,0.0,1.0,0.0,0.0,0.0,1.0,24.0,,,,0,1
México,MEX,América del Norte,Trigo,2019,224613,4.55,1022593,63,2410,-0.0073534254789972,18.6,24.2,7.9,489.0,55.0,99.0,8.0,7.3,1.0,0.0,0.0,0.0,0.0,0.0,1.0,0.0,0.0,0.0,1.0,1,0,0,0,1,0,0,1,0,0.0,1.0,0.0,0.0,0.0,1.0,24.0,301.34,352.45,40.55,0,0
México,MEX,América del Norte,Soja,2019,4569945,4.76,21758667,164,6826,-0.0187559348848968,18.6,24.2,7.9,489.0,55.0,99.0,8.0,7.3,1.0,0.0,0.0,0.0,0.0,0.0,1.0,0.0,0.0,0.0,1.0,1,0,0,0,1,0,0,1,0,0.0,1.0,0.0,0.0,0.0,1.0,24.0,505.39,549.2,27.64,0,0
México,MEX,América del Norte,Arroz,2019,3400799,6.02,20480001,245,8629,0.0067789302258158,18.6,24.2,7.9,489.0,55.0,99.0,8.0,7.3,1.0,0.0,0.0,0.0,0.0,0.0,1.0,0.0,0.0,0.0,1.0,1,0,0,0,1,0,0,1,0,0.0,1.0,0.0,0.0,0.0,1.0,24.0,346.85,416.05,36.19,0,0
México,MEX,América del Norte,Algodón,2020,2514368,2.49,6267890,231,8625,-0.0029454125227822,12.0,17.7,1.2,427.0,69.0,80.0,10.0,9.88,0.0,0.0,0.0,0.0,0.0,0.0,0.0,0.0,0.0,0.0,0.0,1,0,0,0,1,0,0,1,0,0.0,1.0,0.0,0.0,0.0,1.0,24.0,,,,0,1
México,MEX,América del Norte,Maíz,2020,3289794,10.62,34938986,150,4004,0.0199614621082428,12.0,17.7,1.2,427.0,69.0,80.0,10.0,9.88,0.0,0.0,0.0,0.0,0.0,0.0,0.0,0.0,0.0,0.0,0.0,1,0,0,0,1,0,0,1,0,0.0,1.0,0.0,0.0,0.0,1.0,24.0,205.39,236.06,22.04,0,0
México,MEX,América del Norte,Cebada,2020,1892781,5.11,9666690,66,8787,-0.0387112942699783,12.0,17.7,1.2,427.0,69.0,80.0,10.0,9.88,0.0,0.0,0.0,0.0,0.0,0.0,0.0,0.0,0.0,0.0,0.0,1,0,0,0,1,0,0,1,0,0.0,1.0,0.0,0.0,0.0,1.0,24.0,,,,0,1
México,MEX,América del Norte,Caña de azúcar,2020,2990681,73.9,220999233,180,2686,-0.0094314017761104,12.0,17.7,1.2,427.0,69.0,80.0,10.0,9.88,0.0,0.0,0.0,0.0,0.0,0.0,0.0,0.0,0.0,0.0,0.0,1,0,0,0,1,0,0,1,0,0.0,1.0,0.0,0.0,0.0,1.0,24.0,,,,0,1
México,MEX,América del Norte,Café,2020,66721,1.33,88583,186,8552,-0.0099183525215566,12.0,17.7,1.2,427.0,69.0,80.0,10.0,9.88,0.0,0.0,0.0,0.0,0.0,0.0,0.0,0.0,0.0,0.0,0.0,1,0,0,0,1,0,0,1,0,0.0,1.0,0.0,0.0,0.0,1.0,24.0,,,,0,1
México,MEX,América del Norte,Trigo,2020,2078143,6.07,12615934,137,4411,0.0313915704891531,12.0,17.7,1.2,427.0,69.0,80.0,10.0,9.88,0.0,0.0,0.0,0.0,0.0,0.0,0.0,0.0,0.0,0.0,0.0,1,0,0,0,1,0,0,1,0,0.0,1.0,0.0,0.0,0.0,1.0,24.0,301.34,352.45,40.55,0,0
México,MEX,América del Norte,Soja,2020,7290204,4.36,31810766,227,4869,-0.0326914543937055,12.0,17.7,1.2,427.0,69.0,80.0,10.0,9.88,0.0,0.0,0.0,0.0,0.0,0.0,0.0,0.0,0.0,0.0,0.0,1,0,0,0,1,0,0,1,0,0.0,1.0,0.0,0.0,0.0,1.0,24.0,505.39,549.2,27.64,0,0
México,MEX,América del Norte,Arroz,2020,3425226,5.85,20035304,168,6330,0.0055087701213761,12.0,17.7,1.2,427.0,69.0,80.0,10.0,9.88,0.0,0.0,0.0,0.0,0.0,0.0,0.0,0.0,0.0,0.0,0.0,1,0,0,0,1,0,0,1,0,0.0,1.0,0.0,0.0,0.0,1.0,24.0,346.85,416.05,36.19,0,0
Kenia,KEN,África,Caña de azúcar,2011,6498890,73.18,475577149,105,3276,0.0387261536574124,21.9,36.1,7.6,1055.0,51.0,11.0,1.0,13.38,0.0,0.0,0.0,0.0,0.0,0.0,0.0,0.0,0.0,0.0,0.0,0,0,0,0,0,0,0,0,0,0.0,0.0,0.0,0.0,1.0,0.0,0.0,,,,0,1
Kenia,KEN,África,Trigo,2011,22088,6.87,151639,124,7389,0.0115572166278447,21.9,36.1,7.6,1055.0,51.0,11.0,1.0,13.38,0.0,0.0,0.0,0.0,0.0,0.0,0.0,0.0,0.0,0.0,0.0,0,0,0,0,0,0,0,0,0,0.0,0.0,0.0,0.0,1.0,0.0,0.0,287.94,335.98,35.05,0,0
Kenia,KEN,África,Cebada,2011,437331,4.62,2021500,283,5989,0.0418501622552672,21.9,36.1,7.6,1055.0,51.0,11.0,1.0,13.38,0.0,0.0,0.0,0.0,0.0,0.0,0.0,0.0,0.0,0.0,0.0,0,0,0,0,0,0,0,0,0,0.0,0.0,0.0,0.0,1.0,0.0,0.0,,,,0,1
Kenia,KEN,África,Arroz,2011,1492965,7.44,11111258,180,7622,0.0347636745330361,21.9,36.1,7.6,1055.0,51.0,11.0,1.0,13.38,0.0,0.0,0.0,0.0,0.0,0.0,0.0,0.0,0.0,0.0,0.0,0,0,0,0,0,0,0,0,0,0.0,0.0,0.0,0.0,1.0,0.0,0.0,358.87,404.37,25.93,0,0
Kenia,KEN,África,Maíz,2011,1173027,4.93,5783545,230,6885,-0.039030168308878,21.9,36.1,7.6,1055.0,51.0,11.0,1.0,13.38,0.0,0.0,0.0,0.0,0.0,0.0,0.0,0.0,0.0,0.0,0.0,0,0,0,0,0,0,0,0,0,0.0,0.0,0.0,0.0,1.0,0.0,0.0,205.52,227.99,21.14,0,0
Kenia,KEN,África,Té,2011,16749,1.54,25776,131,7271,-0.0093967345494292,21.9,36.1,7.6,1055.0,51.0,11.0,1.0,13.38,0.0,0.0,0.0,0.0,0.0,0.0,0.0,0.0,0.0,0.0,0.0,0,0,0,0,0,0,0,0,0,0.0,0.0,0.0,0.0,1.0,0.0,0.0,,,,0,1
Kenia,KEN,África,Girasol,2011,1784943,2.54,4524849,148,6902,0.0339962686726715,21.9,36.1,7.6,1055.0,51.0,11.0,1.0,13.38,0.0,0.0,0.0,0.0,0.0,0.0,0.0,0.0,0.0,0.0,0.0,0,0,0,0,0,0,0,0,0,0.0,0.0,0.0,0.0,1.0,0.0,0.0,,,,0,1
Kenia,KEN,África,Café,2011,452929,1.37,620110,54,3359,0.0221339232361977,21.9,36.1,7.6,1055.0,51.0,11.0,1.0,13.38,0.0,0.0,0.0,0.0,0.0,0.0,0.0,0.0,0.0,0.0,0.0,0,0,0,0,0,0,0,0,0,0.0,0.0,0.0,0.0,1.0,0.0,0.0,,,,0,1
Kenia,KEN,África,Caña de azúcar,2012,7400951,90.22,667689700,256,7813,0.036015276205561,20.6,30.9,10.8,440.0,52.0,90.0,11.0,5.93,3.0,1.0,0.0,0.0,0.0,0.0,1.0,0.0,1.0,0.0,1.0,0,0,0,0,0,0,0,0,0,0.0,0.0,0.0,0.0,1.0,0.0,0.0,,,,0,1
Kenia,KEN,África,Trigo,2012,3770500,5.51,20762360,259,8373,-0.0115285282169973,20.6,30.9,10.8,440.0,52.0,90.0,11.0,5.93,3.0,1.0,0.0,0.0,0.0,0.0,1.0,0.0,1.0,0.0,1.0,0,0,0,0,0,0,0,0,0,0.0,0.0,0.0,0.0,1.0,0.0,0.0,287.94,335.98,35.05,0,0
Kenia,KEN,África,Cebada,2012,880268,5.26,4625930,110,9220,-0.0230749551871137,20.6,30.9,10.8,440.0,52.0,90.0,11.0,5.93,3.0,1.0,0.0,0.0,0.0,0.0,1.0,0.0,1.0,0.0,1.0,0,0,0,0,0,0,0,0,0,0.0,0.0,0.0,0.0,1.0,0.0,0.0,,,,0,1
Kenia,KEN,África,Arroz,2012,2556896,6.2,15855100,230,7038,-0.0386835630385065,20.6,30.9,10.8,440.0,52.0,90.0,11.0,5.93,3.0,1.0,0.0,0.0,0.0,0.0,1.0,0.0,1.0,0.0,1.0,0,0,0,0,0,0,0,0,0,0.0,0.0,0.0,0.0,1.0,0.0,0.0,358.87,404.37,25.93,0,0
Kenia,KEN,África,Maíz,2012,1455027,5.0,7271222,242,5578,-0.0035063672684508,20.6,30.9,10.8,440.0,52.0,90.0,11.0,5.93,3.0,1.0,0.0,0.0,0.0,0.0,1.0,0.0,1.0,0.0,1.0,0,0,0,0,0,0,0,0,0,0.0,0.0,0.0,0.0,1.0,0.0,0.0,205.52,227.99,21.14,0,0
Kenia,KEN,África,Té,2012,45374,1.65,74658,221,2279,0.0184074019146618,20.6,30.9,10.8,440.0,52.0,90.0,11.0,5.93,3.0,1.0,0.0,0.0,0.0,0.0,1.0,0.0,1.0,0.0,1.0,0,0,0,0,0,0,0,0,0,0.0,0.0,0.0,0.0,1.0,0.0,0.0,,,,0,1
Kenia,KEN,África,Girasol,2012,4940331,1.66,8215576,249,1176,-0.0031131189658978,20.6,30.9,10.8,440.0,52.0,90.0,11.0,5.93,3.0,1.0,0.0,0.0,0.0,0.0,1.0,0.0,1.0,0.0,1.0,0,0,0,0,0,0,0,0,0,0.0,0.0,0.0,0.0,1.0,0.0,0.0,,,,0,1
Kenia,KEN,África,Café,2012,249802,1.47,366972,300,5827,-0.0210791556779234,20.6,30.9,10.8,440.0,52.0,90.0,11.0,5.93,3.0,1.0,0.0,0.0,0.0,0.0,1.0,0.0,1.0,0.0,1.0,0,0,0,0,0,0,0,0,0,0.0,0.0,0.0,0.0,1.0,0.0,0.0,,,,0,1
Kenia,KEN,África,Caña de azúcar,2013,4836926,92.28,446340871,171,3770,0.0072859995451717,23.9,33.3,13.8,939.0,45.0,22.0,0.0,10.91,0.0,0.0,0.0,0.0,0.0,0.0,0.0,0.0,0.0,0.0,0.0,0,0,0,0,0,0,0,0,0,0.0,0.0,0.0,0.0,1.0,0.0,0.0,,,,0,1
Kenia,KEN,África,Trigo,2013,2563490,6.73,17262710,71,3077,0.0005596109307276,23.9,33.3,13.8,939.0,45.0,22.0,0.0,10.91,0.0,0.0,0.0,0.0,0.0,0.0,0.0,0.0,0.0,0.0,0.0,0,0,0,0,0,0,0,0,0,0.0,0.0,0.0,0.0,1.0,0.0,0.0,287.94,335.98,35.05,0,0
Kenia,KEN,África,Cebada,2013,628392,3.3,2073817,115,1232,0.0241429165836791,23.9,33.3,13.8,939.0,45.0,22.0,0.0,10.91,0.0,0.0,0.0,0.0,0.0,0.0,0.0,0.0,0.0,0.0,0.0,0,0,0,0,0,0,0,0,0,0.0,0.0,0.0,0.0,1.0,0.0,0.0,,,,0,1
Kenia,KEN,África,Arroz,2013,2569032,6.35,16324468,94,5280,0.0282527705287746,23.9,33.3,13.8,939.0,45.0,22.0,0.0,10.91,0.0,0.0,0.0,0.0,0.0,0.0,0.0,0.0,0.0,0.0,0.0,0,0,0,0,0,0,0,0,0,0.0,0.0,0.0,0.0,1.0,0.0,0.0,358.87,404.37,25.93,0,0
Kenia,KEN,África,Maíz,2013,3057111,9.38,28664605,71,3376,0.0095544091864987,23.9,33.3,13.8,939.0,45.0,22.0,0.0,10.91,0.0,0.0,0.0,0.0,0.0,0.0,0.0,0.0,0.0,0.0,0.0,0,0,0,0,0,0,0,0,0,0.0,0.0,0.0,0.0,1.0,0.0,0.0,205.52,227.99,21.14,0,0
Kenia,KEN,África,Té,2013,277349,2.33,647198,219,8211,0.0225999091845562,23.9,33.3,13.8,939.0,45.0,22.0,0.0,10.91,0.0,0.0,0.0,0.0,0.0,0.0,0.0,0.0,0.0,0.0,0.0,0,0,0,0,0,0,0,0,0,0.0,0.0,0.0,0.0,1.0,0.0,0.0,,,,0,1
Kenia,KEN,África,Girasol,2013,4689013,2.9,13615017,243,2900,-0.0447476803007719,23.9,33.3,13.8,939.0,45.0,22.0,0.0,10.91,0.0,0.0,0.0,0.0,0.0,0.0,0.0,0.0,0.0,0.0,0.0,0,0,0,0,0,0,0,0,0,0.0,0.0,0.0,0.0,1.0,0.0,0.0,,,,0,1
Kenia,KEN,África,Café,2013,253096,1.3,329794,186,4828,-0.0120199205849245,23.9,33.3,13.8,939.0,45.0,22.0,0.0,10.91,0.0,0.0,0.0,0.0,0.0,0.0,0.0,0.0,0.0,0.0,0.0,0,0,0,0,0,0,0,0,0,0.0,0.0,0.0,0.0,1.0,0.0,0.0,,,,0,1
Kenia,KEN,África,Caña de azúcar,2014,8470852,75.18,636827012,123,8353,-0.0117995905291338,25.7,32.6,17.5,634.0,54.0,20.0,4.0,6.85,1.0,0.0,0.0,0.0,0.0,0.0,0.0,0.0,1.0,0.0,1.0,0,0,0,0,0,0,0,0,0,0.0,0.0,0.0,0.0,1.0,0.0,0.0,,,,0,1
Kenia,KEN,África,Trigo,2014,4393220,5.6,24609219,213,6797,0.0456183655889625,25.7,32.6,17.5,634.0,54.0,20.0,4.0,6.85,1.0,0.0,0.0,0.0,0.0,0.0,0.0,0.0,1.0,0.0,1.0,0,0,0,0,0,0,0,0,0,0.0,0.0,0.0,0.0,1.0,0.0,0.0,287.94,335.98,35.05,0,0
Kenia,KEN,África,Cebada,2014,1942573,4.05,7862929,255,2610,-0.024465608109278,25.7,32.6,17.5,634.0,54.0,20.0,4.0,6.85,1.0,0.0,0.0,0.0,0.0,0.0,0.0,0.0,1.0,0.0,1.0,0,0,0,0,0,0,0,0,0,0.0,0.0,0.0,0.0,1.0,0.0,0.0,,,,0,1
Kenia,KEN,África,Arroz,2014,2016633,7.44,14998870,200,4193,0.001995232207631,25.7,32.6,17.5,634.0,54.0,20.0,4.0,6.85,1.0,0.0,0.0,0.0,0.0,0.0,0.0,0.0,1.0,0.0,1.0,0,0,0,0,0,0,0,0,0,0.0,0.0,0.0,0.0,1.0,0.0,0.0,358.87,404.37,25.93,0,0
Kenia,KEN,África,Maíz,2014,3295354,3.56,11732977,67,1195,-0.0088751233386257,25.7,32.6,17.5,634.0,54.0,20.0,4.0,6.85,1.0,0.0,0.0,0.0,0.0,0.0,0.0,0.0,1.0,0.0,1.0,0,0,0,0,0,0,0,0,0,0.0,0.0,0.0,0.0,1.0,0.0,0.0,205.52,227.99,21.14,0,0
Kenia,KEN,África,Té,2014,240227,1.72,412781,58,1388,0.0119397223680774,25.7,32.6,17.5,634.0,54.0,20.0,4.0,6.85,1.0,0.0,0.0,0.0,0.0,0.0,0.0,0.0,1.0,0.0,1.0,0,0,0,0,0,0,0,0,0,0.0,0.0,0.0,0.0,1.0,0.0,0.0,,,,0,1
Kenia,KEN,África,Girasol,2014,4660007,3.62,16878127,213,2995,0.0208075105829502,25.7,32.6,17.5,634.0,54.0,20.0,4.0,6.85,1.0,0.0,0.0,0.0,0.0,0.0,0.0,0.0,1.0,0.0,1.0,0,0,0,0,0,0,0,0,0,0.0,0.0,0.0,0.0,1.0,0.0,0.0,,,,0,1
Kenia,KEN,África,Café,2014,425342,1.75,745690,215,4027,0.0396001630357243,25.7,32.6,17.5,634.0,54.0,20.0,4.0,6.85,1.0,0.0,0.0,0.0,0.0,0.0,0.0,0.0,1.0,0.0,1.0,0,0,0,0,0,0,0,0,0,0.0,0.0,0.0,0.0,1.0,0.0,0.0,,,,0,1
Kenia,KEN,África,Caña de azúcar,2015,4584607,72.14,330727375,166,5528,0.0269359129868324,15.3,24.6,2.1,1257.0,55.0,67.0,1.0,22.82,0.0,0.0,0.0,0.0,0.0,0.0,0.0,0.0,0.0,0.0,0.0,0,0,0,0,0,0,0,0,0,0.0,0.0,0.0,0.0,1.0,0.0,0.0,,,,0,1
Kenia,KEN,África,Trigo,2015,2938483,3.68,10809525,65,7271,-0.0111409572268614,15.3,24.6,2.1,1257.0,55.0,67.0,1.0,22.82,0.0,0.0,0.0,0.0,0.0,0.0,0.0,0.0,0.0,0.0,0.0,0,0,0,0,0,0,0,0,0,0.0,0.0,0.0,0.0,1.0,0.0,0.0,287.94,335.98,35.05,0,0
Kenia,KEN,África,Cebada,2015,632997,5.2,3291619,175,4287,0.0110301884953934,15.3,24.6,2.1,1257.0,55.0,67.0,1.0,22.82,0.0,0.0,0.0,0.0,0.0,0.0,0.0,0.0,0.0,0.0,0.0,0,0,0,0,0,0,0,0,0,0.0,0.0,0.0,0.0,1.0,0.0,0.0,,,,0,1
Kenia,KEN,África,Arroz,2015,1961485,4.3,8444066,207,2740,0.0412609222841126,15.3,24.6,2.1,1257.0,55.0,67.0,1.0,22.82,0.0,0.0,0.0,0.0,0.0,0.0,0.0,0.0,0.0,0.0,0.0,0,0,0,0,0,0,0,0,0,0.0,0.0,0.0,0.0,1.0,0.0,0.0,358.87,404.37,25.93,0,0
Kenia,KEN,África,Maíz,2015,1982022,2.87,5688373,248,8305,-0.0481235206898209,15.3,24.6,2.1,1257.0,55.0,67.0,1.0,22.82,0.0,0.0,0.0,0.0,0.0,0.0,0.0,0.0,0.0,0.0,0.0,0,0,0,0,0,0,0,0,0,0.0,0.0,0.0,0.0,1.0,0.0,0.0,205.52,227.99,21.14,0,0
Kenia,KEN,África,Té,2015,977,2.84,2775,229,6403,0.0404617543453949,15.3,24.6,2.1,1257.0,55.0,67.0,1.0,22.82,0.0,0.0,0.0,0.0,0.0,0.0,0.0,0.0,0.0,0.0,0.0,0,0,0,0,0,0,0,0,0,0.0,0.0,0.0,0.0,1.0,0.0,0.0,,,,0,1
Kenia,KEN,África,Girasol,2015,4525872,3.21,14528132,153,2148,0.0040128717019012,15.3,24.6,2.1,1257.0,55.0,67.0,1.0,22.82,0.0,0.0,0.0,0.0,0.0,0.0,0.0,0.0,0.0,0.0,0.0,0,0,0,0,0,0,0,0,0,0.0,0.0,0.0,0.0,1.0,0.0,0.0,,,,0,1
Kenia,KEN,África,Café,2015,327831,2.16,709233,289,6880,-0.0166560287163885,15.3,24.6,2.1,1257.0,55.0,67.0,1.0,22.82,0.0,0.0,0.0,0.0,0.0,0.0,0.0,0.0,0.0,0.0,0.0,0,0,0,0,0,0,0,0,0,0.0,0.0,0.0,0.0,1.0,0.0,0.0,,,,0,1
Kenia,KEN,África,Caña de azúcar,2016,909055,101.68,92429766,186,6571,-0.0419543215325612,10.7,19.1,-1.6,1249.0,79.0,96.0,3.0,32.42,1.0,0.0,0.0,0.0,0.0,0.0,0.0,0.0,1.0,0.0,1.0,0,0,0,0,0,0,0,0,0,0.0,0.0,0.0,0.0,1.0,0.0,0.0,,,,0,1
Kenia,KEN,África,Trigo,2016,2496554,4.42,11027203,148,4129,-0.020112965482561,10.7,19.1,-1.6,1249.0,79.0,96.0,3.0,32.42,1.0,0.0,0.0,0.0,0.0,0.0,0.0,0.0,1.0,0.0,1.0,0,0,0,0,0,0,0,0,0,0.0,0.0,0.0,0.0,1.0,0.0,0.0,287.94,335.98,35.05,0,0
Kenia,KEN,África,Cebada,2016,228229,3.89,887567,211,8175,0.0235324183027926,10.7,19.1,-1.6,1249.0,79.0,96.0,3.0,32.42,1.0,0.0,0.0,0.0,0.0,0.0,0.0,0.0,1.0,0.0,1.0,0,0,0,0,0,0,0,0,0,0.0,0.0,0.0,0.0,1.0,0.0,0.0,,,,0,1
Kenia,KEN,África,Arroz,2016,757967,4.5,3412468,149,2032,0.0292739171836912,10.7,19.1,-1.6,1249.0,79.0,96.0,3.0,32.42,1.0,0.0,0.0,0.0,0.0,0.0,0.0,0.0,1.0,0.0,1.0,0,0,0,0,0,0,0,0,0,0.0,0.0,0.0,0.0,1.0,0.0,0.0,358.87,404.37,25.93,0,0
Kenia,KEN,África,Maíz,2016,9121935,7.52,68617313,54,1606,-0.0160714894115519,10.7,19.1,-1.6,1249.0,79.0,96.0,3.0,32.42,1.0,0.0,0.0,0.0,0.0,0.0,0.0,0.0,1.0,0.0,1.0,0,0,0,0,0,0,0,0,0,0.0,0.0,0.0,0.0,1.0,0.0,0.0,205.52,227.99,21.14,0,0
Kenia,KEN,África,Té,2016,22521,1.68,37747,183,8509,0.0440089789614661,10.7,19.1,-1.6,1249.0,79.0,96.0,3.0,32.42,1.0,0.0,0.0,0.0,0.0,0.0,0.0,0.0,1.0,0.0,1.0,0,0,0,0,0,0,0,0,0,0.0,0.0,0.0,0.0,1.0,0.0,0.0,,,,0,1
Kenia,KEN,África,Girasol,2016,5185918,2.09,10845703,59,3319,-0.0011105286673966,10.7,19.1,-1.6,1249.0,79.0,96.0,3.0,32.42,1.0,0.0,0.0,0.0,0.0,0.0,0.0,0.0,1.0,0.0,1.0,0,0,0,0,0,0,0,0,0,0.0,0.0,0.0,0.0,1.0,0.0,0.0,,,,0,1
Kenia,KEN,África,Café,2016,424681,2.03,860857,83,1235,-0.03277509910415,10.7,19.1,-1.6,1249.0,79.0,96.0,3.0,32.42,1.0,0.0,0.0,0.0,0.0,0.0,0.0,0.0,1.0,0.0,1.0,0,0,0,0,0,0,0,0,0,0.0,0.0,0.0,0.0,1.0,0.0,0.0,,,,0,1
Kenia,KEN,África,Caña de azúcar,2017,4565601,94.7,432385185,263,2047,0.0317800177763926,23.1,37.3,14.5,430.0,83.0,77.0,12.0,5.17,3.0,0.0,1.0,0.0,0.0,1.0,0.0,0.0,1.0,0.0,1.0,0,0,0,0,0,0,0,0,0,0.0,0.0,0.0,0.0,1.0,0.0,0.0,,,,0,1
Kenia,KEN,África,Trigo,2017,3778155,5.06,19131400,101,7983,-0.0162656889770023,23.1,37.3,14.5,430.0,83.0,77.0,12.0,5.17,3.0,0.0,1.0,0.0,0.0,1.0,0.0,0.0,1.0,0.0,1.0,0,0,0,0,0,0,0,0,0,0.0,0.0,0.0,0.0,1.0,0.0,0.0,287.94,335.98,35.05,0,0
Kenia,KEN,África,Cebada,2017,1805472,5.18,9349852,197,9943,-0.0362670598018244,23.1,37.3,14.5,430.0,83.0,77.0,12.0,5.17,3.0,0.0,1.0,0.0,0.0,1.0,0.0,0.0,1.0,0.0,1.0,0,0,0,0,0,0,0,0,0,0.0,0.0,0.0,0.0,1.0,0.0,0.0,,,,0,1
Kenia,KEN,África,Arroz,2017,1051878,6.2,6526783,80,5487,-0.0358763197380676,23.1,37.3,14.5,430.0,83.0,77.0,12.0,5.17,3.0,0.0,1.0,0.0,0.0,1.0,0.0,0.0,1.0,0.0,1.0,0,0,0,0,0,0,0,0,0,0.0,0.0,0.0,0.0,1.0,0.0,0.0,358.87,404.37,25.93,0,0
Kenia,KEN,África,Maíz,2017,6339875,7.56,47938790,60,3185,-0.0400032149321941,23.1,37.3,14.5,430.0,83.0,77.0,12.0,5.17,3.0,0.0,1.0,0.0,0.0,1.0,0.0,0.0,1.0,0.0,1.0,0,0,0,0,0,0,0,0,0,0.0,0.0,0.0,0.0,1.0,0.0,0.0,205.52,227.99,21.14,0,0
Kenia,KEN,África,Té,2017,230812,2.05,473667,51,1118,-0.0320587143852286,23.1,37.3,14.5,430.0,83.0,77.0,12.0,5.17,3.0,0.0,1.0,0.0,0.0,1.0,0.0,0.0,1.0,0.0,1.0,0,0,0,0,0,0,0,0,0,0.0,0.0,0.0,0.0,1.0,0.0,0.0,,,,0,1
Kenia,KEN,África,Girasol,2017,4472267,3.46,15455828,247,8798,0.019235833083758,23.1,37.3,14.5,430.0,83.0,77.0,12.0,5.17,3.0,0.0,1.0,0.0,0.0,1.0,0.0,0.0,1.0,0.0,1.0,0,0,0,0,0,0,0,0,0,0.0,0.0,0.0,0.0,1.0,0.0,0.0,,,,0,1
Kenia,KEN,África,Café,2017,314278,0.94,295845,94,1616,0.0096271970719102,23.1,37.3,14.5,430.0,83.0,77.0,12.0,5.17,3.0,0.0,1.0,0.0,0.0,1.0,0.0,0.0,1.0,0.0,1.0,0,0,0,0,0,0,0,0,0,0.0,0.0,0.0,0.0,1.0,0.0,0.0,,,,0,1
Kenia,KEN,África,Caña de azúcar,2018,1686198,103.71,174870717,51,4860,-0.0308097138125391,19.5,32.6,10.8,430.0,59.0,97.0,11.0,6.13,0.0,0.0,0.0,0.0,0.0,0.0,0.0,0.0,0.0,0.0,0.0,1,0,0,0,0,0,0,1,0,0.0,0.0,0.0,0.0,1.0,0.0,0.0,,,,0,1
Kenia,KEN,África,Trigo,2018,1036704,7.5,7773153,179,4592,-0.0035783992928778,19.5,32.6,10.8,430.0,59.0,97.0,11.0,6.13,0.0,0.0,0.0,0.0,0.0,0.0,0.0,0.0,0.0,0.0,0.0,1,0,0,0,0,0,0,1,0,0.0,0.0,0.0,0.0,1.0,0.0,0.0,287.94,335.98,35.05,0,0
Kenia,KEN,África,Cebada,2018,483043,3.31,1600530,225,8772,-0.000248516219613,19.5,32.6,10.8,430.0,59.0,97.0,11.0,6.13,0.0,0.0,0.0,0.0,0.0,0.0,0.0,0.0,0.0,0.0,0.0,1,0,0,0,0,0,0,1,0,0.0,0.0,0.0,0.0,1.0,0.0,0.0,,,,0,1
Kenia,KEN,África,Arroz,2018,173252,3.59,622506,114,6477,0.0116819350459826,19.5,32.6,10.8,430.0,59.0,97.0,11.0,6.13,0.0,0.0,0.0,0.0,0.0,0.0,0.0,0.0,0.0,0.0,0.0,1,0,0,0,0,0,0,1,0,0.0,0.0,0.0,0.0,1.0,0.0,0.0,358.87,404.37,25.93,0,0
Kenia,KEN,África,Maíz,2018,9348544,4.08,38164444,95,3589,0.0285492018081733,19.5,32.6,10.8,430.0,59.0,97.0,11.0,6.13,0.0,0.0,0.0,0.0,0.0,0.0,0.0,0.0,0.0,0.0,0.0,1,0,0,0,0,0,0,1,0,0.0,0.0,0.0,0.0,1.0,0.0,0.0,205.52,227.99,21.14,0,0
Kenia,KEN,África,Té,2018,63469,1.0,63718,198,6340,-0.0080933725843195,19.5,32.6,10.8,430.0,59.0,97.0,11.0,6.13,0.0,0.0,0.0,0.0,0.0,0.0,0.0,0.0,0.0,0.0,0.0,1,0,0,0,0,0,0,1,0,0.0,0.0,0.0,0.0,1.0,0.0,0.0,,,,0,1
Kenia,KEN,África,Girasol,2018,3146677,1.52,4780870,110,7759,0.0369886302947668,19.5,32.6,10.8,430.0,59.0,97.0,11.0,6.13,0.0,0.0,0.0,0.0,0.0,0.0,0.0,0.0,0.0,0.0,0.0,1,0,0,0,0,0,0,1,0,0.0,0.0,0.0,0.0,1.0,0.0,0.0,,,,0,1
Kenia,KEN,África,Café,2018,115552,0.58,66977,161,3374,-0.0283834837914354,19.5,32.6,10.8,430.0,59.0,97.0,11.0,6.13,0.0,0.0,0.0,0.0,0.0,0.0,0.0,0.0,0.0,0.0,0.0,1,0,0,0,0,0,0,1,0,0.0,0.0,0.0,0.0,1.0,0.0,0.0,,,,0,1
Kenia,KEN,África,Caña de azúcar,2019,3291975,75.82,249612599,211,6875,0.0475555891317833,18.1,26.3,5.1,851.0,65.0,59.0,3.0,13.06,3.0,1.0,1.0,0.0,1.0,0.0,0.0,0.0,0.0,0.0,1.0,1,0,0,0,0,0,1,1,0,0.0,0.0,0.0,0.0,1.0,0.0,0.0,,,,0,1
Kenia,KEN,África,Trigo,2019,994109,2.1,2092115,78,8627,-0.0041421075029493,18.1,26.3,5.1,851.0,65.0,59.0,3.0,13.06,3.0,1.0,1.0,0.0,1.0,0.0,0.0,0.0,0.0,0.0,1.0,1,0,0,0,0,0,1,1,0,0.0,0.0,0.0,0.0,1.0,0.0,0.0,287.94,335.98,35.05,0,0
Kenia,KEN,África,Cebada,2019,654159,2.69,1761352,253,3784,0.0078121445850549,18.1,26.3,5.1,851.0,65.0,59.0,3.0,13.06,3.0,1.0,1.0,0.0,1.0,0.0,0.0,0.0,0.0,0.0,1.0,1,0,0,0,0,0,1,1,0,0.0,0.0,0.0,0.0,1.0,0.0,0.0,,,,0,1
Kenia,KEN,África,Arroz,2019,1042436,4.85,5057766,105,8757,0.0336989026239238,18.1,26.3,5.1,851.0,65.0,59.0,3.0,13.06,3.0,1.0,1.0,0.0,1.0,0.0,0.0,0.0,0.0,0.0,1.0,1,0,0,0,0,0,1,1,0,0.0,0.0,0.0,0.0,1.0,0.0,0.0,358.87,404.37,25.93,0,0
Kenia,KEN,África,Maíz,2019,6895963,6.95,47908968,198,4643,0.0391822628136572,18.1,26.3,5.1,851.0,65.0,59.0,3.0,13.06,3.0,1.0,1.0,0.0,1.0,0.0,0.0,0.0,0.0,0.0,1.0,1,0,0,0,0,0,1,1,0,0.0,0.0,0.0,0.0,1.0,0.0,0.0,205.52,227.99,21.14,0,0
Kenia,KEN,África,Té,2019,85652,3.2,273835,61,1656,0.0491273503531907,18.1,26.3,5.1,851.0,65.0,59.0,3.0,13.06,3.0,1.0,1.0,0.0,1.0,0.0,0.0,0.0,0.0,0.0,1.0,1,0,0,0,0,0,1,1,0,0.0,0.0,0.0,0.0,1.0,0.0,0.0,,,,0,1
Kenia,KEN,África,Girasol,2019,4920022,1.58,7758298,254,2605,-0.004755863178309,18.1,26.3,5.1,851.0,65.0,59.0,3.0,13.06,3.0,1.0,1.0,0.0,1.0,0.0,0.0,0.0,0.0,0.0,1.0,1,0,0,0,0,0,1,1,0,0.0,0.0,0.0,0.0,1.0,0.0,0.0,,,,0,1
Kenia,KEN,África,Café,2019,273381,2.1,574268,105,3174,-0.0141594318331849,18.1,26.3,5.1,851.0,65.0,59.0,3.0,13.06,3.0,1.0,1.0,0.0,1.0,0.0,0.0,0.0,0.0,0.0,1.0,1,0,0,0,0,0,1,1,0,0.0,0.0,0.0,0.0,1.0,0.0,0.0,,,,0,1
Kenia,KEN,África,Caña de azúcar,2020,1413264,58.47,82640053,167,1399,0.0476420778444713,22.0,35.7,9.1,938.0,64.0,111.0,0.0,11.84,0.0,0.0,0.0,0.0,0.0,0.0,0.0,0.0,0.0,0.0,0.0,1,0,0,0,0,0,1,1,0,0.0,0.0,0.0,0.0,1.0,0.0,0.0,,,,0,1
Kenia,KEN,África,Trigo,2020,1221116,7.58,9252513,144,8607,0.0203902063022571,22.0,35.7,9.1,938.0,64.0,111.0,0.0,11.84,0.0,0.0,0.0,0.0,0.0,0.0,0.0,0.0,0.0,0.0,0.0,1,0,0,0,0,0,1,1,0,0.0,0.0,0.0,0.0,1.0,0.0,0.0,287.94,335.98,35.05,0,0
Kenia,KEN,África,Cebada,2020,1079738,3.02,3261264,58,5859,-0.0074097746961653,22.0,35.7,9.1,938.0,64.0,111.0,0.0,11.84,0.0,0.0,0.0,0.0,0.0,0.0,0.0,0.0,0.0,0.0,0.0,1,0,0,0,0,0,1,1,0,0.0,0.0,0.0,0.0,1.0,0.0,0.0,,,,0,1
Kenia,KEN,África,Arroz,2020,2415943,6.83,16508239,70,6500,0.0235760785134458,22.0,35.7,9.1,938.0,64.0,111.0,0.0,11.84,0.0,0.0,0.0,0.0,0.0,0.0,0.0,0.0,0.0,0.0,0.0,1,0,0,0,0,0,1,1,0,0.0,0.0,0.0,0.0,1.0,0.0,0.0,358.87,404.37,25.93,0,0
Kenia,KEN,África,Maíz,2020,5214983,7.47,38945261,208,1669,-0.013442885602688,22.0,35.7,9.1,938.0,64.0,111.0,0.0,11.84,0.0,0.0,0.0,0.0,0.0,0.0,0.0,0.0,0.0,0.0,0.0,1,0,0,0,0,0,1,1,0,0.0,0.0,0.0,0.0,1.0,0.0,0.0,205.52,227.99,21.14,0,0
Kenia,KEN,África,Té,2020,262109,2.67,700065,85,6487,-0.0261367294642077,22.0,35.7,9.1,938.0,64.0,111.0,0.0,11.84,0.0,0.0,0.0,0.0,0.0,0.0,0.0,0.0,0.0,0.0,0.0,1,0,0,0,0,0,1,1,0,0.0,0.0,0.0,0.0,1.0,0.0,0.0,,,,0,1
Kenia,KEN,África,Girasol,2020,3483346,3.64,12677903,229,4437,0.025317349839968,22.0,35.7,9.1,938.0,64.0,111.0,0.0,11.84,0.0,0.0,0.0,0.0,0.0,0.0,0.0,0.0,0.0,0.0,0.0,1,0,0,0,0,0,1,1,0,0.0,0.0,0.0,0.0,1.0,0.0,0.0,,,,0,1
Kenia,KEN,África,Café,2020,202111,1.15,232904,120,1892,-0.0436630819940464,22.0,35.7,9.1,938.0,64.0,111.0,0.0,11.84,0.0,0.0,0.0,0.0,0.0,0.0,0.0,0.0,0.0,0.0,0.0,1,0,0,0,0,0,1,1,0,0.0,0.0,0.0,0.0,1.0,0.0,0.0,,,,0,1
Nueva Zelanda,NZL,Oceanía,Girasol,2011,4509461,3.11,14013372,222,2075,-0.0311646417588716,,,,,,,,,,,,,,,,,,,,0,0,0,0,0,0,0,0,0,0.0,0.0,0.0,0.0,0.0,0.0,0.0,,,,1,1
Nueva Zelanda,NZL,Oceanía,Caña de azúcar,2011,1510485,70.36,106273126,294,2260,-0.0390635079407943,,,,,,,,,,,,,,,,,,,,0,0,0,0,0,0,0,0,0,0.0,0.0,0.0,0.0,0.0,0.0,0.0,,,,1,1
Nueva Zelanda,NZL,Oceanía,Café,2011,364197,0.62,227221,293,1371,-0.0206830558057601,,,,,,,,,,,,,,,,,,,,0,0,0,0,0,0,0,0,0,0.0,0.0,0.0,0.0,0.0,0.0,0.0,,,,1,1
Nueva Zelanda,NZL,Oceanía,Cebada,2011,1172950,5.56,6526636,238,1351,-0.0208483202836955,,,,,,,,,,,,,,,,,,,,0,0,0,0,0,0,0,0,0,0.0,0.0,0.0,0.0,0.0,0.0,0.0,,,,1,1
Nueva Zelanda,NZL,Oceanía,Algodón,2011,962947,3.36,3233987,198,6616,0.0155760501668238,,,,,,,,,,,,,,,,,,,,0,0,0,0,0,0,0,0,0,0.0,0.0,0.0,0.0,0.0,0.0,0.0,,,,1,1
Nueva Zelanda,NZL,Oceanía,Maíz,2011,8415901,8.51,71605324,163,8503,-0.019591766173205,,,,,,,,,,,,,,,,,,,,0,0,0,0,0,0,0,0,0,0.0,0.0,0.0,0.0,0.0,0.0,0.0,210.28,252.54,27.97,1,0
Nueva Zelanda,NZL,Oceanía,Arroz,2011,1278169,4.06,5192522,298,5720,0.0269749737124992,,,,,,,,,,,,,,,,,,,,0,0,0,0,0,0,0,0,0,0.0,0.0,0.0,0.0,0.0,0.0,0.0,350.28,388.57,33.17,1,0
Nueva Zelanda,NZL,Oceanía,Trigo,2011,2929603,4.54,13296328,91,9770,-0.0214753417802747,,,,,,,,,,,,,,,,,,,,0,0,0,0,0,0,0,0,0,0.0,0.0,0.0,0.0,0.0,0.0,0.0,304.43,375.02,44.5,1,0
Nueva Zelanda,NZL,Oceanía,Girasol,2012,1372963,1.77,2432676,197,3072,-0.0059111362245625,,,,,,,,,,,,,,,,,,,,0,0,0,1,0,0,0,0,0,0.0,0.0,0.0,0.0,0.0,0.0,0.0,,,,1,1
Nueva Zelanda,NZL,Oceanía,Caña de azúcar,2012,3441473,72.11,248164785,138,3423,-0.0127085063990733,,,,,,,,,,,,,,,,,,,,0,0,0,1,0,0,0,0,0,0.0,0.0,0.0,0.0,0.0,0.0,0.0,,,,1,1
Nueva Zelanda,NZL,Oceanía,Café,2012,87457,1.14,99739,288,9182,0.0268518165837108,,,,,,,,,,,,,,,,,,,,0,0,0,1,0,0,0,0,0,0.0,0.0,0.0,0.0,0.0,0.0,0.0,,,,1,1
Nueva Zelanda,NZL,Oceanía,Cebada,2012,2059084,3.11,6404827,299,9313,-0.0168719353919893,,,,,,,,,,,,,,,,,,,,0,0,0,1,0,0,0,0,0,0.0,0.0,0.0,0.0,0.0,0.0,0.0,,,,1,1
Nueva Zelanda,NZL,Oceanía,Algodón,2012,2054057,4.71,9684267,196,3409,0.0299576174953814,,,,,,,,,,,,,,,,,,,,0,0,0,1,0,0,0,0,0,0.0,0.0,0.0,0.0,0.0,0.0,0.0,,,,1,1
Nueva Zelanda,NZL,Oceanía,Maíz,2012,7766304,4.51,35020655,60,3284,0.017800833695352,,,,,,,,,,,,,,,,,,,,0,0,0,1,0,0,0,0,0,0.0,0.0,0.0,0.0,0.0,0.0,0.0,210.28,252.54,27.97,1,0
Nueva Zelanda,NZL,Oceanía,Arroz,2012,110795,5.82,644684,73,6347,-0.0444966363846129,,,,,,,,,,,,,,,,,,,,0,0,0,1,0,0,0,0,0,0.0,0.0,0.0,0.0,0.0,0.0,0.0,350.28,388.57,33.17,1,0
Nueva Zelanda,NZL,Oceanía,Trigo,2012,5033477,6.2,31201887,100,1369,-0.0416410449606088,,,,,,,,,,,,,,,,,,,,0,0,0,1,0,0,0,0,0,0.0,0.0,0.0,0.0,0.0,0.0,0.0,304.43,375.02,44.5,1,0
Nueva Zelanda,NZL,Oceanía,Girasol,2013,794193,3.3,2618022,204,9381,0.0443402164101955,,,,,,,,,,,,,,,,,,,,0,0,0,1,0,0,0,0,0,0.0,0.0,0.0,0.0,0.0,0.0,0.0,,,,1,1
Nueva Zelanda,NZL,Oceanía,Caña de azúcar,2013,6542289,89.12,583046704,148,7108,-0.048780920889489,,,,,,,,,,,,,,,,,,,,0,0,0,1,0,0,0,0,0,0.0,0.0,0.0,0.0,0.0,0.0,0.0,,,,1,1
Nueva Zelanda,NZL,Oceanía,Café,2013,161185,2.47,398675,236,8278,0.024152767652718,,,,,,,,,,,,,,,,,,,,0,0,0,1,0,0,0,0,0,0.0,0.0,0.0,0.0,0.0,0.0,0.0,,,,1,1
Nueva Zelanda,NZL,Oceanía,Cebada,2013,935184,4.5,4203926,158,7786,-0.0360432313118044,,,,,,,,,,,,,,,,,,,,0,0,0,1,0,0,0,0,0,0.0,0.0,0.0,0.0,0.0,0.0,0.0,,,,1,1
Nueva Zelanda,NZL,Oceanía,Algodón,2013,376410,1.51,568922,184,6495,-0.04338842188332,,,,,,,,,,,,,,,,,,,,0,0,0,1,0,0,0,0,0,0.0,0.0,0.0,0.0,0.0,0.0,0.0,,,,1,1
Nueva Zelanda,NZL,Oceanía,Maíz,2013,6957685,3.92,27286063,156,3865,0.0055813844964801,,,,,,,,,,,,,,,,,,,,0,0,0,1,0,0,0,0,0,0.0,0.0,0.0,0.0,0.0,0.0,0.0,210.28,252.54,27.97,1,0
Nueva Zelanda,NZL,Oceanía,Arroz,2013,611929,4.88,2986140,175,1691,0.0322799219386639,,,,,,,,,,,,,,,,,,,,0,0,0,1,0,0,0,0,0,0.0,0.0,0.0,0.0,0.0,0.0,0.0,350.28,388.57,33.17,1,0
Nueva Zelanda,NZL,Oceanía,Trigo,2013,4856973,3.87,18802478,56,1040,-0.0345976030359588,,,,,,,,,,,,,,,,,,,,0,0,0,1,0,0,0,0,0,0.0,0.0,0.0,0.0,0.0,0.0,0.0,304.43,375.02,44.5,1,0
Nueva Zelanda,NZL,Oceanía,Girasol,2014,3895209,1.75,6799614,95,9059,0.040679319715383,,,,,,,,,,,,,,,,,,,,0,0,0,1,0,0,0,0,0,0.0,0.0,0.0,0.0,0.0,0.0,0.0,,,,1,1
Nueva Zelanda,NZL,Oceanía,Caña de azúcar,2014,511479,70.25,35930768,67,6927,0.0081065770093246,,,,,,,,,,,,,,,,,,,,0,0,0,1,0,0,0,0,0,0.0,0.0,0.0,0.0,0.0,0.0,0.0,,,,1,1
Nueva Zelanda,NZL,Oceanía,Café,2014,471560,1.25,587866,259,2959,-0.0126797784026519,,,,,,,,,,,,,,,,,,,,0,0,0,1,0,0,0,0,0,0.0,0.0,0.0,0.0,0.0,0.0,0.0,,,,1,1
Nueva Zelanda,NZL,Oceanía,Cebada,2014,44647,4.1,182913,131,8553,0.0378317264417432,,,,,,,,,,,,,,,,,,,,0,0,0,1,0,0,0,0,0,0.0,0.0,0.0,0.0,0.0,0.0,0.0,,,,1,1
Nueva Zelanda,NZL,Oceanía,Algodón,2014,654184,1.14,745147,294,6832,-0.0451285099313734,,,,,,,,,,,,,,,,,,,,0,0,0,1,0,0,0,0,0,0.0,0.0,0.0,0.0,0.0,0.0,0.0,,,,1,1
Nueva Zelanda,NZL,Oceanía,Maíz,2014,1359086,6.61,8978743,74,3738,0.0043712335248342,,,,,,,,,,,,,,,,,,,,0,0,0,1,0,0,0,0,0,0.0,0.0,0.0,0.0,0.0,0.0,0.0,210.28,252.54,27.97,1,0
Nueva Zelanda,NZL,Oceanía,Arroz,2014,3165172,6.16,19497240,142,2570,0.0034420323223223,,,,,,,,,,,,,,,,,,,,0,0,0,1,0,0,0,0,0,0.0,0.0,0.0,0.0,0.0,0.0,0.0,350.28,388.57,33.17,1,0
Nueva Zelanda,NZL,Oceanía,Trigo,2014,1213775,2.01,2443050,174,7750,-0.0159686908715163,,,,,,,,,,,,,,,,,,,,0,0,0,1,0,0,0,0,0,0.0,0.0,0.0,0.0,0.0,0.0,0.0,304.43,375.02,44.5,1,0
Nueva Zelanda,NZL,Oceanía,Girasol,2015,985945,2.13,2101231,253,9612,0.0346069749683854,,,,,,,,,,,,,,,,,,,,0,0,0,1,0,0,1,0,0,0.0,0.0,0.0,0.0,0.0,0.0,0.0,,,,1,1
Nueva Zelanda,NZL,Oceanía,Caña de azúcar,2015,2076994,87.78,182323649,83,1284,-0.0020481770126447,,,,,,,,,,,,,,,,,,,,0,0,0,1,0,0,1,0,0,0.0,0.0,0.0,0.0,0.0,0.0,0.0,,,,1,1
Nueva Zelanda,NZL,Oceanía,Café,2015,186902,0.87,162814,183,6604,-0.0327792840377279,,,,,,,,,,,,,,,,,,,,0,0,0,1,0,0,1,0,0,0.0,0.0,0.0,0.0,0.0,0.0,0.0,,,,1,1
Nueva Zelanda,NZL,Oceanía,Cebada,2015,1529278,5.27,8053065,86,4712,-0.0192571676333664,,,,,,,,,,,,,,,,,,,,0,0,0,1,0,0,1,0,0,0.0,0.0,0.0,0.0,0.0,0.0,0.0,,,,1,1
Nueva Zelanda,NZL,Oceanía,Algodón,2015,319081,2.22,708647,54,8934,0.025733403437769,,,,,,,,,,,,,,,,,,,,0,0,0,1,0,0,1,0,0,0.0,0.0,0.0,0.0,0.0,0.0,0.0,,,,1,1
Nueva Zelanda,NZL,Oceanía,Maíz,2015,1744267,3.53,6160772,170,2948,0.0408529298402461,,,,,,,,,,,,,,,,,,,,0,0,0,1,0,0,1,0,0,0.0,0.0,0.0,0.0,0.0,0.0,0.0,210.28,252.54,27.97,1,0
Nueva Zelanda,NZL,Oceanía,Arroz,2015,1165457,7.17,8361265,285,4365,0.0087603046753815,,,,,,,,,,,,,,,,,,,,0,0,0,1,0,0,1,0,0,0.0,0.0,0.0,0.0,0.0,0.0,0.0,350.28,388.57,33.17,1,0
Nueva Zelanda,NZL,Oceanía,Trigo,2015,2823390,2.01,5660937,121,6698,-0.0147796726520677,,,,,,,,,,,,,,,,,,,,0,0,0,1,0,0,1,0,0,0.0,0.0,0.0,0.0,0.0,0.0,0.0,304.43,375.02,44.5,1,0
Nueva Zelanda,NZL,Oceanía,Girasol,2016,2333225,2.28,5309353,245,1229,0.0028838740415856,,,,,,,,,,,,,,,,,,,,0,0,0,1,0,1,1,0,0,0.0,0.0,0.0,0.0,0.0,0.0,0.0,,,,1,1
Nueva Zelanda,NZL,Oceanía,Caña de azúcar,2016,5205841,65.93,343237328,235,2616,0.0424232097074504,,,,,,,,,,,,,,,,,,,,0,0,0,1,0,1,1,0,0,0.0,0.0,0.0,0.0,0.0,0.0,0.0,,,,1,1
Nueva Zelanda,NZL,Oceanía,Café,2016,521875,1.86,971634,162,2758,-0.0319151462355687,,,,,,,,,,,,,,,,,,,,0,0,0,1,0,1,1,0,0,0.0,0.0,0.0,0.0,0.0,0.0,0.0,,,,1,1
Nueva Zelanda,NZL,Oceanía,Cebada,2016,790313,3.9,3079005,244,6149,-0.0376384597525733,,,,,,,,,,,,,,,,,,,,0,0,0,1,0,1,1,0,0,0.0,0.0,0.0,0.0,0.0,0.0,0.0,,,,1,1
Nueva Zelanda,NZL,Oceanía,Algodón,2016,526856,2.2,1159170,234,1665,-0.0417752054869268,,,,,,,,,,,,,,,,,,,,0,0,0,1,0,1,1,0,0,0.0,0.0,0.0,0.0,0.0,0.0,0.0,,,,1,1
Nueva Zelanda,NZL,Oceanía,Maíz,2016,6742029,4.89,32988871,299,8273,-0.0274126570270092,,,,,,,,,,,,,,,,,,,,0,0,0,1,0,1,1,0,0,0.0,0.0,0.0,0.0,0.0,0.0,0.0,210.28,252.54,27.97,1,0
Nueva Zelanda,NZL,Oceanía,Arroz,2016,1808947,4.17,7537902,171,7020,-0.0320702716612921,,,,,,,,,,,,,,,,,,,,0,0,0,1,0,1,1,0,0,0.0,0.0,0.0,0.0,0.0,0.0,0.0,350.28,388.57,33.17,1,0
Nueva Zelanda,NZL,Oceanía,Trigo,2016,4946605,5.82,28798262,223,2392,-0.0380782156114521,,,,,,,,,,,,,,,,,,,,0,0,0,1,0,1,1,0,0,0.0,0.0,0.0,0.0,0.0,0.0,0.0,304.43,375.02,44.5,1,0
Nueva Zelanda,NZL,Oceanía,Girasol,2017,4954945,4.23,20983524,93,2060,-0.0136290006524268,,,,,,,,,,,,,,,,,,,,0,0,0,1,0,1,1,0,0,0.0,0.0,0.0,0.0,0.0,0.0,0.0,,,,1,1
Nueva Zelanda,NZL,Oceanía,Caña de azúcar,2017,3139918,101.52,318776662,264,7958,0.0225200500332639,,,,,,,,,,,,,,,,,,,,0,0,0,1,0,1,1,0,0,0.0,0.0,0.0,0.0,0.0,0.0,0.0,,,,1,1
Nueva Zelanda,NZL,Oceanía,Café,2017,359415,2.27,815926,255,7557,-0.0143902693123919,,,,,,,,,,,,,,,,,,,,0,0,0,1,0,1,1,0,0,0.0,0.0,0.0,0.0,0.0,0.0,0.0,,,,1,1
Nueva Zelanda,NZL,Oceanía,Cebada,2017,2191659,3.63,7962746,246,8448,-0.0391963331981077,,,,,,,,,,,,,,,,,,,,0,0,0,1,0,1,1,0,0,0.0,0.0,0.0,0.0,0.0,0.0,0.0,,,,1,1
Nueva Zelanda,NZL,Oceanía,Algodón,2017,1983875,1.71,3394278,238,1865,0.0330312468619858,,,,,,,,,,,,,,,,,,,,0,0,0,1,0,1,1,0,0,0.0,0.0,0.0,0.0,0.0,0.0,0.0,,,,1,1
Nueva Zelanda,NZL,Oceanía,Maíz,2017,567899,9.85,5591860,89,5960,0.0121966761523728,,,,,,,,,,,,,,,,,,,,0,0,0,1,0,1,1,0,0,0.0,0.0,0.0,0.0,0.0,0.0,0.0,210.28,252.54,27.97,1,0
Nueva Zelanda,NZL,Oceanía,Arroz,2017,297325,6.02,1788960,169,4308,-0.0206437068714997,,,,,,,,,,,,,,,,,,,,0,0,0,1,0,1,1,0,0,0.0,0.0,0.0,0.0,0.0,0.0,0.0,350.28,388.57,33.17,1,0
Nueva Zelanda,NZL,Oceanía,Trigo,2017,4402463,3.71,16323396,189,1289,0.0452580494910217,,,,,,,,,,,,,,,,,,,,0,0,0,1,0,1,1,0,0,0.0,0.0,0.0,0.0,0.0,0.0,0.0,304.43,375.02,44.5,1,0
Nueva Zelanda,NZL,Oceanía,Girasol,2018,3120147,2.72,8493683,268,7165,-0.0057443853768287,,,,,,,,,,,,,,,,,,,,0,0,0,1,0,1,1,0,0,0.0,0.0,0.0,0.0,0.0,0.0,0.0,,,,1,1
Nueva Zelanda,NZL,Oceanía,Caña de azúcar,2018,2570478,100.55,258458708,230,3689,-0.000852039135485,,,,,,,,,,,,,,,,,,,,0,0,0,1,0,1,1,0,0,0.0,0.0,0.0,0.0,0.0,0.0,0.0,,,,1,1
Nueva Zelanda,NZL,Oceanía,Café,2018,338094,1.44,487643,175,9837,0.0072210233433681,,,,,,,,,,,,,,,,,,,,0,0,0,1,0,1,1,0,0,0.0,0.0,0.0,0.0,0.0,0.0,0.0,,,,1,1
Nueva Zelanda,NZL,Oceanía,Cebada,2018,1851990,2.33,4310970,201,7189,0.0116939676377831,,,,,,,,,,,,,,,,,,,,0,0,0,1,0,1,1,0,0,0.0,0.0,0.0,0.0,0.0,0.0,0.0,,,,1,1
Nueva Zelanda,NZL,Oceanía,Algodón,2018,1175567,1.37,1615339,264,7003,-0.015112321220671,,,,,,,,,,,,,,,,,,,,0,0,0,1,0,1,1,0,0,0.0,0.0,0.0,0.0,0.0,0.0,0.0,,,,1,1
Nueva Zelanda,NZL,Oceanía,Maíz,2018,631408,8.46,5341906,159,6654,0.0491945522705957,,,,,,,,,,,,,,,,,,,,0,0,0,1,0,1,1,0,0,0.0,0.0,0.0,0.0,0.0,0.0,0.0,210.28,252.54,27.97,1,0
Nueva Zelanda,NZL,Oceanía,Arroz,2018,247944,5.62,1393104,201,2391,0.0410389018714362,,,,,,,,,,,,,,,,,,,,0,0,0,1,0,1,1,0,0,0.0,0.0,0.0,0.0,0.0,0.0,0.0,350.28,388.57,33.17,1,0
Nueva Zelanda,NZL,Oceanía,Trigo,2018,2252411,2.36,5312997,59,8551,0.0157767786557737,,,,,,,,,,,,,,,,,,,,0,0,0,1,0,1,1,0,0,0.0,0.0,0.0,0.0,0.0,0.0,0.0,304.43,375.02,44.5,1,0
Nueva Zelanda,NZL,Oceanía,Girasol,2019,4372084,3.17,13861833,200,1364,0.0485764781508701,,,,,,,,,,,,,,,,,,,,1,0,0,1,0,1,1,0,0,0.0,0.0,0.0,0.0,0.0,0.0,0.0,,,,1,1
Nueva Zelanda,NZL,Oceanía,Caña de azúcar,2019,6492751,66.35,430763750,226,4373,-0.0164032537514482,,,,,,,,,,,,,,,,,,,,1,0,0,1,0,1,1,0,0,0.0,0.0,0.0,0.0,0.0,0.0,0.0,,,,1,1
Nueva Zelanda,NZL,Oceanía,Café,2019,421007,1.49,629184,298,8143,-0.0298241373174252,,,,,,,,,,,,,,,,,,,,1,0,0,1,0,1,1,0,0,0.0,0.0,0.0,0.0,0.0,0.0,0.0,,,,1,1
Nueva Zelanda,NZL,Oceanía,Cebada,2019,1839692,2.88,5299470,117,1778,-0.0202679730979892,,,,,,,,,,,,,,,,,,,,1,0,0,1,0,1,1,0,0,0.0,0.0,0.0,0.0,0.0,0.0,0.0,,,,1,1
Nueva Zelanda,NZL,Oceanía,Algodón,2019,1029438,3.62,3728812,198,2552,0.0091864655441329,,,,,,,,,,,,,,,,,,,,1,0,0,1,0,1,1,0,0,0.0,0.0,0.0,0.0,0.0,0.0,0.0,,,,1,1
Nueva Zelanda,NZL,Oceanía,Maíz,2019,9069506,7.78,70569468,253,2256,0.0151536813555202,,,,,,,,,,,,,,,,,,,,1,0,0,1,0,1,1,0,0,0.0,0.0,0.0,0.0,0.0,0.0,0.0,210.28,252.54,27.97,1,0
Nueva Zelanda,NZL,Oceanía,Arroz,2019,1212993,4.9,5942475,152,5116,0.0124963875974485,,,,,,,,,,,,,,,,,,,,1,0,0,1,0,1,1,0,0,0.0,0.0,0.0,0.0,0.0,0.0,0.0,350.28,388.57,33.17,1,0
Nueva Zelanda,NZL,Oceanía,Trigo,2019,4724972,2.64,12481999,270,4056,0.0076843295240429,,,,,,,,,,,,,,,,,,,,1,0,0,1,0,1,1,0,0,0.0,0.0,0.0,0.0,0.0,0.0,0.0,304.43,375.02,44.5,1,0
Nueva Zelanda,NZL,Oceanía,Girasol,2020,3577502,2.35,8397422,268,8106,0.0434635933981213,,,,,,,,,,,,,,,,,,,,1,0,0,1,0,1,1,0,0,0.0,0.0,0.0,0.0,0.0,0.0,0.0,,,,1,1
Nueva Zelanda,NZL,Oceanía,Caña de azúcar,2020,1193069,77.25,92163881,88,5919,0.0344121995831942,,,,,,,,,,,,,,,,,,,,1,0,0,1,0,1,1,0,0,0.0,0.0,0.0,0.0,0.0,0.0,0.0,,,,1,1
Nueva Zelanda,NZL,Oceanía,Café,2020,454309,1.63,738416,155,5373,0.0323710704498325,,,,,,,,,,,,,,,,,,,,1,0,0,1,0,1,1,0,0,0.0,0.0,0.0,0.0,0.0,0.0,0.0,,,,1,1
Nueva Zelanda,NZL,Oceanía,Cebada,2020,613404,4.04,2479533,88,4144,-0.0472295826333861,,,,,,,,,,,,,,,,,,,,1,0,0,1,0,1,1,0,0,0.0,0.0,0.0,0.0,0.0,0.0,0.0,,,,1,1
Nueva Zelanda,NZL,Oceanía,Algodón,2020,1591529,2.4,3824116,215,1606,-0.0298009491269599,,,,,,,,,,,,,,,,,,,,1,0,0,1,0,1,1,0,0,0.0,0.0,0.0,0.0,0.0,0.0,0.0,,,,1,1
Nueva Zelanda,NZL,Oceanía,Maíz,2020,552493,5.65,3121216,95,1691,0.0463786890525177,,,,,,,,,,,,,,,,,,,,1,0,0,1,0,1,1,0,0,0.0,0.0,0.0,0.0,0.0,0.0,0.0,210.28,252.54,27.97,1,0
Nueva Zelanda,NZL,Oceanía,Arroz,2020,97594,4.56,444759,126,2041,0.0400574884974125,,,,,,,,,,,,,,,,,,,,1,0,0,1,0,1,1,0,0,0.0,0.0,0.0,0.0,0.0,0.0,0.0,350.28,388.57,33.17,1,0
Nueva Zelanda,NZL,Oceanía,Trigo,2020,3079474,6.75,20771351,264,3302,-0.026395884817889,,,,,,,,,,,,,,,,,,,,1,0,0,1,0,1,1,0,0,0.0,0.0,0.0,0.0,0.0,0.0,0.0,304.43,375.02,44.5,1,0
España,ESP,Europa,Té,2011,128356,2.3,295658,263,7388,0.0305841607960866,,,,,,,,,,,,,,,,,,,,0,0,0,0,0,0,0,0,0,0.0,0.0,0.0,0.0,0.0,1.0,0.0,,,,1,1
España,ESP,Europa,Café,2011,499923,1.04,520803,298,5498,-0.0060524587270799,,,,,,,,,,,,,,,,,,,,0,0,0,0,0,0,0,0,0,0.0,0.0,0.0,0.0,0.0,1.0,0.0,,,,1,1
España,ESP,Europa,Soja,2011,4958537,2.81,13910301,78,6185,0.0045745033202926,,,,,,,,,,,,,,,,,,,,0,0,0,0,0,0,0,0,0,0.0,0.0,0.0,0.0,0.0,1.0,0.0,483.55,549.52,52.28,1,0
España,ESP,Europa,Cebada,2011,523578,7.65,4005004,142,8786,0.0215671229122126,,,,,,,,,,,,,,,,,,,,0,0,0,0,0,0,0,0,0,0.0,0.0,0.0,0.0,0.0,1.0,0.0,,,,1,1
España,ESP,Europa,Girasol,2011,190718,2.79,532208,239,1895,0.019068245528234,,,,,,,,,,,,,,,,,,,,0,0,0,0,0,0,0,0,0,0.0,0.0,0.0,0.0,0.0,1.0,0.0,,,,1,1
España,ESP,Europa,Algodón,2011,1029912,1.75,1800037,229,6945,0.0403157098682599,,,,,,,,,,,,,,,,,,,,0,0,0,0,0,0,0,0,0,0.0,0.0,0.0,0.0,0.0,1.0,0.0,,,,1,1
España,ESP,Europa,Trigo,2011,4571438,7.96,36372900,282,7438,0.0427507400348729,,,,,,,,,,,,,,,,,,,,0,0,0,0,0,0,0,0,0,0.0,0.0,0.0,0.0,0.0,1.0,0.0,308.89,362.85,26.06,1,0
España,ESP,Europa,Caña de azúcar,2011,5189050,68.0,352841935,103,3625,0.0415890801242335,,,,,,,,,,,,,,,,,,,,0,0,0,0,0,0,0,0,0,0.0,0.0,0.0,0.0,0.0,1.0,0.0,,,,1,1
España,ESP,Europa,Té,2012,218480,2.05,447903,249,9055,-0.0028908716611996,,,,,,,,,,,,,,,,,,,,0,0,0,0,0,0,0,0,0,0.0,0.0,0.0,0.0,0.0,1.0,0.0,,,,1,1
España,ESP,Europa,Café,2012,442584,1.27,562544,75,3627,0.0198482187546566,,,,,,,,,,,,,,,,,,,,0,0,0,0,0,0,0,0,0,0.0,0.0,0.0,0.0,0.0,1.0,0.0,,,,1,1
España,ESP,Europa,Soja,2012,3033586,3.7,11225449,133,8426,0.0195210099424055,,,,,,,,,,,,,,,,,,,,0,0,0,0,0,0,0,0,0,0.0,0.0,0.0,0.0,0.0,1.0,0.0,483.55,549.52,52.28,1,0
España,ESP,Europa,Cebada,2012,1399366,5.43,7596495,84,1050,-0.0099338150023852,,,,,,,,,,,,,,,,,,,,0,0,0,0,0,0,0,0,0,0.0,0.0,0.0,0.0,0.0,1.0,0.0,,,,1,1
España,ESP,Europa,Girasol,2012,2702341,2.07,5595642,232,3131,0.0346960429802657,,,,,,,,,,,,,,,,,,,,0,0,0,0,0,0,0,0,0,0.0,0.0,0.0,0.0,0.0,1.0,0.0,,,,1,1
España,ESP,Europa,Algodón,2012,1383355,2.41,3332074,94,6367,0.0299528667940179,,,,,,,,,,,,,,,,,,,,0,0,0,0,0,0,0,0,0,0.0,0.0,0.0,0.0,0.0,1.0,0.0,,,,1,1
España,ESP,Europa,Trigo,2012,3426994,3.88,13290706,263,4677,-0.0479265362410923,,,,,,,,,,,,,,,,,,,,0,0,0,0,0,0,0,0,0,0.0,0.0,0.0,0.0,0.0,1.0,0.0,308.89,362.85,26.06,1,0
España,ESP,Europa,Caña de azúcar,2012,9030235,116.51,1052068524,299,8576,-0.0301733797328299,,,,,,,,,,,,,,,,,,,,0,0,0,0,0,0,0,0,0,0.0,0.0,0.0,0.0,0.0,1.0,0.0,,,,1,1
España,ESP,Europa,Té,2013,93057,1.19,110379,88,2459,0.0458032864093185,,,,,,,,,,,,,,,,,,,,0,0,0,0,0,0,0,0,0,0.0,0.0,0.0,0.0,0.0,1.0,0.0,,,,1,1
España,ESP,Europa,Café,2013,288226,0.78,225795,285,8433,0.0327257451963499,,,,,,,,,,,,,,,,,,,,0,0,0,0,0,0,0,0,0,0.0,0.0,0.0,0.0,0.0,1.0,0.0,,,,1,1
España,ESP,Europa,Soja,2013,1960535,3.81,7478750,250,5361,-0.0212038027149118,,,,,,,,,,,,,,,,,,,,0,0,0,0,0,0,0,0,0,0.0,0.0,0.0,0.0,0.0,1.0,0.0,483.55,549.52,52.28,1,0
España,ESP,Europa,Cebada,2013,281992,3.24,912819,260,5636,0.022670806703857,,,,,,,,,,,,,,,,,,,,0,0,0,0,0,0,0,0,0,0.0,0.0,0.0,0.0,0.0,1.0,0.0,,,,1,1
España,ESP,Europa,Girasol,2013,1475435,1.86,2749791,117,4858,0.0117680240057235,,,,,,,,,,,,,,,,,,,,0,0,0,0,0,0,0,0,0,0.0,0.0,0.0,0.0,0.0,1.0,0.0,,,,1,1
España,ESP,Europa,Algodón,2013,1676763,2.55,4273848,170,3182,0.0371443475211009,,,,,,,,,,,,,,,,,,,,0,0,0,0,0,0,0,0,0,0.0,0.0,0.0,0.0,0.0,1.0,0.0,,,,1,1
España,ESP,Europa,Trigo,2013,3652371,7.06,25781762,238,5198,-0.042694438177884,,,,,,,,,,,,,,,,,,,,0,0,0,0,0,0,0,0,0,0.0,0.0,0.0,0.0,0.0,1.0,0.0,308.89,362.85,26.06,1,0
España,ESP,Europa,Caña de azúcar,2013,905293,80.24,72645118,205,1745,-0.0494639014797979,,,,,,,,,,,,,,,,,,,,0,0,0,0,0,0,0,0,0,0.0,0.0,0.0,0.0,0.0,1.0,0.0,,,,1,1
España,ESP,Europa,Té,2014,204440,1.48,302134,297,1673,0.0080486909891458,,,,,,,,,,,,,,,,,,,,0,0,0,0,0,0,0,0,0,0.0,0.0,0.0,0.0,0.0,1.0,0.0,,,,1,1
España,ESP,Europa,Café,2014,257777,1.38,354906,72,6198,0.021025557466167,,,,,,,,,,,,,,,,,,,,0,0,0,0,0,0,0,0,0,0.0,0.0,0.0,0.0,0.0,1.0,0.0,,,,1,1
España,ESP,Europa,Soja,2014,2249195,1.99,4466223,273,5603,0.0247823367719294,,,,,,,,,,,,,,,,,,,,0,0,0,0,0,0,0,0,0,0.0,0.0,0.0,0.0,0.0,1.0,0.0,483.55,549.52,52.28,1,0
España,ESP,Europa,Cebada,2014,663839,5.63,3737635,287,5321,0.0016972685702221,,,,,,,,,,,,,,,,,,,,0,0,0,0,0,0,0,0,0,0.0,0.0,0.0,0.0,0.0,1.0,0.0,,,,1,1
España,ESP,Europa,Girasol,2014,1403984,2.75,3867404,88,8208,-0.0446777811729014,,,,,,,,,,,,,,,,,,,,0,0,0,0,0,0,0,0,0,0.0,0.0,0.0,0.0,0.0,1.0,0.0,,,,1,1
España,ESP,Europa,Algodón,2014,921293,1.38,1268119,169,8150,-0.0383975952899443,,,,,,,,,,,,,,,,,,,,0,0,0,0,0,0,0,0,0,0.0,0.0,0.0,0.0,0.0,1.0,0.0,,,,1,1
España,ESP,Europa,Trigo,2014,4600345,2.25,10344364,174,8499,-0.0007011449988999,,,,,,,,,,,,,,,,,,,,0,0,0,0,0,0,0,0,0,0.0,0.0,0.0,0.0,0.0,1.0,0.0,308.89,362.85,26.06,1,0
España,ESP,Europa,Caña de azúcar,2014,2723853,62.69,170771929,96,3757,0.0249936651503576,,,,,,,,,,,,,,,,,,,,0,0,0,0,0,0,0,0,0,0.0,0.0,0.0,0.0,0.0,1.0,0.0,,,,1,1
España,ESP,Europa,Té,2015,328401,2.95,968532,298,1067,0.0026015406599995,,,,,,,,,,,,,,,,,,,,0,0,0,0,0,0,0,0,0,0.0,0.0,0.0,0.0,0.0,1.0,0.0,,,,1,1
España,ESP,Europa,Café,2015,228848,2.1,481027,74,6384,-0.0474037831393769,,,,,,,,,,,,,,,,,,,,0,0,0,0,0,0,0,0,0,0.0,0.0,0.0,0.0,0.0,1.0,0.0,,,,1,1
España,ESP,Europa,Soja,2015,6176236,2.94,18161874,77,6300,-0.0346224531316202,,,,,,,,,,,,,,,,,,,,0,0,0,0,0,0,0,0,0,0.0,0.0,0.0,0.0,0.0,1.0,0.0,483.55,549.52,52.28,1,0
España,ESP,Europa,Cebada,2015,1612170,5.13,8265552,118,1095,-0.017057307832114,,,,,,,,,,,,,,,,,,,,0,0,0,0,0,0,0,0,0,0.0,0.0,0.0,0.0,0.0,1.0,0.0,,,,1,1
España,ESP,Europa,Girasol,2015,3483451,2.51,8757623,295,3118,-0.0288633138960012,,,,,,,,,,,,,,,,,,,,0,0,0,0,0,0,0,0,0,0.0,0.0,0.0,0.0,0.0,1.0,0.0,,,,1,1
España,ESP,Europa,Algodón,2015,2475291,2.22,5496897,190,7248,-0.0407448989161413,,,,,,,,,,,,,,,,,,,,0,0,0,0,0,0,0,0,0,0.0,0.0,0.0,0.0,0.0,1.0,0.0,,,,1,1
España,ESP,Europa,Trigo,2015,1961350,7.83,15355034,268,4411,-0.0337059316124745,,,,,,,,,,,,,,,,,,,,0,0,0,0,0,0,0,0,0,0.0,0.0,0.0,0.0,0.0,1.0,0.0,308.89,362.85,26.06,1,0
España,ESP,Europa,Caña de azúcar,2015,5262490,104.68,550857166,126,9042,0.0301100421192932,,,,,,,,,,,,,,,,,,,,0,0,0,0,0,0,0,0,0,0.0,0.0,0.0,0.0,0.0,1.0,0.0,,,,1,1
España,ESP,Europa,Té,2016,180220,2.8,504630,74,7020,0.0012653225659364,,,,,,,,,,,,,,,,,,,,0,0,0,0,0,0,0,0,0,0.0,0.0,0.0,0.0,0.0,1.0,0.0,,,,1,1
España,ESP,Europa,Café,2016,477860,1.19,570016,73,7922,0.0310994359614223,,,,,,,,,,,,,,,,,,,,0,0,0,0,0,0,0,0,0,0.0,0.0,0.0,0.0,0.0,1.0,0.0,,,,1,1
España,ESP,Europa,Soja,2016,3934817,3.16,12440102,299,8594,0.0176440032007025,,,,,,,,,,,,,,,,,,,,0,0,0,0,0,0,0,0,0,0.0,0.0,0.0,0.0,0.0,1.0,0.0,483.55,549.52,52.28,1,0
España,ESP,Europa,Cebada,2016,1616655,3.16,5100699,184,2375,-0.02092969755216,,,,,,,,,,,,,,,,,,,,0,0,0,0,0,0,0,0,0,0.0,0.0,0.0,0.0,0.0,1.0,0.0,,,,1,1
España,ESP,Europa,Girasol,2016,4061716,2.65,10748575,126,5073,0.0023092057017473,,,,,,,,,,,,,,,,,,,,0,0,0,0,0,0,0,0,0,0.0,0.0,0.0,0.0,0.0,1.0,0.0,,,,1,1
España,ESP,Europa,Algodón,2016,198835,3.11,618034,180,7961,-0.0086980595480767,,,,,,,,,,,,,,,,,,,,0,0,0,0,0,0,0,0,0,0.0,0.0,0.0,0.0,0.0,1.0,0.0,,,,1,1
España,ESP,Europa,Trigo,2016,4882380,6.65,32446693,246,9248,-0.0483731306240443,,,,,,,,,,,,,,,,,,,,0,0,0,0,0,0,0,0,0,0.0,0.0,0.0,0.0,0.0,1.0,0.0,308.89,362.85,26.06,1,0
España,ESP,Europa,Caña de azúcar,2016,8604745,59.79,514502307,71,7819,0.0376755347135503,,,,,,,,,,,,,,,,,,,,0,0,0,0,0,0,0,0,0,0.0,0.0,0.0,0.0,0.0,1.0,0.0,,,,1,1
España,ESP,Europa,Té,2017,230616,2.69,620805,137,4066,-0.0288931629172806,,,,,,,,,,,,,,,,,,,,0,0,0,0,1,0,0,0,0,0.0,0.0,0.0,0.0,0.0,1.0,0.0,,,,1,1
España,ESP,Europa,Café,2017,283598,1.07,302785,54,1095,-0.0105066157008124,,,,,,,,,,,,,,,,,,,,0,0,0,0,1,0,0,0,0,0.0,0.0,0.0,0.0,0.0,1.0,0.0,,,,1,1
España,ESP,Europa,Soja,2017,4842133,4.13,20001566,297,8974,-0.0197200018029664,,,,,,,,,,,,,,,,,,,,0,0,0,0,1,0,0,0,0,0.0,0.0,0.0,0.0,0.0,1.0,0.0,483.55,549.52,52.28,1,0
España,ESP,Europa,Cebada,2017,1498195,4.25,6373107,151,5958,-0.041236486937784,,,,,,,,,,,,,,,,,,,,0,0,0,0,1,0,0,0,0,0.0,0.0,0.0,0.0,0.0,1.0,0.0,,,,1,1
España,ESP,Europa,Girasol,2017,1467051,1.59,2327068,269,1439,-0.02907705196655,,,,,,,,,,,,,,,,,,,,0,0,0,0,1,0,0,0,0,0.0,0.0,0.0,0.0,0.0,1.0,0.0,,,,1,1
España,ESP,Europa,Algodón,2017,2976829,2.17,6466262,187,4127,-0.0413906452797965,,,,,,,,,,,,,,,,,,,,0,0,0,0,1,0,0,0,0,0.0,0.0,0.0,0.0,0.0,1.0,0.0,,,,1,1
España,ESP,Europa,Trigo,2017,1435673,3.53,5060773,89,8295,0.0463866870738914,,,,,,,,,,,,,,,,,,,,0,0,0,0,1,0,0,0,0,0.0,0.0,0.0,0.0,0.0,1.0,0.0,308.89,362.85,26.06,1,0
España,ESP,Europa,Caña de azúcar,2017,7742620,85.5,661957822,263,7418,-0.0449077819780632,,,,,,,,,,,,,,,,,,,,0,0,0,0,1,0,0,0,0,0.0,0.0,0.0,0.0,0.0,1.0,0.0,,,,1,1
España,ESP,Europa,Té,2018,193643,3.61,699320,202,5764,-0.0462982785049851,,,,,,,,,,,,,,,,,,,,1,0,0,0,1,0,0,0,0,0.0,0.0,0.0,0.0,0.0,1.0,0.0,,,,1,1
España,ESP,Europa,Café,2018,270111,1.85,500050,259,8993,-0.026809421394549,,,,,,,,,,,,,,,,,,,,1,0,0,0,1,0,0,0,0,0.0,0.0,0.0,0.0,0.0,1.0,0.0,,,,1,1
España,ESP,Europa,Soja,2018,182741,2.69,491949,278,7834,0.0389140594551995,,,,,,,,,,,,,,,,,,,,1,0,0,0,1,0,0,0,0,0.0,0.0,0.0,0.0,0.0,1.0,0.0,483.55,549.52,52.28,1,0
España,ESP,Europa,Cebada,2018,1169613,5.75,6729433,55,3643,-0.0211989218546382,,,,,,,,,,,,,,,,,,,,1,0,0,0,1,0,0,0,0,0.0,0.0,0.0,0.0,0.0,1.0,0.0,,,,1,1
España,ESP,Europa,Girasol,2018,2662388,2.45,6512624,225,6556,0.0421735596672446,,,,,,,,,,,,,,,,,,,,1,0,0,0,1,0,0,0,0,0.0,0.0,0.0,0.0,0.0,1.0,0.0,,,,1,1
España,ESP,Europa,Algodón,2018,3302768,2.96,9775063,149,7829,0.0333080745795346,,,,,,,,,,,,,,,,,,,,1,0,0,0,1,0,0,0,0,0.0,0.0,0.0,0.0,0.0,1.0,0.0,,,,1,1
España,ESP,Europa,Trigo,2018,3390687,8.37,28388837,209,4394,-0.0217542784730363,,,,,,,,,,,,,,,,,,,,1,0,0,0,1,0,0,0,0,0.0,0.0,0.0,0.0,0.0,1.0,0.0,308.89,362.85,26.06,1,0
España,ESP,Europa,Caña de azúcar,2018,9316474,61.49,572899680,75,7815,0.0443054698361212,,,,,,,,,,,,,,,,,,,,1,0,0,0,1,0,0,0,0,0.0,0.0,0.0,0.0,0.0,1.0,0.0,,,,1,1
España,ESP,Europa,Té,2019,128870,0.99,128076,275,5273,-0.0142956125163079,,,,,,,,,,,,,,,,,,,,1,0,0,0,1,0,0,0,0,0.0,0.0,0.0,0.0,0.0,1.0,0.0,,,,1,1
España,ESP,Europa,Café,2019,390039,2.43,946443,136,8055,-0.0386030706632413,,,,,,,,,,,,,,,,,,,,1,0,0,0,1,0,0,0,0,0.0,0.0,0.0,0.0,0.0,1.0,0.0,,,,1,1
España,ESP,Europa,Soja,2019,4405303,2.54,11167667,140,1764,0.0270094892961633,,,,,,,,,,,,,,,,,,,,1,0,0,0,1,0,0,0,0,0.0,0.0,0.0,0.0,0.0,1.0,0.0,483.55,549.52,52.28,1,0
España,ESP,Europa,Cebada,2019,2022147,3.27,6621618,221,2706,0.0206404917317793,,,,,,,,,,,,,,,,,,,,1,0,0,0,1,0,0,0,0,0.0,0.0,0.0,0.0,0.0,1.0,0.0,,,,1,1
España,ESP,Europa,Girasol,2019,4653313,3.95,18394434,299,2734,0.0281652395505998,,,,,,,,,,,,,,,,,,,,1,0,0,0,1,0,0,0,0,0.0,0.0,0.0,0.0,0.0,1.0,0.0,,,,1,1
España,ESP,Europa,Algodón,2019,474799,2.5,1186685,211,2934,0.0370869474153118,,,,,,,,,,,,,,,,,,,,1,0,0,0,1,0,0,0,0,0.0,0.0,0.0,0.0,0.0,1.0,0.0,,,,1,1
España,ESP,Europa,Trigo,2019,1678156,7.44,12490196,177,2626,-0.0345704267568193,,,,,,,,,,,,,,,,,,,,1,0,0,0,1,0,0,0,0,0.0,0.0,0.0,0.0,0.0,1.0,0.0,308.89,362.85,26.06,1,0
España,ESP,Europa,Caña de azúcar,2019,2283829,67.71,154627960,246,1107,-0.0254683935382862,,,,,,,,,,,,,,,,,,,,1,0,0,0,1,0,0,0,0,0.0,0.0,0.0,0.0,0.0,1.0,0.0,,,,1,1
España,ESP,Europa,Té,2020,219731,1.27,279207,233,7799,-0.0139356593568322,,,,,,,,,,,,,,,,,,,,1,0,0,0,1,0,1,0,0,0.0,0.0,0.0,0.0,0.0,1.0,0.0,,,,1,1
España,ESP,Europa,Café,2020,91810,2.21,202454,85,8025,-0.0086590581253021,,,,,,,,,,,,,,,,,,,,1,0,0,0,1,0,1,0,0,0.0,0.0,0.0,0.0,0.0,1.0,0.0,,,,1,1
España,ESP,Europa,Soja,2020,3916482,4.67,18307191,291,1487,-0.0057421310651419,,,,,,,,,,,,,,,,,,,,1,0,0,0,1,0,1,0,0,0.0,0.0,0.0,0.0,0.0,1.0,0.0,483.55,549.52,52.28,1,0
España,ESP,Europa,Cebada,2020,1813890,5.49,9950455,130,7580,0.0481944924387131,,,,,,,,,,,,,,,,,,,,1,0,0,0,1,0,1,0,0,0.0,0.0,0.0,0.0,0.0,1.0,0.0,,,,1,1
España,ESP,Europa,Girasol,2020,466876,2.1,980120,88,1947,0.0477732976016458,,,,,,,,,,,,,,,,,,,,1,0,0,0,1,0,1,0,0,0.0,0.0,0.0,0.0,0.0,1.0,0.0,,,,1,1
España,ESP,Europa,Algodón,2020,3693079,4.21,15543588,276,5986,0.022155104385836,,,,,,,,,,,,,,,,,,,,1,0,0,0,1,0,1,0,0,0.0,0.0,0.0,0.0,0.0,1.0,0.0,,,,1,1
España,ESP,Europa,Trigo,2020,2783965,1.88,5241170,285,3406,0.0200295063882604,,,,,,,,,,,,,,,,,,,,1,0,0,0,1,0,1,0,0,0.0,0.0,0.0,0.0,0.0,1.0,0.0,308.89,362.85,26.06,1,0
España,ESP,Europa,Caña de azúcar,2020,3532115,123.1,434816978,163,6656,0.0387674896507196,,,,,,,,,,,,,,,,,,,,1,0,0,0,1,0,1,0,0,0.0,0.0,0.0,0.0,0.0,1.0,0.0,,,,1,1
Italia,ITA,Europa,Algodón,2011,542177,2.38,1290185,180,6115,0.002133586511544,,,,,,,,,,,,,,,,,,,,0,0,0,0,0,0,0,0,0,0.0,0.0,0.0,0.0,0.0,0.0,0.0,,,,1,1
Italia,ITA,Europa,Arroz,2011,693364,4.76,3301882,116,4954,0.0332228986726386,,,,,,,,,,,,,,,,,,,,0,0,0,0,0,0,0,0,0,0.0,0.0,0.0,0.0,0.0,0.0,0.0,,,,1,1
Italia,ITA,Europa,Cebada,2011,887279,4.36,3871140,145,5255,0.0126989532317961,,,,,,,,,,,,,,,,,,,,0,0,0,0,0,0,0,0,0,0.0,0.0,0.0,0.0,0.0,0.0,0.0,,,,1,1
Italia,ITA,Europa,Maíz,2011,898773,9.61,8637525,196,1085,-0.0046852839447704,,,,,,,,,,,,,,,,,,,,0,0,0,0,0,0,0,0,0,0.0,0.0,0.0,0.0,0.0,0.0,0.0,,,,1,1
Italia,ITA,Europa,Té,2011,305692,3.0,915914,266,4831,-0.0149662864959227,,,,,,,,,,,,,,,,,,,,0,0,0,0,0,0,0,0,0,0.0,0.0,0.0,0.0,0.0,0.0,0.0,,,,1,1
Italia,ITA,Europa,Caña de azúcar,2011,9563878,109.59,1048129669,113,2724,-0.017215303691885,,,,,,,,,,,,,,,,,,,,0,0,0,0,0,0,0,0,0,0.0,0.0,0.0,0.0,0.0,0.0,0.0,,,,1,1
Italia,ITA,Europa,Trigo,2011,3078347,3.97,12212620,155,2342,-0.0407751388384449,,,,,,,,,,,,,,,,,,,,0,0,0,0,0,0,0,0,0,0.0,0.0,0.0,0.0,0.0,0.0,0.0,,,,1,1
Italia,ITA,Europa,Soja,2011,1142469,3.25,3708106,184,7598,0.0088239457897606,,,,,,,,,,,,,,,,,,,,0,0,0,0,0,0,0,0,0,0.0,0.0,0.0,0.0,0.0,0.0,0.0,,,,1,1
Italia,ITA,Europa,Algodón,2012,1680650,3.89,6539425,162,9020,0.0231716960469428,,,,,,,,,,,,,,,,,,,,0,0,0,0,0,0,0,0,0,0.0,0.0,0.0,0.0,0.0,0.0,0.0,,,,1,1
Italia,ITA,Europa,Arroz,2012,694185,4.01,2784221,83,9408,0.0363271657594599,,,,,,,,,,,,,,,,,,,,0,0,0,0,0,0,0,0,0,0.0,0.0,0.0,0.0,0.0,0.0,0.0,,,,1,1
Italia,ITA,Europa,Cebada,2012,438318,2.99,1308788,193,7051,0.0421697355447871,,,,,,,,,,,,,,,,,,,,0,0,0,0,0,0,0,0,0,0.0,0.0,0.0,0.0,0.0,0.0,0.0,,,,1,1
Italia,ITA,Europa,Maíz,2012,6761265,3.35,22649333,183,3511,-0.038225778660575,,,,,,,,,,,,,,,,,,,,0,0,0,0,0,0,0,0,0,0.0,0.0,0.0,0.0,0.0,0.0,0.0,,,,1,1
Italia,ITA,Europa,Té,2012,194957,1.74,338646,86,7910,-0.045134895341977,,,,,,,,,,,,,,,,,,,,0,0,0,0,0,0,0,0,0,0.0,0.0,0.0,0.0,0.0,0.0,0.0,,,,1,1
Italia,ITA,Europa,Caña de azúcar,2012,5004516,81.97,410212809,81,9970,-0.0151351056489612,,,,,,,,,,,,,,,,,,,,0,0,0,0,0,0,0,0,0,0.0,0.0,0.0,0.0,0.0,0.0,0.0,,,,1,1
Italia,ITA,Europa,Trigo,2012,3690548,4.45,16424967,136,7181,-0.0024772451561242,,,,,,,,,,,,,,,,,,,,0,0,0,0,0,0,0,0,0,0.0,0.0,0.0,0.0,0.0,0.0,0.0,,,,1,1
Italia,ITA,Europa,Soja,2012,5296585,2.46,13043285,244,8371,0.0167220744856258,,,,,,,,,,,,,,,,,,,,0,0,0,0,0,0,0,0,0,0.0,0.0,0.0,0.0,0.0,0.0,0.0,,,,1,1
Italia,ITA,Europa,Algodón,2013,1318150,1.38,1819816,149,4814,0.0400244417752304,,,,,,,,,,,,,,,,,,,,0,0,0,0,0,0,0,0,0,0.0,0.0,0.0,0.0,0.0,0.0,0.0,,,,1,1
Italia,ITA,Europa,Arroz,2013,200336,8.51,1704690,215,2450,0.0365953573328366,,,,,,,,,,,,,,,,,,,,0,0,0,0,0,0,0,0,0,0.0,0.0,0.0,0.0,0.0,0.0,0.0,,,,1,1
Italia,ITA,Europa,Cebada,2013,1260924,4.92,6200491,215,3028,0.0143914189631885,,,,,,,,,,,,,,,,,,,,0,0,0,0,0,0,0,0,0,0.0,0.0,0.0,0.0,0.0,0.0,0.0,,,,1,1
Italia,ITA,Europa,Maíz,2013,8763227,5.9,51712072,98,8796,0.0002638801163913,,,,,,,,,,,,,,,,,,,,0,0,0,0,0,0,0,0,0,0.0,0.0,0.0,0.0,0.0,0.0,0.0,,,,1,1
Italia,ITA,Europa,Té,2013,263670,1.19,314388,112,8278,-0.0415352055378846,,,,,,,,,,,,,,,,,,,,0,0,0,0,0,0,0,0,0,0.0,0.0,0.0,0.0,0.0,0.0,0.0,,,,1,1
Italia,ITA,Europa,Caña de azúcar,2013,5494552,76.27,419073906,55,6569,-0.0062982580210953,,,,,,,,,,,,,,,,,,,,0,0,0,0,0,0,0,0,0,0.0,0.0,0.0,0.0,0.0,0.0,0.0,,,,1,1
Italia,ITA,Europa,Trigo,2013,4458333,3.12,13899088,75,9876,-0.0331844007332982,,,,,,,,,,,,,,,,,,,,0,0,0,0,0,0,0,0,0,0.0,0.0,0.0,0.0,0.0,0.0,0.0,,,,1,1
Italia,ITA,Europa,Soja,2013,2110590,3.95,8337126,223,3772,-0.0441086265336905,,,,,,,,,,,,,,,,,,,,0,0,0,0,0,0,0,0,0,0.0,0.0,0.0,0.0,0.0,0.0,0.0,,,,1,1
Italia,ITA,Europa,Algodón,2014,855749,0.86,736898,131,3334,-0.008717718800149,,,,,,,,,,,,,,,,,,,,0,0,0,0,0,0,0,0,0,0.0,0.0,0.0,0.0,0.0,0.0,0.0,,,,1,1
Italia,ITA,Europa,Arroz,2014,1561128,6.85,10695630,111,4874,-0.0007020559097668,,,,,,,,,,,,,,,,,,,,0,0,0,0,0,0,0,0,0,0.0,0.0,0.0,0.0,0.0,0.0,0.0,,,,1,1
Italia,ITA,Europa,Cebada,2014,871300,5.0,4354189,191,7669,-0.0434541788070116,,,,,,,,,,,,,,,,,,,,0,0,0,0,0,0,0,0,0,0.0,0.0,0.0,0.0,0.0,0.0,0.0,,,,1,1
Italia,ITA,Europa,Maíz,2014,3731247,7.71,28767873,200,2663,-0.0253683904089195,,,,,,,,,,,,,,,,,,,,0,0,0,0,0,0,0,0,0,0.0,0.0,0.0,0.0,0.0,0.0,0.0,,,,1,1
Italia,ITA,Europa,Té,2014,68411,1.36,92752,212,9199,-0.0296543093153226,,,,,,,,,,,,,,,,,,,,0,0,0,0,0,0,0,0,0,0.0,0.0,0.0,0.0,0.0,0.0,0.0,,,,1,1
Italia,ITA,Europa,Caña de azúcar,2014,7016452,74.03,519433796,293,7942,0.0461352109249627,,,,,,,,,,,,,,,,,,,,0,0,0,0,0,0,0,0,0,0.0,0.0,0.0,0.0,0.0,0.0,0.0,,,,1,1
Italia,ITA,Europa,Trigo,2014,382210,2.17,830564,124,3742,-0.0499457068292982,,,,,,,,,,,,,,,,,,,,0,0,0,0,0,0,0,0,0,0.0,0.0,0.0,0.0,0.0,0.0,0.0,,,,1,1
Italia,ITA,Europa,Soja,2014,4549595,2.89,13153563,139,4485,0.0085159166460366,,,,,,,,,,,,,,,,,,,,0,0,0,0,0,0,0,0,0,0.0,0.0,0.0,0.0,0.0,0.0,0.0,,,,1,1
Italia,ITA,Europa,Algodón,2015,201235,1.31,263694,72,7476,0.0198429309747941,,,,,,,,,,,,,,,,,,,,0,0,0,0,0,0,0,0,0,0.0,0.0,0.0,0.0,0.0,0.0,0.0,,,,1,1
Italia,ITA,Europa,Arroz,2015,2607415,7.36,19181110,179,6215,0.0383931612090028,,,,,,,,,,,,,,,,,,,,0,0,0,0,0,0,0,0,0,0.0,0.0,0.0,0.0,0.0,0.0,0.0,,,,1,1
Italia,ITA,Europa,Cebada,2015,1529574,3.71,5669495,112,6269,-0.0158370195250035,,,,,,,,,,,,,,,,,,,,0,0,0,0,0,0,0,0,0,0.0,0.0,0.0,0.0,0.0,0.0,0.0,,,,1,1
Italia,ITA,Europa,Maíz,2015,5694978,3.5,19915527,50,8807,-0.0495720752317868,,,,,,,,,,,,,,,,,,,,0,0,0,0,0,0,0,0,0,0.0,0.0,0.0,0.0,0.0,0.0,0.0,,,,1,1
Italia,ITA,Europa,Té,2015,82894,2.24,186020,245,7435,0.0038131453701472,,,,,,,,,,,,,,,,,,,,0,0,0,0,0,0,0,0,0,0.0,0.0,0.0,0.0,0.0,0.0,0.0,,,,1,1
Italia,ITA,Europa,Caña de azúcar,2015,1442535,116.94,168695300,163,3022,-0.0147005267649598,,,,,,,,,,,,,,,,,,,,0,0,0,0,0,0,0,0,0,0.0,0.0,0.0,0.0,0.0,0.0,0.0,,,,1,1
Italia,ITA,Europa,Trigo,2015,3347921,5.37,17963894,52,3044,-0.0037307468276615,,,,,,,,,,,,,,,,,,,,0,0,0,0,0,0,0,0,0,0.0,0.0,0.0,0.0,0.0,0.0,0.0,,,,1,1
Italia,ITA,Europa,Soja,2015,4313967,2.98,12846783,224,6862,-0.030848832361425,,,,,,,,,,,,,,,,,,,,0,0,0,0,0,0,0,0,0,0.0,0.0,0.0,0.0,0.0,0.0,0.0,,,,1,1
Italia,ITA,Europa,Algodón,2016,2973112,1.91,5679848,176,6947,-0.0463203957075205,,,,,,,,,,,,,,,,,,,,0,0,0,0,0,0,0,0,0,0.0,0.0,0.0,0.0,0.0,0.0,0.0,,,,1,1
Italia,ITA,Europa,Arroz,2016,3046476,4.92,14974997,260,7489,-0.0389053472355632,,,,,,,,,,,,,,,,,,,,0,0,0,0,0,0,0,0,0,0.0,0.0,0.0,0.0,0.0,0.0,0.0,,,,1,1
Italia,ITA,Europa,Cebada,2016,1016055,4.52,4596256,194,3875,-0.0434639374999965,,,,,,,,,,,,,,,,,,,,0,0,0,0,0,0,0,0,0,0.0,0.0,0.0,0.0,0.0,0.0,0.0,,,,1,1
Italia,ITA,Europa,Maíz,2016,1097460,5.05,5546597,275,9570,0.02288988663424,,,,,,,,,,,,,,,,,,,,0,0,0,0,0,0,0,0,0,0.0,0.0,0.0,0.0,0.0,0.0,0.0,,,,1,1
Italia,ITA,Europa,Té,2016,12151,3.25,39442,114,8437,-0.0498045035169345,,,,,,,,,,,,,,,,,,,,0,0,0,0,0,0,0,0,0,0.0,0.0,0.0,0.0,0.0,0.0,0.0,,,,1,1
Italia,ITA,Europa,Caña de azúcar,2016,887296,114.03,101181314,154,5489,-0.0378282303510804,,,,,,,,,,,,,,,,,,,,0,0,0,0,0,0,0,0,0,0.0,0.0,0.0,0.0,0.0,0.0,0.0,,,,1,1
Italia,ITA,Europa,Trigo,2016,4327633,5.13,22202890,107,1769,-0.0222066969287458,,,,,,,,,,,,,,,,,,,,0,0,0,0,0,0,0,0,0,0.0,0.0,0.0,0.0,0.0,0.0,0.0,,,,1,1
Italia,ITA,Europa,Soja,2016,3838343,2.85,10933015,275,1415,0.0490264644752772,,,,,,,,,,,,,,,,,,,,0,0,0,0,0,0,0,0,0,0.0,0.0,0.0,0.0,0.0,0.0,0.0,,,,1,1
Italia,ITA,Europa,Algodón,2017,2724919,1.74,4750718,92,6394,-0.0189194142350225,,,,,,,,,,,,,,,,,,,,0,0,0,0,0,0,0,0,0,0.0,0.0,0.0,0.0,0.0,0.0,0.0,,,,1,1
Italia,ITA,Europa,Arroz,2017,449714,3.41,1531375,254,6477,0.034050758369572,,,,,,,,,,,,,,,,,,,,0,0,0,0,0,0,0,0,0,0.0,0.0,0.0,0.0,0.0,0.0,0.0,,,,1,1
Italia,ITA,Europa,Cebada,2017,945971,2.7,2558496,135,9514,0.0294111119484481,,,,,,,,,,,,,,,,,,,,0,0,0,0,0,0,0,0,0,0.0,0.0,0.0,0.0,0.0,0.0,0.0,,,,1,1
Italia,ITA,Europa,Maíz,2017,8997045,8.97,80747593,71,1994,0.0416714377949712,,,,,,,,,,,,,,,,,,,,0,0,0,0,0,0,0,0,0,0.0,0.0,0.0,0.0,0.0,0.0,0.0,,,,1,1
Italia,ITA,Europa,Té,2017,34320,2.31,79203,64,5939,0.0110738639728614,,,,,,,,,,,,,,,,,,,,0,0,0,0,0,0,0,0,0,0.0,0.0,0.0,0.0,0.0,0.0,0.0,,,,1,1
Italia,ITA,Europa,Caña de azúcar,2017,1737623,96.7,168028447,147,7581,-0.0404169748594597,,,,,,,,,,,,,,,,,,,,0,0,0,0,0,0,0,0,0,0.0,0.0,0.0,0.0,0.0,0.0,0.0,,,,1,1
Italia,ITA,Europa,Trigo,2017,2232070,8.31,18553247,166,7290,-0.0035790906882549,,,,,,,,,,,,,,,,,,,,0,0,0,0,0,0,0,0,0,0.0,0.0,0.0,0.0,0.0,0.0,0.0,,,,1,1
Italia,ITA,Europa,Soja,2017,5304593,3.96,20995100,250,1425,-0.004592323662927,,,,,,,,,,,,,,,,,,,,0,0,0,0,0,0,0,0,0,0.0,0.0,0.0,0.0,0.0,0.0,0.0,,,,1,1
Italia,ITA,Europa,Algodón,2018,789284,1.13,894984,201,4172,0.040436999181816,,,,,,,,,,,,,,,,,,,,0,0,0,0,0,0,0,0,0,0.0,0.0,0.0,0.0,0.0,0.0,0.0,,,,1,1
Italia,ITA,Europa,Arroz,2018,1920389,4.93,9466327,163,4046,-0.0256847522127086,,,,,,,,,,,,,,,,,,,,0,0,0,0,0,0,0,0,0,0.0,0.0,0.0,0.0,0.0,0.0,0.0,,,,1,1
Italia,ITA,Europa,Cebada,2018,154313,3.06,471967,216,6861,-0.0188811759772405,,,,,,,,,,,,,,,,,,,,0,0,0,0,0,0,0,0,0,0.0,0.0,0.0,0.0,0.0,0.0,0.0,,,,1,1
Italia,ITA,Europa,Maíz,2018,3080788,3.55,10930096,144,1132,0.0017680589753686,,,,,,,,,,,,,,,,,,,,0,0,0,0,0,0,0,0,0,0.0,0.0,0.0,0.0,0.0,0.0,0.0,,,,1,1
Italia,ITA,Europa,Té,2018,84541,1.23,104002,269,1894,-0.0077938859583317,,,,,,,,,,,,,,,,,,,,0,0,0,0,0,0,0,0,0,0.0,0.0,0.0,0.0,0.0,0.0,0.0,,,,1,1
Italia,ITA,Europa,Caña de azúcar,2018,3105432,75.45,234301414,98,8794,0.019478157678128,,,,,,,,,,,,,,,,,,,,0,0,0,0,0,0,0,0,0,0.0,0.0,0.0,0.0,0.0,0.0,0.0,,,,1,1
Italia,ITA,Europa,Trigo,2018,3519426,6.94,24425443,126,7859,-0.0171380950791537,,,,,,,,,,,,,,,,,,,,0,0,0,0,0,0,0,0,0,0.0,0.0,0.0,0.0,0.0,0.0,0.0,,,,1,1
Italia,ITA,Europa,Soja,2018,6569550,3.05,20044312,50,4654,0.0193220557497993,,,,,,,,,,,,,,,,,,,,0,0,0,0,0,0,0,0,0,0.0,0.0,0.0,0.0,0.0,0.0,0.0,,,,1,1
Italia,ITA,Europa,Algodón,2019,926244,2.13,1975852,134,7158,-0.0294683639702852,,,,,,,,,,,,,,,,,,,,0,0,0,0,0,0,0,0,0,0.0,0.0,0.0,0.0,0.0,0.0,0.0,,,,1,1
Italia,ITA,Europa,Arroz,2019,34654,3.63,125645,79,3333,-0.0209423784610568,,,,,,,,,,,,,,,,,,,,0,0,0,0,0,0,0,0,0,0.0,0.0,0.0,0.0,0.0,0.0,0.0,,,,1,1
Italia,ITA,Europa,Cebada,2019,1123753,6.14,6901949,100,4241,-0.021589911599348,,,,,,,,,,,,,,,,,,,,0,0,0,0,0,0,0,0,0,0.0,0.0,0.0,0.0,0.0,0.0,0.0,,,,1,1
Italia,ITA,Europa,Maíz,2019,4142319,7.64,31647936,95,4211,-0.0478507971941848,,,,,,,,,,,,,,,,,,,,0,0,0,0,0,0,0,0,0,0.0,0.0,0.0,0.0,0.0,0.0,0.0,,,,1,1
Italia,ITA,Europa,Té,2019,65220,1.08,70138,251,2818,-0.0161616720735176,,,,,,,,,,,,,,,,,,,,0,0,0,0,0,0,0,0,0,0.0,0.0,0.0,0.0,0.0,0.0,0.0,,,,1,1
Italia,ITA,Europa,Caña de azúcar,2019,7033683,87.66,616551861,290,9633,0.0477101846032014,,,,,,,,,,,,,,,,,,,,0,0,0,0,0,0,0,0,0,0.0,0.0,0.0,0.0,0.0,0.0,0.0,,,,1,1
Italia,ITA,Europa,Trigo,2019,4768433,5.37,25585907,286,3142,0.0294898116511412,,,,,,,,,,,,,,,,,,,,0,0,0,0,0,0,0,0,0,0.0,0.0,0.0,0.0,0.0,0.0,0.0,,,,1,1
Italia,ITA,Europa,Soja,2019,2932727,3.53,10350534,212,5006,0.0421013594017887,,,,,,,,,,,,,,,,,,,,0,0,0,0,0,0,0,0,0,0.0,0.0,0.0,0.0,0.0,0.0,0.0,,,,1,1
Italia,ITA,Europa,Algodón,2020,2954981,1.73,5105131,133,5049,-0.0446741024930334,,,,,,,,,,,,,,,,,,,,0,0,0,0,0,0,0,0,0,0.0,0.0,0.0,0.0,0.0,0.0,0.0,,,,1,1
Italia,ITA,Europa,Arroz,2020,657335,8.68,5707868,103,2333,0.0284665222992504,,,,,,,,,,,,,,,,,,,,0,0,0,0,0,0,0,0,0,0.0,0.0,0.0,0.0,0.0,0.0,0.0,,,,1,1
Italia,ITA,Europa,Cebada,2020,1571050,2.94,4623222,215,9342,-0.0125733908276351,,,,,,,,,,,,,,,,,,,,0,0,0,0,0,0,0,0,0,0.0,0.0,0.0,0.0,0.0,0.0,0.0,,,,1,1
Italia,ITA,Europa,Maíz,2020,3292576,5.28,17380911,233,9106,-0.0026241844383363,,,,,,,,,,,,,,,,,,,,0,0,0,0,0,0,0,0,0,0.0,0.0,0.0,0.0,0.0,0.0,0.0,,,,1,1
Italia,ITA,Europa,Té,2020,21549,1.61,34785,110,7486,-0.028140627364815,,,,,,,,,,,,,,,,,,,,0,0,0,0,0,0,0,0,0,0.0,0.0,0.0,0.0,0.0,0.0,0.0,,,,1,1
Italia,ITA,Europa,Caña de azúcar,2020,6416127,106.53,683478047,190,2388,-0.036566968447251,,,,,,,,,,,,,,,,,,,,0,0,0,0,0,0,0,0,0,0.0,0.0,0.0,0.0,0.0,0.0,0.0,,,,1,1
Italia,ITA,Europa,Trigo,2020,3196905,3.93,12574146,181,6511,-0.0073897656417256,,,,,,,,,,,,,,,,,,,,0,0,0,0,0,0,0,0,0,0.0,0.0,0.0,0.0,0.0,0.0,0.0,,,,1,1
Italia,ITA,Europa,Soja,2020,3599904,3.01,10842100,56,3942,-0.0058311505363953,,,,,,,,,,,,,,,,,,,,0,0,0,0,0,0,0,0,0,0.0,0.0,0.0,0.0,0.0,0.0,0.0,,,,1,1
Canadá,CAN,América del Norte,Cebada,2011,216943,2.79,605290,135,4221,0.0175107325086305,,,,,,,,,,,,,,,,,,,,0,0,0,0,0,0,0,0,0,0.0,0.0,0.0,0.0,0.0,0.0,0.0,,,,1,1
Canadá,CAN,América del Norte,Soja,2011,6254032,4.13,25856568,230,3258,0.049840509783476,,,,,,,,,,,,,,,,,,,,0,0,0,0,0,0,0,0,0,0.0,0.0,0.0,0.0,0.0,0.0,0.0,,,,1,1
Canadá,CAN,América del Norte,Girasol,2011,4646518,2.51,11664945,260,6679,0.0283128254092055,,,,,,,,,,,,,,,,,,,,0,0,0,0,0,0,0,0,0,0.0,0.0,0.0,0.0,0.0,0.0,0.0,,,,1,1
Canadá,CAN,América del Norte,Maíz,2011,6908813,8.24,56940759,217,9399,0.0489274626680914,,,,,,,,,,,,,,,,,,,,0,0,0,0,0,0,0,0,0,0.0,0.0,0.0,0.0,0.0,0.0,0.0,,,,1,1
Canadá,CAN,América del Norte,Trigo,2011,3447014,3.35,11537269,109,9451,0.0087003639235903,,,,,,,,,,,,,,,,,,,,0,0,0,0,0,0,0,0,0,0.0,0.0,0.0,0.0,0.0,0.0,0.0,,,,1,1
Canadá,CAN,América del Norte,Té,2011,248132,2.62,649630,130,4077,-0.0071207025869704,,,,,,,,,,,,,,,,,,,,0,0,0,0,0,0,0,0,0,0.0,0.0,0.0,0.0,0.0,0.0,0.0,,,,1,1
Canadá,CAN,América del Norte,Algodón,2011,1804515,1.62,2930799,145,3276,0.0077508448613809,,,,,,,,,,,,,,,,,,,,0,0,0,0,0,0,0,0,0,0.0,0.0,0.0,0.0,0.0,0.0,0.0,,,,1,1
Canadá,CAN,América del Norte,Café,2011,488857,2.07,1011734,140,6567,-0.0274509359753524,,,,,,,,,,,,,,,,,,,,0,0,0,0,0,0,0,0,0,0.0,0.0,0.0,0.0,0.0,0.0,0.0,,,,1,1
Canadá,CAN,América del Norte,Cebada,2012,1587445,4.4,6979736,133,1380,0.0067577427516563,,,,,,,,,,,,,,,,,,,,0,0,0,0,0,0,0,0,0,0.0,0.0,0.0,0.0,0.0,0.0,0.0,,,,1,1
Canadá,CAN,América del Norte,Soja,2012,1172792,3.15,3690568,211,7404,0.0480172115425158,,,,,,,,,,,,,,,,,,,,0,0,0,0,0,0,0,0,0,0.0,0.0,0.0,0.0,0.0,0.0,0.0,,,,1,1
Canadá,CAN,América del Norte,Girasol,2012,3222852,1.54,4968786,134,8397,0.0139003305843053,,,,,,,,,,,,,,,,,,,,0,0,0,0,0,0,0,0,0,0.0,0.0,0.0,0.0,0.0,0.0,0.0,,,,1,1
Canadá,CAN,América del Norte,Maíz,2012,2947701,3.27,9651947,226,9005,-0.0473161494831054,,,,,,,,,,,,,,,,,,,,0,0,0,0,0,0,0,0,0,0.0,0.0,0.0,0.0,0.0,0.0,0.0,,,,1,1
Canadá,CAN,América del Norte,Trigo,2012,3191974,3.47,11062828,67,8449,-0.0442546819384006,,,,,,,,,,,,,,,,,,,,0,0,0,0,0,0,0,0,0,0.0,0.0,0.0,0.0,0.0,0.0,0.0,,,,1,1
Canadá,CAN,América del Norte,Té,2012,91662,1.86,170649,78,3115,0.0036453019219735,,,,,,,,,,,,,,,,,,,,0,0,0,0,0,0,0,0,0,0.0,0.0,0.0,0.0,0.0,0.0,0.0,,,,1,1
Canadá,CAN,América del Norte,Algodón,2012,295712,2.3,678713,272,4369,-0.0190242823718483,,,,,,,,,,,,,,,,,,,,0,0,0,0,0,0,0,0,0,0.0,0.0,0.0,0.0,0.0,0.0,0.0,,,,1,1
Canadá,CAN,América del Norte,Café,2012,364301,1.71,622440,200,4325,0.000247502115944,,,,,,,,,,,,,,,,,,,,0,0,0,0,0,0,0,0,0,0.0,0.0,0.0,0.0,0.0,0.0,0.0,,,,1,1
Canadá,CAN,América del Norte,Cebada,2013,607890,3.77,2293734,261,7541,0.0104848599490268,,,,,,,,,,,,,,,,,,,,0,0,0,0,0,0,0,0,0,0.0,0.0,0.0,0.0,0.0,0.0,0.0,,,,1,1
Canadá,CAN,América del Norte,Soja,2013,2744901,4.92,13495623,197,1640,0.0237290710889568,,,,,,,,,,,,,,,,,,,,0,0,0,0,0,0,0,0,0,0.0,0.0,0.0,0.0,0.0,0.0,0.0,,,,1,1
Canadá,CAN,América del Norte,Girasol,2013,3773612,2.71,10237643,150,3869,-0.0084947241476663,,,,,,,,,,,,,,,,,,,,0,0,0,0,0,0,0,0,0,0.0,0.0,0.0,0.0,0.0,0.0,0.0,,,,1,1
Canadá,CAN,América del Norte,Maíz,2013,7108726,6.54,46479474,195,2565,-0.0106448682407701,,,,,,,,,,,,,,,,,,,,0,0,0,0,0,0,0,0,0,0.0,0.0,0.0,0.0,0.0,0.0,0.0,,,,1,1
Canadá,CAN,América del Norte,Trigo,2013,2201505,7.04,15492159,187,5782,0.0166656940551819,,,,,,,,,,,,,,,,,,,,0,0,0,0,0,0,0,0,0,0.0,0.0,0.0,0.0,0.0,0.0,0.0,,,,1,1
Canadá,CAN,América del Norte,Té,2013,108779,2.93,318827,81,7041,-0.0423466363881551,,,,,,,,,,,,,,,,,,,,0,0,0,0,0,0,0,0,0,0.0,0.0,0.0,0.0,0.0,0.0,0.0,,,,1,1
Canadá,CAN,América del Norte,Algodón,2013,1312605,1.76,2312470,61,8572,-0.0473282120576534,,,,,,,,,,,,,,,,,,,,0,0,0,0,0,0,0,0,0,0.0,0.0,0.0,0.0,0.0,0.0,0.0,,,,1,1
Canadá,CAN,América del Norte,Café,2013,368100,2.04,752743,269,4185,-0.0103325672166238,,,,,,,,,,,,,,,,,,,,0,0,0,0,0,0,0,0,0,0.0,0.0,0.0,0.0,0.0,0.0,0.0,,,,1,1
Canadá,CAN,América del Norte,Cebada,2014,226944,4.47,1015564,168,8942,-0.0038643002001664,,,,,,,,,,,,,,,,,,,,0,0,0,0,0,0,0,0,0,0.0,0.0,0.0,0.0,0.0,0.0,0.0,,,,1,1
Canadá,CAN,América del Norte,Soja,2014,5216721,3.14,16389617,260,5573,0.0341562533090759,,,,,,,,,,,,,,,,,,,,0,0,0,0,0,0,0,0,0,0.0,0.0,0.0,0.0,0.0,0.0,0.0,,,,1,1
Canadá,CAN,América del Norte,Girasol,2014,154263,2.1,323502,239,7403,-0.0331546626407017,,,,,,,,,,,,,,,,,,,,0,0,0,0,0,0,0,0,0,0.0,0.0,0.0,0.0,0.0,0.0,0.0,,,,1,1
Canadá,CAN,América del Norte,Maíz,2014,304039,6.38,1941216,105,1564,0.0392687705718309,,,,,,,,,,,,,,,,,,,,0,0,0,0,0,0,0,0,0,0.0,0.0,0.0,0.0,0.0,0.0,0.0,,,,1,1
Canadá,CAN,América del Norte,Trigo,2014,3827883,7.67,29350961,214,2684,-0.0109381610972086,,,,,,,,,,,,,,,,,,,,0,0,0,0,0,0,0,0,0,0.0,0.0,0.0,0.0,0.0,0.0,0.0,,,,1,1
Canadá,CAN,América del Norte,Té,2014,27470,1.73,47624,101,5091,-0.0125355296516743,,,,,,,,,,,,,,,,,,,,0,0,0,0,0,0,0,0,0,0.0,0.0,0.0,0.0,0.0,0.0,0.0,,,,1,1
Canadá,CAN,América del Norte,Algodón,2014,375914,0.73,273060,260,4148,0.0179959525681655,,,,,,,,,,,,,,,,,,,,0,0,0,0,0,0,0,0,0,0.0,0.0,0.0,0.0,0.0,0.0,0.0,,,,1,1
Canadá,CAN,América del Norte,Café,2014,433122,0.82,357286,235,3736,-0.0455987487616539,,,,,,,,,,,,,,,,,,,,0,0,0,0,0,0,0,0,0,0.0,0.0,0.0,0.0,0.0,0.0,0.0,,,,1,1
Canadá,CAN,América del Norte,Cebada,2015,1764281,3.39,5976615,103,9875,-0.0104936078645861,,,,,,,,,,,,,,,,,,,,0,0,0,0,0,0,0,0,0,0.0,0.0,0.0,0.0,0.0,0.0,0.0,,,,1,1
Canadá,CAN,América del Norte,Soja,2015,2013556,2.49,5012555,152,6181,-0.0488018621584872,,,,,,,,,,,,,,,,,,,,0,0,0,0,0,0,0,0,0,0.0,0.0,0.0,0.0,0.0,0.0,0.0,,,,1,1
Canadá,CAN,América del Norte,Girasol,2015,1771021,1.92,3401053,144,1719,-0.0432668731469958,,,,,,,,,,,,,,,,,,,,0,0,0,0,0,0,0,0,0,0.0,0.0,0.0,0.0,0.0,0.0,0.0,,,,1,1
Canadá,CAN,América del Norte,Maíz,2015,4929105,9.6,47335093,232,9784,0.0291259773005033,,,,,,,,,,,,,,,,,,,,0,0,0,0,0,0,0,0,0,0.0,0.0,0.0,0.0,0.0,0.0,0.0,,,,1,1
Canadá,CAN,América del Norte,Trigo,2015,5454388,3.69,20139124,211,7366,0.017790052238519,,,,,,,,,,,,,,,,,,,,0,0,0,0,0,0,0,0,0,0.0,0.0,0.0,0.0,0.0,0.0,0.0,,,,1,1
Canadá,CAN,América del Norte,Té,2015,80829,1.96,158122,131,8899,-0.0432486516720762,,,,,,,,,,,,,,,,,,,,0,0,0,0,0,0,0,0,0,0.0,0.0,0.0,0.0,0.0,0.0,0.0,,,,1,1
Canadá,CAN,América del Norte,Algodón,2015,2232604,2.53,5644196,178,1217,-0.0267394095501204,,,,,,,,,,,,,,,,,,,,0,0,0,0,0,0,0,0,0,0.0,0.0,0.0,0.0,0.0,0.0,0.0,,,,1,1
Canadá,CAN,América del Norte,Café,2015,497211,0.65,325610,112,2300,-0.0440076983440254,,,,,,,,,,,,,,,,,,,,0,0,0,0,0,0,0,0,0,0.0,0.0,0.0,0.0,0.0,0.0,0.0,,,,1,1
Canadá,CAN,América del Norte,Cebada,2016,622268,3.18,1977265,110,8270,0.0239255636016517,,,,,,,,,,,,,,,,,,,,0,0,0,0,0,0,0,0,0,0.0,0.0,0.0,0.0,0.0,0.0,0.0,,,,1,1
Canadá,CAN,América del Norte,Soja,2016,2332563,3.01,7026224,252,7797,0.0148046425079632,,,,,,,,,,,,,,,,,,,,0,0,0,0,0,0,0,0,0,0.0,0.0,0.0,0.0,0.0,0.0,0.0,,,,1,1
Canadá,CAN,América del Norte,Girasol,2016,201865,2.04,411687,102,9836,-0.0445926018754899,,,,,,,,,,,,,,,,,,,,0,0,0,0,0,0,0,0,0,0.0,0.0,0.0,0.0,0.0,0.0,0.0,,,,1,1
Canadá,CAN,América del Norte,Maíz,2016,4973395,8.51,42338156,273,7250,0.0021471927476204,,,,,,,,,,,,,,,,,,,,0,0,0,0,0,0,0,0,0,0.0,0.0,0.0,0.0,0.0,0.0,0.0,,,,1,1
Canadá,CAN,América del Norte,Trigo,2016,66221,2.7,179034,63,3318,0.043827452662751,,,,,,,,,,,,,,,,,,,,0,0,0,0,0,0,0,0,0,0.0,0.0,0.0,0.0,0.0,0.0,0.0,,,,1,1
Canadá,CAN,América del Norte,Té,2016,84271,2.8,235569,110,9313,-0.042183548639536,,,,,,,,,,,,,,,,,,,,0,0,0,0,0,0,0,0,0,0.0,0.0,0.0,0.0,0.0,0.0,0.0,,,,1,1
Canadá,CAN,América del Norte,Algodón,2016,1444532,1.28,1851895,205,5079,-0.0196899292727165,,,,,,,,,,,,,,,,,,,,0,0,0,0,0,0,0,0,0,0.0,0.0,0.0,0.0,0.0,0.0,0.0,,,,1,1
Canadá,CAN,América del Norte,Café,2016,352323,1.03,362132,293,6891,-0.010175552682789,,,,,,,,,,,,,,,,,,,,0,0,0,0,0,0,0,0,0,0.0,0.0,0.0,0.0,0.0,0.0,0.0,,,,1,1
Canadá,CAN,América del Norte,Cebada,2017,857573,4.07,3490854,89,8897,-0.0480188922867705,,,,,,,,,,,,,,,,,,,,0,0,0,0,0,0,0,0,0,0.0,0.0,0.0,0.0,0.0,0.0,0.0,,,,1,1
Canadá,CAN,América del Norte,Soja,2017,7167439,2.91,20887374,187,3503,0.0052852136840285,,,,,,,,,,,,,,,,,,,,0,0,0,0,0,0,0,0,0,0.0,0.0,0.0,0.0,0.0,0.0,0.0,,,,1,1
Canadá,CAN,América del Norte,Girasol,2017,2958416,2.29,6783722,205,8878,-0.0428060350319488,,,,,,,,,,,,,,,,,,,,0,0,0,0,0,0,0,0,0,0.0,0.0,0.0,0.0,0.0,0.0,0.0,,,,1,1
Canadá,CAN,América del Norte,Maíz,2017,7266389,4.34,31530256,270,9203,0.0230368641952763,,,,,,,,,,,,,,,,,,,,0,0,0,0,0,0,0,0,0,0.0,0.0,0.0,0.0,0.0,0.0,0.0,,,,1,1
Canadá,CAN,América del Norte,Trigo,2017,3383017,10.14,34298955,145,7292,-0.0010448885650852,,,,,,,,,,,,,,,,,,,,0,0,0,0,0,0,0,0,0,0.0,0.0,0.0,0.0,0.0,0.0,0.0,,,,1,1
Canadá,CAN,América del Norte,Té,2017,41157,1.67,68722,148,3660,-0.0305771799661585,,,,,,,,,,,,,,,,,,,,0,0,0,0,0,0,0,0,0,0.0,0.0,0.0,0.0,0.0,0.0,0.0,,,,1,1
Canadá,CAN,América del Norte,Algodón,2017,1089370,3.48,3792750,231,9005,0.013497974491484,,,,,,,,,,,,,,,,,,,,0,0,0,0,0,0,0,0,0,0.0,0.0,0.0,0.0,0.0,0.0,0.0,,,,1,1
Canadá,CAN,América del Norte,Café,2017,30906,2.26,69796,112,8827,-0.0465492427934195,,,,,,,,,,,,,,,,,,,,0,0,0,0,0,0,0,0,0,0.0,0.0,0.0,0.0,0.0,0.0,0.0,,,,1,1
Canadá,CAN,América del Norte,Cebada,2018,1564230,4.24,6624671,87,5281,0.0105435635562768,,,,,,,,,,,,,,,,,,,,0,0,0,0,0,0,0,0,0,0.0,0.0,0.0,0.0,0.0,0.0,0.0,,,,1,1
Canadá,CAN,América del Norte,Soja,2018,1594394,3.56,5669552,265,3644,-0.0487662612522165,,,,,,,,,,,,,,,,,,,,0,0,0,0,0,0,0,0,0,0.0,0.0,0.0,0.0,0.0,0.0,0.0,,,,1,1
Canadá,CAN,América del Norte,Girasol,2018,3746391,2.66,9965710,182,4093,0.0376006166807896,,,,,,,,,,,,,,,,,,,,0,0,0,0,0,0,0,0,0,0.0,0.0,0.0,0.0,0.0,0.0,0.0,,,,1,1
Canadá,CAN,América del Norte,Maíz,2018,6608737,5.01,33103476,218,7271,0.0086079771131119,,,,,,,,,,,,,,,,,,,,0,0,0,0,0,0,0,0,0,0.0,0.0,0.0,0.0,0.0,0.0,0.0,,,,1,1
Canadá,CAN,América del Norte,Trigo,2018,873956,2.98,2601509,258,3338,-0.0230978662157579,,,,,,,,,,,,,,,,,,,,0,0,0,0,0,0,0,0,0,0.0,0.0,0.0,0.0,0.0,0.0,0.0,,,,1,1
Canadá,CAN,América del Norte,Té,2018,193737,1.73,335768,175,1025,-0.040312933869778,,,,,,,,,,,,,,,,,,,,0,0,0,0,0,0,0,0,0,0.0,0.0,0.0,0.0,0.0,0.0,0.0,,,,1,1
Canadá,CAN,América del Norte,Algodón,2018,2038137,2.93,5961916,93,3890,-0.0125348611277341,,,,,,,,,,,,,,,,,,,,0,0,0,0,0,0,0,0,0,0.0,0.0,0.0,0.0,0.0,0.0,0.0,,,,1,1
Canadá,CAN,América del Norte,Café,2018,118266,1.3,153991,195,4482,-0.031436195819869,,,,,,,,,,,,,,,,,,,,0,0,0,0,0,0,0,0,0,0.0,0.0,0.0,0.0,0.0,0.0,0.0,,,,1,1
Canadá,CAN,América del Norte,Cebada,2019,332542,5.35,1779861,273,7697,-0.0059269550242741,,,,,,,,,,,,,,,,,,,,0,0,0,0,0,0,0,0,0,0.0,0.0,0.0,0.0,0.0,0.0,0.0,,,,1,1
Canadá,CAN,América del Norte,Soja,2019,1213285,3.44,4177444,146,3042,-0.0223237797139119,,,,,,,,,,,,,,,,,,,,0,0,0,0,0,0,0,0,0,0.0,0.0,0.0,0.0,0.0,0.0,0.0,,,,1,1
Canadá,CAN,América del Norte,Girasol,2019,4796083,2.11,10124173,52,2000,-0.023391924983413,,,,,,,,,,,,,,,,,,,,0,0,0,0,0,0,0,0,0,0.0,0.0,0.0,0.0,0.0,0.0,0.0,,,,1,1
Canadá,CAN,América del Norte,Maíz,2019,12630627,6.36,80315674,252,1118,-0.012433419672411,,,,,,,,,,,,,,,,,,,,0,0,0,0,0,0,0,0,0,0.0,0.0,0.0,0.0,0.0,0.0,0.0,,,,1,1
Canadá,CAN,América del Norte,Trigo,2019,2374527,7.14,16964164,159,6514,-0.0129214877770394,,,,,,,,,,,,,,,,,,,,0,0,0,0,0,0,0,0,0,0.0,0.0,0.0,0.0,0.0,0.0,0.0,,,,1,1
Canadá,CAN,América del Norte,Té,2019,206128,3.25,670267,146,1937,0.0475305060714701,,,,,,,,,,,,,,,,,,,,0,0,0,0,0,0,0,0,0,0.0,0.0,0.0,0.0,0.0,0.0,0.0,,,,1,1
Canadá,CAN,América del Norte,Algodón,2019,524740,1.12,590178,263,3275,-0.0474319572732529,,,,,,,,,,,,,,,,,,,,0,0,0,0,0,0,0,0,0,0.0,0.0,0.0,0.0,0.0,0.0,0.0,,,,1,1
Canadá,CAN,América del Norte,Café,2019,246254,1.25,308162,144,8404,0.0118351695583648,,,,,,,,,,,,,,,,,,,,0,0,0,0,0,0,0,0,0,0.0,0.0,0.0,0.0,0.0,0.0,0.0,,,,1,1
Canadá,CAN,América del Norte,Cebada,2020,1139023,3.9,4437110,213,6278,-0.0483369695888628,,,,,,,,,,,,,,,,,,,,0,0,0,0,0,0,0,0,0,0.0,0.0,0.0,0.0,0.0,0.0,0.0,,,,1,1
Canadá,CAN,América del Norte,Soja,2020,425259,5.12,2176149,109,8938,-0.0099834809160198,,,,,,,,,,,,,,,,,,,,0,0,0,0,0,0,0,0,0,0.0,0.0,0.0,0.0,0.0,0.0,0.0,,,,1,1
Canadá,CAN,América del Norte,Girasol,2020,769815,2.92,2251330,171,2645,0.0234277742988307,,,,,,,,,,,,,,,,,,,,0,0,0,0,0,0,0,0,0,0.0,0.0,0.0,0.0,0.0,0.0,0.0,,,,1,1
Canadá,CAN,América del Norte,Maíz,2020,3198070,10.2,32617556,250,9267,-0.04682542523156,,,,,,,,,,,,,,,,,,,,0,0,0,0,0,0,0,0,0,0.0,0.0,0.0,0.0,0.0,0.0,0.0,,,,1,1
Canadá,CAN,América del Norte,Trigo,2020,788131,4.13,3255965,273,8648,-0.0331947148618038,,,,,,,,,,,,,,,,,,,,0,0,0,0,0,0,0,0,0,0.0,0.0,0.0,0.0,0.0,0.0,0.0,,,,1,1
Canadá,CAN,América del Norte,Té,2020,62577,1.84,115303,93,2465,-0.0394530322887797,,,,,,,,,,,,,,,,,,,,0,0,0,0,0,0,0,0,0,0.0,0.0,0.0,0.0,0.0,0.0,0.0,,,,1,1
Canadá,CAN,América del Norte,Algodón,2020,170885,1.94,332256,246,5593,-0.0279623965031095,,,,,,,,,,,,,,,,,,,,0,0,0,0,0,0,0,0,0,0.0,0.0,0.0,0.0,0.0,0.0,0.0,,,,1,1
Canadá,CAN,América del Norte,Café,2020,233432,2.69,628964,286,9757,0.0133548190634059,,,,,,,,,,,,,,,,,,,,0,0,0,0,0,0,0,0,0,0.0,0.0,0.0,0.0,0.0,0.0,0.0,,,,1,1
Rusia,RUS,Europa/Asia,Caña de azúcar,2011,6394827,126.01,805841104,161,4823,-0.0276449164307907,,,,,,,,,,,,,,,,,,,,0,0,0,0,0,0,0,0,0,0.0,0.0,0.0,0.0,0.0,0.0,0.0,,,,1,1
Rusia,RUS,Europa/Asia,Soja,2011,774349,2.62,2028226,98,2902,0.0072839009521432,,,,,,,,,,,,,,,,,,,,0,0,0,0,0,0,0,0,0,0.0,0.0,0.0,0.0,0.0,0.0,0.0,,,,1,1
Rusia,RUS,Europa/Asia,Girasol,2011,2602793,2.99,7776662,65,9775,-0.0310142324513803,,,,,,,,,,,,,,,,,,,,0,0,0,0,0,0,0,0,0,0.0,0.0,0.0,0.0,0.0,0.0,0.0,,,,1,1
Rusia,RUS,Europa/Asia,Algodón,2011,1781063,1.95,3478146,253,3069,0.0019751382349005,,,,,,,,,,,,,,,,,,,,0,0,0,0,0,0,0,0,0,0.0,0.0,0.0,0.0,0.0,0.0,0.0,,,,1,1
Rusia,RUS,Europa/Asia,Café,2011,118650,0.63,75194,130,3370,0.0316147960296943,,,,,,,,,,,,,,,,,,,,0,0,0,0,0,0,0,0,0,0.0,0.0,0.0,0.0,0.0,0.0,0.0,,,,1,1
Rusia,RUS,Europa/Asia,Cebada,2011,461680,4.3,1985833,87,1562,0.0098880308271492,,,,,,,,,,,,,,,,,,,,0,0,0,0,0,0,0,0,0,0.0,0.0,0.0,0.0,0.0,0.0,0.0,,,,1,1
Rusia,RUS,Europa/Asia,Maíz,2011,2161490,5.72,12367589,211,4534,-0.0004974474821276,,,,,,,,,,,,,,,,,,,,0,0,0,0,0,0,0,0,0,0.0,0.0,0.0,0.0,0.0,0.0,0.0,,,,1,1
Rusia,RUS,Europa/Asia,Trigo,2011,3228420,2.37,7648988,233,4450,0.0348069948946372,,,,,,,,,,,,,,,,,,,,0,0,0,0,0,0,0,0,0,0.0,0.0,0.0,0.0,0.0,0.0,0.0,,,,1,1
Rusia,RUS,Europa/Asia,Caña de azúcar,2012,3991120,92.95,370966107,95,8987,0.022739546292877,,,,,,,,,,,,,,,,,,,,0,0,0,0,0,0,0,0,0,0.0,0.0,0.0,0.0,0.0,0.0,0.0,,,,1,1
Rusia,RUS,Europa/Asia,Soja,2012,6817505,4.99,34031531,190,7427,-0.016258985234471,,,,,,,,,,,,,,,,,,,,0,0,0,0,0,0,0,0,0,0.0,0.0,0.0,0.0,0.0,0.0,0.0,,,,1,1
Rusia,RUS,Europa/Asia,Girasol,2012,3013852,2.91,8764652,122,5626,0.0196376315676151,,,,,,,,,,,,,,,,,,,,0,0,0,0,0,0,0,0,0,0.0,0.0,0.0,0.0,0.0,0.0,0.0,,,,1,1
Rusia,RUS,Europa/Asia,Algodón,2012,2256560,2.0,4513069,198,1886,0.03498097206248,,,,,,,,,,,,,,,,,,,,0,0,0,0,0,0,0,0,0,0.0,0.0,0.0,0.0,0.0,0.0,0.0,,,,1,1
Rusia,RUS,Europa/Asia,Café,2012,248392,1.83,455200,173,5769,0.0397218086904457,,,,,,,,,,,,,,,,,,,,0,0,0,0,0,0,0,0,0,0.0,0.0,0.0,0.0,0.0,0.0,0.0,,,,1,1
Rusia,RUS,Europa/Asia,Cebada,2012,1659829,4.78,7927964,235,2670,0.0178317806016648,,,,,,,,,,,,,,,,,,,,0,0,0,0,0,0,0,0,0,0.0,0.0,0.0,0.0,0.0,0.0,0.0,,,,1,1
Rusia,RUS,Europa/Asia,Maíz,2012,2730256,7.09,19346731,93,1922,-0.0403952268096925,,,,,,,,,,,,,,,,,,,,0,0,0,0,0,0,0,0,0,0.0,0.0,0.0,0.0,0.0,0.0,0.0,,,,1,1
Rusia,RUS,Europa/Asia,Trigo,2012,1615793,6.53,10545348,136,8107,0.0469726973388853,,,,,,,,,,,,,,,,,,,,0,0,0,0,0,0,0,0,0,0.0,0.0,0.0,0.0,0.0,0.0,0.0,,,,1,1
Rusia,RUS,Europa/Asia,Caña de azúcar,2013,7021626,61.35,430754634,127,3826,0.0152796966919304,,,,,,,,,,,,,,,,,,,,0,0,0,0,0,0,0,0,0,0.0,0.0,0.0,0.0,0.0,0.0,0.0,,,,1,1
Rusia,RUS,Europa/Asia,Soja,2013,5831598,4.2,24486344,168,7260,-0.0224783959743876,,,,,,,,,,,,,,,,,,,,0,0,0,0,0,0,0,0,0,0.0,0.0,0.0,0.0,0.0,0.0,0.0,,,,1,1
Rusia,RUS,Europa/Asia,Girasol,2013,3210228,1.14,3670573,214,9351,-0.0275064959950545,,,,,,,,,,,,,,,,,,,,0,0,0,0,0,0,0,0,0,0.0,0.0,0.0,0.0,0.0,0.0,0.0,,,,1,1
Rusia,RUS,Europa/Asia,Algodón,2013,2474874,2.31,5711680,201,3967,-0.0116040121881727,,,,,,,,,,,,,,,,,,,,0,0,0,0,0,0,0,0,0,0.0,0.0,0.0,0.0,0.0,0.0,0.0,,,,1,1
Rusia,RUS,Europa/Asia,Café,2013,403689,1.24,499514,66,9806,-0.0315110151429992,,,,,,,,,,,,,,,,,,,,0,0,0,0,0,0,0,0,0,0.0,0.0,0.0,0.0,0.0,0.0,0.0,,,,1,1
Rusia,RUS,Europa/Asia,Cebada,2013,49344,4.74,234012,185,9004,-0.0436068337269864,,,,,,,,,,,,,,,,,,,,0,0,0,0,0,0,0,0,0,0.0,0.0,0.0,0.0,0.0,0.0,0.0,,,,1,1
Rusia,RUS,Europa/Asia,Maíz,2013,9755307,7.92,77238948,242,4399,0.0465681043703722,,,,,,,,,,,,,,,,,,,,0,0,0,0,0,0,0,0,0,0.0,0.0,0.0,0.0,0.0,0.0,0.0,,,,1,1
Rusia,RUS,Europa/Asia,Trigo,2013,1653006,6.58,10884381,164,6149,-0.0376954696780866,,,,,,,,,,,,,,,,,,,,0,0,0,0,0,0,0,0,0,0.0,0.0,0.0,0.0,0.0,0.0,0.0,,,,1,1
Rusia,RUS,Europa/Asia,Caña de azúcar,2014,3285556,76.77,252222992,242,1573,-0.0415389672071274,,,,,,,,,,,,,,,,,,,,0,0,0,0,0,0,0,0,0,0.0,0.0,0.0,0.0,0.0,0.0,0.0,,,,1,1
Rusia,RUS,Europa/Asia,Soja,2014,2416879,3.21,7754912,291,1001,-0.0251662915195524,,,,,,,,,,,,,,,,,,,,0,0,0,0,0,0,0,0,0,0.0,0.0,0.0,0.0,0.0,0.0,0.0,,,,1,1
Rusia,RUS,Europa/Asia,Girasol,2014,4066442,3.07,12471034,85,9035,0.0195101494438469,,,,,,,,,,,,,,,,,,,,0,0,0,0,0,0,0,0,0,0.0,0.0,0.0,0.0,0.0,0.0,0.0,,,,1,1
Rusia,RUS,Europa/Asia,Algodón,2014,1518577,2.99,4540597,219,1732,-0.0262899644399181,,,,,,,,,,,,,,,,,,,,0,0,0,0,0,0,0,0,0,0.0,0.0,0.0,0.0,0.0,0.0,0.0,,,,1,1
Rusia,RUS,Europa/Asia,Café,2014,151536,1.75,264440,191,4539,0.0091783138804623,,,,,,,,,,,,,,,,,,,,0,0,0,0,0,0,0,0,0,0.0,0.0,0.0,0.0,0.0,0.0,0.0,,,,1,1
Rusia,RUS,Europa/Asia,Cebada,2014,1496770,3.6,5382808,147,3675,-0.0099940624415369,,,,,,,,,,,,,,,,,,,,0,0,0,0,0,0,0,0,0,0.0,0.0,0.0,0.0,0.0,0.0,0.0,,,,1,1
Rusia,RUS,Europa/Asia,Maíz,2014,4094438,8.12,33263501,102,2156,0.0129568202291987,,,,,,,,,,,,,,,,,,,,0,0,0,0,0,0,0,0,0,0.0,0.0,0.0,0.0,0.0,0.0,0.0,,,,1,1
Rusia,RUS,Europa/Asia,Trigo,2014,1593562,6.73,10728655,180,3687,-0.0080313527423383,,,,,,,,,,,,,,,,,,,,0,0,0,0,0,0,0,0,0,0.0,0.0,0.0,0.0,0.0,0.0,0.0,,,,1,1
Rusia,RUS,Europa/Asia,Caña de azúcar,2015,6847030,90.66,620768065,119,3041,0.0031470165476129,,,,,,,,,,,,,,,,,,,,0,0,0,0,0,0,0,0,0,0.0,0.0,0.0,0.0,0.0,0.0,0.0,,,,1,1
Rusia,RUS,Europa/Asia,Soja,2015,3715215,2.67,9901439,135,5476,-0.0353670367085521,,,,,,,,,,,,,,,,,,,,0,0,0,0,0,0,0,0,0,0.0,0.0,0.0,0.0,0.0,0.0,0.0,,,,1,1
Rusia,RUS,Europa/Asia,Girasol,2015,2544288,1.65,4193677,146,2720,0.0282733618659048,,,,,,,,,,,,,,,,,,,,0,0,0,0,0,0,0,0,0,0.0,0.0,0.0,0.0,0.0,0.0,0.0,,,,1,1
Rusia,RUS,Europa/Asia,Algodón,2015,2064385,3.22,6651057,175,2565,0.0028960118807108,,,,,,,,,,,,,,,,,,,,0,0,0,0,0,0,0,0,0,0.0,0.0,0.0,0.0,0.0,0.0,0.0,,,,1,1
Rusia,RUS,Europa/Asia,Café,2015,489914,0.85,416572,62,3797,-0.018200361023463,,,,,,,,,,,,,,,,,,,,0,0,0,0,0,0,0,0,0,0.0,0.0,0.0,0.0,0.0,0.0,0.0,,,,1,1
Rusia,RUS,Europa/Asia,Cebada,2015,418877,4.64,1942280,186,7597,-0.0023138131258561,,,,,,,,,,,,,,,,,,,,0,0,0,0,0,0,0,0,0,0.0,0.0,0.0,0.0,0.0,0.0,0.0,,,,1,1
Rusia,RUS,Europa/Asia,Maíz,2015,242152,8.87,2148592,86,7206,0.0067560775096881,,,,,,,,,,,,,,,,,,,,0,0,0,0,0,0,0,0,0,0.0,0.0,0.0,0.0,0.0,0.0,0.0,,,,1,1
Rusia,RUS,Europa/Asia,Trigo,2015,3022795,5.8,17536779,230,8500,-0.0316895474203229,,,,,,,,,,,,,,,,,,,,0,0,0,0,0,0,0,0,0,0.0,0.0,0.0,0.0,0.0,0.0,0.0,,,,1,1
Rusia,RUS,Europa/Asia,Caña de azúcar,2016,9363067,80.27,751604242,291,4748,-0.0194812568756675,,,,,,,,,,,,,,,,,,,,0,0,0,0,0,0,0,0,0,0.0,0.0,0.0,0.0,0.0,0.0,0.0,,,,1,1
Rusia,RUS,Europa/Asia,Soja,2016,9161381,3.81,34860837,212,2302,-0.0423306787535898,,,,,,,,,,,,,,,,,,,,0,0,0,0,0,0,0,0,0,0.0,0.0,0.0,0.0,0.0,0.0,0.0,,,,1,1
Rusia,RUS,Europa/Asia,Girasol,2016,758037,1.62,1225138,191,9074,0.0308346918779261,,,,,,,,,,,,,,,,,,,,0,0,0,0,0,0,0,0,0,0.0,0.0,0.0,0.0,0.0,0.0,0.0,,,,1,1
Rusia,RUS,Europa/Asia,Algodón,2016,1584915,3.17,5020399,177,9437,0.0185121864065188,,,,,,,,,,,,,,,,,,,,0,0,0,0,0,0,0,0,0,0.0,0.0,0.0,0.0,0.0,0.0,0.0,,,,1,1
Rusia,RUS,Europa/Asia,Café,2016,304214,1.89,574270,283,1119,0.0214160072989604,,,,,,,,,,,,,,,,,,,,0,0,0,0,0,0,0,0,0,0.0,0.0,0.0,0.0,0.0,0.0,0.0,,,,1,1
Rusia,RUS,Europa/Asia,Cebada,2016,1725864,4.66,8034591,285,9652,0.018407810188229,,,,,,,,,,,,,,,,,,,,0,0,0,0,0,0,0,0,0,0.0,0.0,0.0,0.0,0.0,0.0,0.0,,,,1,1
Rusia,RUS,Europa/Asia,Maíz,2016,6844516,11.63,79593431,184,4687,-0.0325185804999453,,,,,,,,,,,,,,,,,,,,0,0,0,0,0,0,0,0,0,0.0,0.0,0.0,0.0,0.0,0.0,0.0,,,,1,1
Rusia,RUS,Europa/Asia,Trigo,2016,1127152,5.86,6608255,147,3793,-0.0126716301070687,,,,,,,,,,,,,,,,,,,,0,0,0,0,0,0,0,0,0,0.0,0.0,0.0,0.0,0.0,0.0,0.0,,,,1,1
Rusia,RUS,Europa/Asia,Caña de azúcar,2017,3796488,138.78,526864390,124,5901,-0.0016875316995791,,,,,,,,,,,,,,,,,,,,0,0,0,0,0,0,0,0,0,0.0,0.0,0.0,0.0,0.0,0.0,0.0,,,,1,1
Rusia,RUS,Europa/Asia,Soja,2017,65553,3.74,245118,128,9446,0.0325727387468649,,,,,,,,,,,,,,,,,,,,0,0,0,0,0,0,0,0,0,0.0,0.0,0.0,0.0,0.0,0.0,0.0,,,,1,1
Rusia,RUS,Europa/Asia,Girasol,2017,3423841,3.25,11113344,51,8542,-0.01714481987182,,,,,,,,,,,,,,,,,,,,0,0,0,0,0,0,0,0,0,0.0,0.0,0.0,0.0,0.0,0.0,0.0,,,,1,1
Rusia,RUS,Europa/Asia,Algodón,2017,26192,2.17,56729,52,2660,-0.0069196183293714,,,,,,,,,,,,,,,,,,,,0,0,0,0,0,0,0,0,0,0.0,0.0,0.0,0.0,0.0,0.0,0.0,,,,1,1
Rusia,RUS,Europa/Asia,Café,2017,259259,1.17,302889,174,1113,-0.034436959945077,,,,,,,,,,,,,,,,,,,,0,0,0,0,0,0,0,0,0,0.0,0.0,0.0,0.0,0.0,0.0,0.0,,,,1,1
Rusia,RUS,Europa/Asia,Cebada,2017,523887,3.78,1979666,278,3984,0.0036427384700952,,,,,,,,,,,,,,,,,,,,0,0,0,0,0,0,0,0,0,0.0,0.0,0.0,0.0,0.0,0.0,0.0,,,,1,1
Rusia,RUS,Europa/Asia,Maíz,2017,7123923,6.61,47083548,241,8110,-0.0494189781254256,,,,,,,,,,,,,,,,,,,,0,0,0,0,0,0,0,0,0,0.0,0.0,0.0,0.0,0.0,0.0,0.0,,,,1,1
Rusia,RUS,Europa/Asia,Trigo,2017,1991541,2.17,4316089,157,6426,0.0400997810301233,,,,,,,,,,,,,,,,,,,,0,0,0,0,0,0,0,0,0,0.0,0.0,0.0,0.0,0.0,0.0,0.0,,,,1,1
Rusia,RUS,Europa/Asia,Caña de azúcar,2018,3040637,158.45,481787490,80,7899,-0.00109321657559,,,,,,,,,,,,,,,,,,,,0,0,0,0,0,0,0,0,0,0.0,0.0,0.0,0.0,0.0,0.0,0.0,,,,1,1
Rusia,RUS,Europa/Asia,Soja,2018,5993068,3.94,23632135,275,7551,0.0001858582541305,,,,,,,,,,,,,,,,,,,,0,0,0,0,0,0,0,0,0,0.0,0.0,0.0,0.0,0.0,0.0,0.0,,,,1,1
Rusia,RUS,Europa/Asia,Girasol,2018,4023290,2.27,9127643,82,3548,-0.0155879449099295,,,,,,,,,,,,,,,,,,,,0,0,0,0,0,0,0,0,0,0.0,0.0,0.0,0.0,0.0,0.0,0.0,,,,1,1
Rusia,RUS,Europa/Asia,Algodón,2018,2460235,1.74,4292400,299,1131,-0.0065671485064975,,,,,,,,,,,,,,,,,,,,0,0,0,0,0,0,0,0,0,0.0,0.0,0.0,0.0,0.0,0.0,0.0,,,,1,1
Rusia,RUS,Europa/Asia,Café,2018,244674,0.67,163718,236,9376,-0.0313139764596024,,,,,,,,,,,,,,,,,,,,0,0,0,0,0,0,0,0,0,0.0,0.0,0.0,0.0,0.0,0.0,0.0,,,,1,1
Rusia,RUS,Europa/Asia,Cebada,2018,234748,6.12,1435553,260,8031,-0.0301587540850841,,,,,,,,,,,,,,,,,,,,0,0,0,0,0,0,0,0,0,0.0,0.0,0.0,0.0,0.0,0.0,0.0,,,,1,1
Rusia,RUS,Europa/Asia,Maíz,2018,2065766,7.16,14787457,268,3436,-0.0270615807768246,,,,,,,,,,,,,,,,,,,,0,0,0,0,0,0,0,0,0,0.0,0.0,0.0,0.0,0.0,0.0,0.0,,,,1,1
Rusia,RUS,Europa/Asia,Trigo,2018,306904,2.86,876371,54,4270,-0.0409064569589867,,,,,,,,,,,,,,,,,,,,0,0,0,0,0,0,0,0,0,0.0,0.0,0.0,0.0,0.0,0.0,0.0,,,,1,1
Rusia,RUS,Europa/Asia,Caña de azúcar,2019,5840491,113.06,660315875,106,6507,-0.0073924143022334,,,,,,,,,,,,,,,,,,,,0,0,0,0,0,0,0,0,0,0.0,0.0,0.0,0.0,0.0,0.0,0.0,,,,1,1
Rusia,RUS,Europa/Asia,Soja,2019,3115021,3.25,10122391,121,6751,0.0211585599318699,,,,,,,,,,,,,,,,,,,,0,0,0,0,0,0,0,0,0,0.0,0.0,0.0,0.0,0.0,0.0,0.0,,,,1,1
Rusia,RUS,Europa/Asia,Girasol,2019,381617,1.56,596456,132,4473,-0.0214683030008836,,,,,,,,,,,,,,,,,,,,0,0,0,0,0,0,0,0,0,0.0,0.0,0.0,0.0,0.0,0.0,0.0,,,,1,1
Rusia,RUS,Europa/Asia,Algodón,2019,2414725,1.29,3117864,143,6476,-0.019564330494755,,,,,,,,,,,,,,,,,,,,0,0,0,0,0,0,0,0,0,0.0,0.0,0.0,0.0,0.0,0.0,0.0,,,,1,1
Rusia,RUS,Europa/Asia,Café,2019,7113,1.84,13076,142,6920,0.0242932019969882,,,,,,,,,,,,,,,,,,,,0,0,0,0,0,0,0,0,0,0.0,0.0,0.0,0.0,0.0,0.0,0.0,,,,1,1
Rusia,RUS,Europa/Asia,Cebada,2019,1385589,3.68,5096893,148,2429,0.0387193799811344,,,,,,,,,,,,,,,,,,,,0,0,0,0,0,0,0,0,0,0.0,0.0,0.0,0.0,0.0,0.0,0.0,,,,1,1
Rusia,RUS,Europa/Asia,Maíz,2019,1875616,4.35,8164121,259,4120,-0.0307072492654174,,,,,,,,,,,,,,,,,,,,0,0,0,0,0,0,0,0,0,0.0,0.0,0.0,0.0,0.0,0.0,0.0,,,,1,1
Rusia,RUS,Europa/Asia,Trigo,2019,865044,2.38,2056490,235,8769,0.0489644615061491,,,,,,,,,,,,,,,,,,,,0,0,0,0,0,0,0,0,0,0.0,0.0,0.0,0.0,0.0,0.0,0.0,,,,1,1
Rusia,RUS,Europa/Asia,Caña de azúcar,2020,2343080,55.74,130596752,114,6690,0.0394913027927369,,,,,,,,,,,,,,,,,,,,0,0,0,0,0,0,0,0,0,0.0,0.0,0.0,0.0,0.0,0.0,0.0,,,,1,1
Rusia,RUS,Europa/Asia,Soja,2020,6216059,2.65,16480315,184,9255,0.0290885172947309,,,,,,,,,,,,,,,,,,,,0,0,0,0,0,0,0,0,0,0.0,0.0,0.0,0.0,0.0,0.0,0.0,,,,1,1
Rusia,RUS,Europa/Asia,Girasol,2020,2054251,2.13,4371350,194,1996,0.0294390380177453,,,,,,,,,,,,,,,,,,,,0,0,0,0,0,0,0,0,0,0.0,0.0,0.0,0.0,0.0,0.0,0.0,,,,1,1
Rusia,RUS,Europa/Asia,Algodón,2020,1934750,2.53,4890157,69,3711,-0.0062255056569518,,,,,,,,,,,,,,,,,,,,0,0,0,0,0,0,0,0,0,0.0,0.0,0.0,0.0,0.0,0.0,0.0,,,,1,1
Rusia,RUS,Europa/Asia,Café,2020,312482,1.84,575454,97,1058,-0.0339996944577262,,,,,,,,,,,,,,,,,,,,0,0,0,0,0,0,0,0,0,0.0,0.0,0.0,0.0,0.0,0.0,0.0,,,,1,1
Rusia,RUS,Europa/Asia,Cebada,2020,1337916,2.98,3982094,178,9602,-0.0241165382389648,,,,,,,,,,,,,,,,,,,,0,0,0,0,0,0,0,0,0,0.0,0.0,0.0,0.0,0.0,0.0,0.0,,,,1,1
Rusia,RUS,Europa/Asia,Maíz,2020,6343828,7.32,46450989,61,9741,-0.0261783225150083,,,,,,,,,,,,,,,,,,,,0,0,0,0,0,0,0,0,0,0.0,0.0,0.0,0.0,0.0,0.0,0.0,,,,1,1
Rusia,RUS,Europa/Asia,Trigo,2020,1052466,6.2,6529847,273,1844,0.0142413124293265,,,,,,,,,,,,,,,,,,,,0,0,0,0,0,0,0,0,0,0.0,0.0,0.0,0.0,0.0,0.0,0.0,,,,1,1
