fecha,pais,producto,precio_usd_ton,volumen_operado_ton,tendencia_30_dias,mercado_principal,precio_min_mes,precio_max_mes,anio,mes,tendencia_30_dias_num,flag_precio_fuera_rango,spread_precio,spread_pct
2021-01-01,Argentina,Carne_bovina,4299.14,127922,subiendo,UE,3844.74,4517.42,2021,1,1,0,672.6800000000003,0.15646850300292622
2021-01-01,Argentina,Arroz,330.04,73231,subiendo,Sudeste Asiático,310.1,359.86,2021,1,1,0,49.75999999999999,0.15076960368440184
2021-01-01,Argentina,Maíz,210.36,11666,bajando,Japón,200.56,238.83,2021,1,-1,0,38.27000000000001,0.18192622171515502
2021-01-01,Brasil,Maíz,212.91,195579,subiendo,Oriente Medio,200.25,243.04,2021,1,1,0,42.78999999999999,0.20097693861255927
2021-01-01,Brasil,Leche,356.41,136137,subiendo,UE,348.39,390.03,2021,1,1,0,41.639999999999986,0.11683173872786955
2021-01-01,Brasil,Carne_bovina,3814.98,481129,subiendo,Japón,3608.48,4254.53,2021,1,1,0,646.0499999999997,0.16934557979334092
2021-01-01,Estados Unidos,Soja,441.84,396901,bajando,Japón,411.1,452.49,2021,1,-1,0,41.389999999999986,0.09367644396161504
2021-01-01,Estados Unidos,Leche,364.17,242226,estable,México,349.06,391.9,2021,1,0,0,42.839999999999975,0.11763736716368721
2021-01-01,Estados Unidos,Carne_porcina,2658.92,133397,bajando,Oriente Medio,2262.72,2841.56,2021,1,-1,0,578.8400000000001,0.21769741097889372
2021-01-01,India,Carne_bovina,3804.43,65518,subiendo,Estados Unidos,3439.04,4095.47,2021,1,1,0,656.4299999999998,0.17254358734422762
2021-01-01,India,Soja,484.63,146383,estable,África,467.78,504.24,2021,1,0,0,36.460000000000036,0.07523265171367856
2021-01-01,India,Arroz,377.08,66514,bajando,Oriente Medio,328.96,425.64,2021,1,-1,0,96.68,0.25639121671793785
2021-01-01,China,Arroz,310.6,434520,subiendo,Japón,280.39,331.97,2021,1,1,0,51.58000000000004,0.1660656793303285
2021-01-01,China,Trigo,315.7,354822,subiendo,Estados Unidos,305.32,331.45,2021,1,1,0,26.129999999999995,0.08276845106113398
2021-01-01,China,Carne_porcina,2710.47,109330,estable,Sudeste Asiático,2442.94,2993.59,2021,1,0,0,550.6500000000001,0.20315664810899958
2021-01-01,Francia,Carne_porcina,2110.17,16191,subiendo,Japón,2042.73,2291.84,2021,1,1,0,249.11000000000013,0.1180521000677671
2021-01-01,Francia,Leche,366.84,16826,estable,UE,327.99,399.81,2021,1,0,0,71.82,0.1957801766437684
2021-01-01,Francia,Soja,447.51,9924,subiendo,China,405.27,505.93,2021,1,1,0,100.66000000000003,0.22493352103863606
2021-01-01,Alemania,Soja,478.49,10687,estable,Sudeste Asiático,411.16,532.91,2021,1,0,0,121.74999999999994,0.25444627891909954
2021-01-01,Alemania,Leche,356.05,22092,bajando,Estados Unidos,334.17,409.12,2021,1,-1,0,74.94999999999999,0.21050414267659032
2021-01-01,Alemania,Carne_porcina,2188.97,1755,subiendo,China,2106.17,2438.51,2021,1,1,0,332.34000000000015,0.15182483085652165
2021-01-01,Australia,Maíz,220.02,31250,subiendo,Japón,200.77,247.46,2021,1,1,0,46.69,0.21220798109262792
2021-01-01,Australia,Trigo,303.43,107396,subiendo,China,286.28,348.48,2021,1,1,0,62.200000000000045,0.20498961869294416
2021-01-01,Australia,Soja,477.94,142125,estable,México,453.0,503.7,2021,1,0,0,50.69999999999999,0.10608026112064274
2021-01-01,México,Maíz,203.23,32246,bajando,Sudeste Asiático,186.54,227.59,2021,1,-1,0,41.05000000000001,0.20198789548787094
2021-01-01,México,Carne_bovina,3865.69,19938,estable,China,3443.69,4178.64,2021,1,0,0,734.9500000000003,0.19012129787955068
2021-01-01,México,Soja,485.88,3893,estable,China,413.17,512.1,2021,1,0,0,98.93,0.20360994484234793
2021-01-01,Kenia,Soja,471.63,48441,estable,México,433.38,505.91,2021,1,0,0,72.53000000000003,0.15378580667048328
2021-01-01,Kenia,Arroz,331.5,10782,bajando,Japón,324.47,354.06,2021,1,-1,0,29.589999999999975,0.089260935143288
2021-01-01,Kenia,Trigo,237.85,12156,estable,Oriente Medio,224.73,259.69,2021,1,0,0,34.96000000000001,0.14698339289468157
2021-01-01,Nueva Zelanda,Maíz,161.27,27881,estable,Sudeste Asiático,150.03,180.98,2021,1,0,0,30.94999999999999,0.19191418118682946
2021-01-01,Nueva Zelanda,Carne_porcina,2244.18,42696,estable,Estados Unidos,1944.24,2306.77,2021,1,0,0,362.53,0.1615423005284781
2021-01-01,Nueva Zelanda,Arroz,385.7,26668,bajando,UE,372.48,439.3,2021,1,-1,0,66.82,0.1732434534612393
2021-01-01,España,Carne_porcina,2405.94,43190,subiendo,Sudeste Asiático,2200.95,2745.22,2021,1,1,0,544.27,0.22621927396360672
2021-01-01,España,Maíz,192.24,13300,estable,UE,173.39,202.14,2021,1,0,0,28.75,0.14955264253017062
2021-01-01,España,Trigo,293.58,27219,estable,México,277.25,319.36,2021,1,0,0,42.110000000000014,0.1434362013761156
2021-02-15,Argentina,Carne_porcina,2266.81,73626,bajando,Estados Unidos,2035.31,2525.86,2021,2,-1,0,490.5500000000002,0.21640543318584274
2021-02-15,Argentina,Leche,327.52,91155,bajando,UE,298.06,335.81,2021,2,-1,0,37.75,0.11526013678553983
2021-02-15,Argentina,Trigo,300.19,112204,subiendo,África,292.08,320.78,2021,2,1,0,28.69999999999999,0.09560611612645321
2021-02-15,Brasil,Trigo,270.55,404288,bajando,África,249.08,282.53,2021,2,-1,0,33.44999999999996,0.12363703566808339
2021-02-15,Brasil,Maíz,186.91,432335,subiendo,UE,170.29,198.13,2021,2,1,0,27.840000000000003,0.14894869188379437
2021-02-15,Brasil,Soja,550.82,318949,estable,China,523.48,614.16,2021,2,0,0,90.67999999999995,0.16462728295995052
2021-02-15,Estados Unidos,Trigo,314.19,485376,bajando,África,296.69,325.96,2021,2,-1,0,29.269999999999982,0.09316018969413406
2021-02-15,Estados Unidos,Soja,515.56,403201,estable,África,440.74,571.91,2021,2,0,0,131.16999999999996,0.2544223756691752
2021-02-15,Estados Unidos,Carne_bovina,3820.68,175208,subiendo,Japón,3351.36,4277.08,2021,2,1,0,925.7199999999998,0.24229194803019355
2021-02-15,India,Trigo,259.39,42028,bajando,Japón,247.69,291.76,2021,2,-1,0,44.06999999999999,0.16989860827325648
2021-02-15,India,Soja,453.83,129208,estable,Sudeste Asiático,428.3,509.35,2021,2,0,0,81.05000000000001,0.17859110239517004
2021-02-15,India,Carne_bovina,3992.02,62066,subiendo,UE,3720.62,4174.61,2021,2,1,0,453.9899999999998,0.113724380138376
2021-02-15,China,Soja,543.1,70557,bajando,China,512.71,621.48,2021,2,-1,0,108.76999999999998,0.2002761922297919
2021-02-15,China,Leche,367.44,314705,bajando,África,359.68,379.34,2021,2,-1,0,19.659999999999968,0.05350533420422373
2021-02-15,China,Arroz,393.24,458374,estable,China,334.8,410.56,2021,2,0,0,75.75999999999999,0.19265588444715692
2021-02-15,Francia,Leche,336.57,28198,subiendo,Estados Unidos,322.74,366.23,2021,2,1,0,43.49000000000001,0.12921531925008173
2021-02-15,Francia,Maíz,171.34,22879,bajando,Sudeste Asiático,151.52,181.09,2021,2,-1,0,29.569999999999993,0.17258083343060576
2021-02-15,Francia,Carne_porcina,2514.74,48499,bajando,China,2425.96,2787.38,2021,2,-1,0,361.4200000000001,0.14372062320557993
2021-02-15,Alemania,Arroz,340.84,4797,subiendo,México,316.47,383.48,2021,2,1,0,67.00999999999999,0.19660251144231897
2021-02-15,Alemania,Trigo,338.65,38685,bajando,UE,311.6,355.37,2021,2,-1,0,43.76999999999998,0.1292484866381219
2021-02-15,Alemania,Carne_bovina,3822.36,2728,estable,Estados Unidos,3624.93,4101.19,2021,2,0,0,476.25999999999976,0.12459841563850599
2021-02-15,Australia,Soja,548.01,142606,subiendo,UE,482.91,578.56,2021,2,1,0,95.64999999999992,0.17454061057279963
2021-02-15,Australia,Carne_porcina,2204.81,76885,subiendo,México,1911.36,2402.56,2021,2,1,0,491.20000000000005,0.22278563685759772
2021-02-15,Australia,Leche,336.82,106163,estable,China,320.37,358.34,2021,2,0,0,37.96999999999997,0.11273083546107705
2021-02-15,México,Arroz,351.91,4038,estable,UE,304.45,364.84,2021,2,0,0,60.389999999999986,0.1716063766303884
2021-02-15,México,Leche,328.34,3762,subiendo,China,301.3,343.58,2021,2,1,0,42.27999999999997,0.12876895900590843
2021-02-15,México,Carne_porcina,2525.21,6792,subiendo,Oriente Medio,2196.98,2725.29,2021,2,1,0,528.31,0.20921428316852853
2021-02-15,Kenia,Trigo,237.88,15326,bajando,África,213.2,267.91,2021,2,-1,0,54.710000000000036,0.22998991087943516
2021-02-15,Kenia,Carne_porcina,2322.99,38489,subiendo,Sudeste Asiático,2163.7,2515.99,2021,2,1,0,352.28999999999996,0.1516536877042088
2021-02-15,Kenia,Soja,529.77,10345,estable,Japón,518.07,597.62,2021,2,0,0,79.54999999999995,0.1501595031806255
2021-02-15,Nueva Zelanda,Trigo,244.45,37341,subiendo,Sudeste Asiático,232.57,260.22,2021,2,1,0,27.650000000000034,0.11311106565759883
2021-02-15,Nueva Zelanda,Carne_porcina,2438.41,37063,estable,Estados Unidos,2201.81,2554.37,2021,2,0,0,352.55999999999995,0.14458602121874498
2021-02-15,Nueva Zelanda,Maíz,207.08,9135,subiendo,UE,193.97,223.37,2021,2,1,0,29.400000000000006,0.14197411628356194
2021-02-15,España,Carne_porcina,2597.55,37992,estable,UE,2479.18,2746.0,2021,2,0,0,266.82000000000016,0.10271987064734082
2021-02-15,España,Maíz,163.24,30694,bajando,Estados Unidos,147.31,179.2,2021,2,-1,0,31.889999999999986,0.19535653026219055
2021-02-15,España,Carne_bovina,4214.07,28573,estable,Oriente Medio,4058.34,4658.15,2021,2,0,0,599.8099999999995,0.14233508223641267
2021-03-15,Argentina,Leche,385.17,129590,subiendo,México,334.66,432.1,2021,3,1,0,97.44,0.2529792039878495
2021-03-15,Argentina,Carne_bovina,4235.11,75064,subiendo,África,3911.1,4481.91,2021,3,1,0,570.81,0.13478044253868257
2021-03-15,Argentina,Carne_porcina,2855.22,60974,subiendo,Japón,2467.15,3223.81,2021,3,1,0,756.6599999999999,0.26500935129342046
2021-03-15,Brasil,Leche,387.91,275378,bajando,China,350.29,430.96,2021,3,-1,0,80.66999999999996,0.20796060941971065
2021-03-15,Brasil,Soja,570.51,258663,estable,UE,518.84,612.9,2021,3,0,0,94.05999999999995,0.16487002857092767
2021-03-15,Brasil,Trigo,358.14,141181,estable,Japón,318.83,409.21,2021,3,0,0,90.38,0.25235941252024346
2021-03-15,Estados Unidos,Carne_porcina,2550.47,397363,estable,África,2383.48,2899.4,2021,3,0,0,515.9200000000001,0.20228428485730085
2021-03-15,Estados Unidos,Soja,526.84,344205,subiendo,México,504.52,598.83,2021,3,1,0,94.31000000000006,0.17901070533748398
2021-03-15,Estados Unidos,Carne_bovina,4651.25,111763,subiendo,Oriente Medio,4159.95,5076.38,2021,3,1,0,916.4300000000003,0.19702875571083048
2021-03-15,India,Leche,355.78,48433,bajando,México,306.74,388.37,2021,3,-1,0,81.63,0.22943954128956098
2021-03-15,India,Soja,509.62,29085,subiendo,China,470.39,573.39,2021,3,1,0,103.0,0.20211137710450924
2021-03-15,India,Arroz,345.89,48198,subiendo,África,319.7,396.89,2021,3,1,0,77.19,0.2231634334615051
2021-03-15,China,Leche,391.25,259018,estable,Estados Unidos,344.8,439.57,2021,3,0,0,94.76999999999998,0.24222364217252393
2021-03-15,China,Maíz,193.62,378225,subiendo,China,185.53,201.62,2021,3,1,0,16.090000000000003,0.08310091932651587
2021-03-15,China,Trigo,310.94,400075,estable,Oriente Medio,288.57,353.83,2021,3,0,0,65.25999999999999,0.2098797195600437
2021-03-15,Francia,Arroz,354.51,26374,estable,Japón,304.79,392.4,2021,3,0,0,87.60999999999996,0.24712984118924702
2021-03-15,Francia,Maíz,218.91,2670,subiendo,UE,196.75,224.88,2021,3,1,0,28.129999999999995,0.1285002969256772
2021-03-15,Francia,Carne_porcina,2476.37,42278,estable,UE,2381.07,2629.36,2021,3,0,0,248.28999999999996,0.10026369242076102
2021-03-15,Alemania,Arroz,386.02,39172,bajando,Oriente Medio,359.58,396.26,2021,3,-1,0,36.68000000000001,0.09502098336873739
2021-03-15,Alemania,Leche,359.22,18702,subiendo,Sudeste Asiático,325.92,394.37,2021,3,1,0,68.44999999999999,0.19055175101609037
2021-03-15,Alemania,Soja,466.79,30427,subiendo,Oriente Medio,443.07,501.11,2021,3,1,0,58.04000000000002,0.1243385676642602
2021-03-15,Australia,Soja,497.38,34135,estable,Sudeste Asiático,469.65,560.74,2021,3,0,0,91.09000000000003,0.18313965177530264
2021-03-15,Australia,Carne_bovina,4648.4,52197,estable,UE,4415.91,4900.63,2021,3,0,0,484.72000000000025,0.10427674038378804
2021-03-15,Australia,Leche,354.83,149863,bajando,UE,346.36,371.08,2021,3,-1,0,24.71999999999997,0.06966716455767542
2021-03-15,México,Arroz,416.05,21591,bajando,Estados Unidos,364.6,473.91,2021,3,-1,0,109.31,0.26273284461002283
2021-03-15,México,Soja,497.96,6187,bajando,China,436.53,572.4,2021,3,-1,0,135.87,0.27285324122419474
2021-03-15,México,Maíz,236.06,6150,estable,Estados Unidos,200.67,244.24,2021,3,0,0,43.57000000000002,0.18457171905447778
2021-03-15,Kenia,Leche,401.4,21824,subiendo,Sudeste Asiático,367.06,439.36,2021,3,1,0,72.30000000000001,0.18011958146487297
2021-03-15,Kenia,Arroz,328.36,15303,bajando,UE,317.16,358.2,2021,3,-1,0,41.039999999999964,0.12498477281033
2021-03-15,Kenia,Soja,495.39,48578,subiendo,África,424.16,560.95,2021,3,1,0,136.79000000000002,0.2761258806193101
2021-03-15,Nueva Zelanda,Trigo,338.52,19048,bajando,China,298.15,354.3,2021,3,-1,0,56.150000000000034,0.16586907715939986
2021-03-15,Nueva Zelanda,Carne_bovina,3706.61,31828,estable,UE,3597.63,4216.84,2021,3,0,0,619.21,0.16705561146168602
2021-03-15,Nueva Zelanda,Maíz,219.81,34645,subiendo,Estados Unidos,188.98,248.03,2021,3,1,0,59.05000000000001,0.26864109913106776
2021-03-15,España,Carne_porcina,2800.57,12953,subiendo,Japón,2475.54,3195.38,2021,3,1,0,719.8400000000001,0.2570333896313965
2021-03-15,España,Maíz,202.2,23291,estable,Sudeste Asiático,192.48,224.29,2021,3,0,0,31.810000000000002,0.1573194856577646
2021-03-15,España,Arroz,367.67,16180,estable,Japón,354.42,415.56,2021,3,0,0,61.139999999999986,0.16629042347757494
2021-04-15,Argentina,Soja,489.39,127871,estable,China,447.33,543.89,2021,4,0,0,96.56,0.19730685138641985
2021-04-15,Argentina,Carne_bovina,4211.83,115586,estable,UE,3828.41,4679.41,2021,4,0,0,851.0,0.20204994028723858
2021-04-15,Argentina,Trigo,315.75,71852,bajando,Estados Unidos,303.69,322.7,2021,4,-1,0,19.00999999999999,0.060205859065716516
2021-04-15,Brasil,Leche,338.84,490758,subiendo,Estados Unidos,297.88,361.01,2021,4,1,0,63.129999999999995,0.18631212371620823
2021-04-15,Brasil,Maíz,202.63,256232,estable,África,172.63,215.51,2021,4,0,0,42.879999999999995,0.21161723338103933
2021-04-15,Brasil,Arroz,419.02,410053,bajando,Oriente Medio,387.18,467.3,2021,4,-1,0,80.12,0.19120805689465897
2021-04-15,Estados Unidos,Carne_bovina,3859.2,221647,estable,Oriente Medio,3766.42,4315.15,2021,4,0,0,548.7299999999996,0.14218749999999988
2021-04-15,Estados Unidos,Carne_porcina,2819.17,330105,estable,México,2482.5,3104.03,2021,4,0,0,621.5300000000002,0.2204655980306261
2021-04-15,Estados Unidos,Soja,539.11,58475,subiendo,Estados Unidos,520.77,552.54,2021,4,1,0,31.769999999999982,0.058930459460963404
2021-04-15,India,Trigo,315.73,123547,estable,México,289.2,334.03,2021,4,0,0,44.829999999999984,0.14198840781680544
2021-04-15,India,Maíz,192.45,98531,estable,UE,179.77,203.39,2021,4,0,0,23.619999999999976,0.12273317744868785
2021-04-15,India,Carne_bovina,4095.63,130031,subiendo,Sudeste Asiático,3530.09,4669.32,2021,4,1,0,1139.2299999999996,0.2781574507462831
2021-04-15,China,Soja,504.39,332732,estable,Estados Unidos,430.45,554.85,2021,4,0,0,124.40000000000003,0.2466345486627412
2021-04-15,China,Carne_bovina,4114.43,371925,subiendo,Sudeste Asiático,3761.97,4481.38,2021,4,1,0,719.4100000000003,0.1748504653135429
2021-04-15,China,Arroz,332.51,376967,estable,Oriente Medio,304.49,370.22,2021,4,0,0,65.73000000000002,0.19767826531532892
2021-04-15,Francia,Soja,491.61,3502,estable,África,461.42,501.48,2021,4,0,0,40.06,0.08148735786497427
2021-04-15,Francia,Leche,375.72,16563,bajando,China,353.34,426.37,2021,4,-1,0,73.03000000000003,0.19437346960502508
2021-04-15,Francia,Trigo,343.13,26569,bajando,África,322.25,375.38,2021,4,-1,0,53.129999999999995,0.15483927374464487
2021-04-15,Alemania,Maíz,195.38,12528,estable,África,187.72,206.1,2021,4,0,0,18.379999999999995,0.09407308834066945
2021-04-15,Alemania,Carne_porcina,2408.09,31191,estable,Oriente Medio,2108.27,2566.77,2021,4,0,0,458.5,0.19039986047033125
2021-04-15,Alemania,Leche,363.3,42831,subiendo,Estados Unidos,341.09,405.48,2021,4,1,0,64.39000000000004,0.17723644371043226
2021-04-15,Australia,Leche,360.08,61004,estable,UE,321.99,374.98,2021,4,0,0,52.99000000000001,0.14716174183514777
2021-04-15,Australia,Trigo,267.86,95951,subiendo,África,252.83,305.67,2021,4,1,0,52.84,0.19726722914955575
2021-04-15,Australia,Arroz,357.5,111994,subiendo,Estados Unidos,322.63,392.03,2021,4,1,0,69.39999999999998,0.19412587412587406
2021-04-15,México,Leche,356.42,45986,bajando,UE,313.32,409.49,2021,4,-1,0,96.17000000000002,0.26982211997082095
2021-04-15,México,Carne_porcina,2587.29,26638,bajando,África,2207.83,2856.26,2021,4,-1,0,648.4300000000003,0.2506213064635199
2021-04-15,México,Soja,549.2,37613,bajando,China,510.37,614.16,2021,4,-1,0,103.78999999999996,0.1889839766933721
2021-04-15,Kenia,Leche,359.93,13724,bajando,UE,347.01,408.95,2021,4,-1,0,61.94,0.17208901730892118
2021-04-15,Kenia,Carne_porcina,2558.81,8418,bajando,Sudeste Asiático,2229.81,2676.23,2021,4,-1,0,446.4200000000001,0.1744639109586097
2021-04-15,Kenia,Trigo,335.98,16467,bajando,China,289.34,358.61,2021,4,-1,0,69.27000000000004,0.20617298648729102
2021-04-15,Nueva Zelanda,Arroz,343.86,22415,bajando,Japón,297.08,383.33,2021,4,-1,0,86.25,0.25082882568487175
2021-04-15,Nueva Zelanda,Trigo,309.22,28491,bajando,UE,272.41,332.53,2021,4,-1,0,60.11999999999995,0.19442468145656797
2021-04-15,Nueva Zelanda,Maíz,211.56,41682,bajando,Estados Unidos,199.0,233.48,2021,4,-1,0,34.47999999999999,0.162979769332577
2021-04-15,España,Maíz,172.64,30925,bajando,UE,162.37,187.85,2021,4,-1,0,25.47999999999999,0.14759036144578308
2021-04-15,España,Trigo,319.14,9626,bajando,China,282.54,330.91,2021,4,-1,0,48.370000000000005,0.15156357711349253
2021-04-15,España,Leche,377.54,23827,bajando,Estados Unidos,364.6,430.99,2021,4,-1,0,66.38999999999999,0.17584891667108116
2021-05-15,Argentina,Carne_bovina,3712.41,142760,bajando,Sudeste Asiático,3415.63,3921.56,2021,5,-1,0,505.92999999999984,0.13628074485307384
2021-05-15,Argentina,Arroz,364.4,98575,estable,África,356.31,413.99,2021,5,0,0,57.68000000000001,0.1582875960482986
2021-05-15,Argentina,Carne_porcina,2496.93,120615,bajando,África,2378.05,2820.05,2021,5,-1,0,442.0,0.17701737733937276
2021-05-15,Brasil,Trigo,284.28,112210,subiendo,Oriente Medio,278.05,290.9,2021,5,1,0,12.849999999999966,0.04520191360630353
2021-05-15,Brasil,Soja,524.83,70658,subiendo,Estados Unidos,500.8,560.74,2021,5,1,0,59.94,0.11420841034239657
2021-05-15,Brasil,Carne_bovina,4007.18,171681,subiendo,Japón,3474.41,4544.37,2021,5,1,0,1069.96,0.26701071576520147
2021-05-15,Estados Unidos,Leche,353.48,52920,bajando,África,322.54,384.52,2021,5,-1,0,61.97999999999996,0.17534231073893844
2021-05-15,Estados Unidos,Maíz,210.89,437005,subiendo,UE,187.04,222.9,2021,5,1,0,35.860000000000014,0.17004125373417428
2021-05-15,Estados Unidos,Trigo,314.99,252283,estable,Sudeste Asiático,273.64,360.73,2021,5,0,0,87.09000000000003,0.2764849677767549
2021-05-15,India,Carne_porcina,2587.34,125622,estable,México,2415.56,2689.44,2021,5,0,0,273.8800000000001,0.10585388854963015
2021-05-15,India,Soja,442.94,145086,estable,Estados Unidos,429.43,468.38,2021,5,0,0,38.94999999999999,0.08793516051835461
2021-05-15,India,Arroz,366.39,67262,subiendo,UE,346.54,382.79,2021,5,1,0,36.25,0.09893828980048583
2021-05-15,China,Maíz,223.28,388243,subiendo,México,207.9,229.46,2021,5,1,0,21.560000000000002,0.09656037262629882
2021-05-15,China,Soja,572.38,322415,subiendo,Oriente Medio,506.04,595.74,2021,5,1,0,89.69999999999999,0.15671407107166566
2021-05-15,China,Carne_porcina,2659.59,62701,estable,Estados Unidos,2525.81,2852.47,2021,5,0,0,326.65999999999985,0.12282344271109451
2021-05-15,Francia,Carne_porcina,2284.92,23943,bajando,Sudeste Asiático,2037.49,2552.45,2021,5,-1,0,514.9599999999998,0.22537331722773654
2021-05-15,Francia,Maíz,200.26,32708,subiendo,Oriente Medio,174.25,219.14,2021,5,1,0,44.889999999999986,0.2241585938280235
2021-05-15,Francia,Arroz,308.2,6913,estable,Sudeste Asiático,277.29,340.72,2021,5,0,0,63.43000000000001,0.2058079169370539
2021-05-15,Alemania,Soja,502.88,12904,estable,Sudeste Asiático,490.23,555.14,2021,5,0,0,64.90999999999997,0.12907651924912497
2021-05-15,Alemania,Carne_porcina,2381.2,15094,subiendo,Sudeste Asiático,2267.7,2654.27,2021,5,1,0,386.57000000000016,0.16234251637829675
2021-05-15,Alemania,Maíz,236.44,13199,subiendo,África,206.56,245.94,2021,5,1,0,39.379999999999995,0.16655388259177803
2021-05-15,Australia,Carne_bovina,4495.86,36426,estable,Oriente Medio,4288.7,4969.91,2021,5,0,0,681.21,0.15151939784601837
2021-05-15,Australia,Leche,370.48,71937,estable,Estados Unidos,326.3,385.92,2021,5,0,0,59.620000000000005,0.16092636579572447
2021-05-15,Australia,Soja,547.1,74099,estable,Japón,487.81,624.88,2021,5,0,0,137.07,0.2505392067263754
2021-05-15,México,Trigo,312.78,49307,estable,Sudeste Asiático,274.76,351.89,2021,5,0,0,77.13,0.24659505083445235
2021-05-15,México,Arroz,365.9,38423,bajando,México,352.18,400.69,2021,5,-1,0,48.50999999999999,0.13257720688712762
2021-05-15,México,Maíz,232.8,47890,estable,UE,203.34,250.98,2021,5,0,0,47.639999999999986,0.2046391752577319
2021-05-15,Kenia,Leche,337.24,29845,subiendo,Estados Unidos,289.09,354.79,2021,5,1,0,65.70000000000005,0.19481674771675972
2021-05-15,Kenia,Carne_bovina,4343.0,35537,bajando,UE,3812.5,4829.54,2021,5,-1,0,1017.04,0.23417913884411695
2021-05-15,Kenia,Arroz,361.33,37589,estable,Japón,313.27,369.88,2021,5,0,0,56.610000000000014,0.1566711870035702
2021-05-15,Nueva Zelanda,Carne_porcina,2671.94,48586,subiendo,Japón,2331.34,3032.22,2021,5,1,0,700.8799999999997,0.26231127944489757
2021-05-15,Nueva Zelanda,Maíz,192.08,40752,estable,Sudeste Asiático,176.22,208.55,2021,5,0,0,32.33000000000001,0.16831528529779263
2021-05-15,Nueva Zelanda,Soja,509.49,14800,estable,África,477.27,543.35,2021,5,0,0,66.08000000000004,0.12969832577675722
2021-05-15,España,Soja,467.41,3650,subiendo,China,414.19,495.11,2021,5,1,0,80.92000000000002,0.17312423782118486
2021-05-15,España,Carne_porcina,2838.19,38530,estable,África,2452.86,2919.46,2021,5,0,0,466.5999999999999,0.16440055105542614
2021-05-15,España,Carne_bovina,4106.84,14765,estable,UE,3503.01,4268.64,2021,5,0,0,765.6300000000001,0.1864280079087571
2021-06-15,Argentina,Carne_bovina,4157.88,34241,bajando,Japón,3792.55,4594.41,2021,6,-1,0,801.8599999999997,0.1928530885932253
2021-06-15,Argentina,Soja,490.65,61467,subiendo,Oriente Medio,480.34,505.74,2021,6,1,0,25.400000000000034,0.051768062773871464
2021-06-15,Argentina,Leche,350.17,40191,subiendo,Oriente Medio,299.84,364.04,2021,6,1,0,64.20000000000005,0.18333952080418095
2021-06-15,Brasil,Soja,472.66,417212,bajando,Oriente Medio,430.43,522.68,2021,6,-1,0,92.24999999999994,0.1951720052469004
2021-06-15,Brasil,Maíz,171.63,441129,estable,UE,148.47,183.6,2021,6,0,0,35.129999999999995,0.2046844957175319
2021-06-15,Brasil,Leche,342.85,71942,subiendo,China,311.32,381.93,2021,6,1,0,70.61000000000001,0.2059501239609159
2021-06-15,Estados Unidos,Carne_porcina,2734.81,153783,estable,Japón,2337.75,2992.82,2021,6,0,0,655.0700000000002,0.2395303512858298
2021-06-15,Estados Unidos,Leche,329.52,331096,subiendo,Estados Unidos,299.59,373.67,2021,6,1,0,74.08000000000004,0.2248118475358098
2021-06-15,Estados Unidos,Carne_bovina,4268.48,104331,subiendo,México,3725.95,4403.85,2021,6,1,0,677.9000000000005,0.1588153159907041
2021-06-15,India,Maíz,191.15,98383,subiendo,África,186.88,198.7,2021,6,1,0,11.819999999999993,0.06183625425058851
2021-06-15,India,Carne_bovina,3551.79,60765,estable,África,3478.25,3784.42,2021,6,0,0,306.1700000000001,0.08620160538770594
2021-06-15,India,Arroz,348.0,10324,subiendo,África,301.6,386.39,2021,6,1,0,84.78999999999996,0.24364942528735622
2021-06-15,China,Arroz,320.45,124385,bajando,Japón,290.04,341.81,2021,6,-1,0,51.76999999999998,0.16155406459666088
2021-06-15,China,Maíz,181.07,210927,subiendo,Japón,173.83,190.79,2021,6,1,0,16.95999999999998,0.09366543325785597
2021-06-15,China,Carne_porcina,2313.54,131878,subiendo,Estados Unidos,2264.3,2639.58,2021,6,1,0,375.27999999999975,0.1622102924522592
2021-06-15,Francia,Arroz,347.94,37538,bajando,México,298.47,381.99,2021,6,-1,0,83.51999999999998,0.2400413864459389
2021-06-15,Francia,Maíz,175.05,6595,bajando,Oriente Medio,168.41,179.06,2021,6,-1,0,10.650000000000006,0.06083976006855187
2021-06-15,Francia,Trigo,248.72,19441,estable,UE,222.48,262.13,2021,6,0,0,39.650000000000006,0.15941621100032166
2021-06-15,Alemania,Leche,338.57,19707,subiendo,Japón,290.37,346.09,2021,6,1,0,55.71999999999997,0.1645745340697639
2021-06-15,Alemania,Soja,500.88,33531,estable,Sudeste Asiático,449.74,569.04,2021,6,0,0,119.29999999999995,0.23818080178885154
2021-06-15,Alemania,Maíz,171.48,30020,estable,África,154.05,184.39,2021,6,0,0,30.339999999999975,0.17693025425705608
2021-06-15,Australia,Soja,455.74,75824,bajando,Oriente Medio,387.54,467.47,2021,6,-1,0,79.93,0.17538508798876554
2021-06-15,Australia,Leche,301.41,144789,subiendo,China,264.32,339.02,2021,6,1,0,74.69999999999999,0.2478351746790086
2021-06-15,Australia,Trigo,313.15,70254,subiendo,Sudeste Asiático,282.41,350.5,2021,6,1,0,68.08999999999997,0.2174357336739581
2021-06-15,México,Maíz,177.13,1860,estable,UE,169.27,196.11,2021,6,0,0,26.840000000000003,0.15152712696889292
2021-06-15,México,Arroz,319.4,2997,estable,UE,311.95,355.04,2021,6,0,0,43.09000000000003,0.1349092047589231
2021-06-15,México,Soja,460.59,3782,bajando,Sudeste Asiático,397.59,473.02,2021,6,-1,0,75.43,0.16376821033891314
2021-06-15,Kenia,Carne_porcina,2077.29,19856,bajando,México,1898.57,2172.7,2021,6,-1,0,274.1299999999999,0.1319652046656942
2021-06-15,Kenia,Soja,447.63,13881,subiendo,China,413.37,467.16,2021,6,1,0,53.79000000000002,0.1201662086991489
2021-06-15,Kenia,Trigo,297.12,24287,bajando,Oriente Medio,279.72,326.09,2021,6,-1,0,46.36999999999995,0.15606488960689266
2021-06-15,Nueva Zelanda,Arroz,291.36,14039,estable,Japón,270.64,303.11,2021,6,0,0,32.47000000000003,0.11144288852278976
2021-06-15,Nueva Zelanda,Maíz,227.51,17660,bajando,Oriente Medio,206.31,236.47,2021,6,-1,0,30.159999999999997,0.13256560151202143
2021-06-15,Nueva Zelanda,Soja,438.79,16764,subiendo,Sudeste Asiático,374.05,450.85,2021,6,1,0,76.80000000000001,0.17502677818546458
2021-06-15,España,Trigo,276.37,22648,estable,China,262.04,310.46,2021,6,0,0,48.41999999999996,0.1751999131598942
2021-06-15,España,Arroz,314.81,44682,bajando,UE,304.99,322.63,2021,6,-1,0,17.639999999999986,0.056033798163971874
2021-06-15,España,Carne_porcina,2465.48,16463,estable,UE,2358.65,2695.21,2021,6,0,0,336.55999999999995,0.1365089150996966
2021-07-15,Argentina,Carne_porcina,2403.27,27243,bajando,Estados Unidos,2056.0,2642.09,2021,7,-1,0,586.0900000000001,0.24387189121488645
2021-07-15,Argentina,Leche,357.5,88021,estable,Sudeste Asiático,347.07,383.01,2021,7,0,0,35.94,0.10053146853146852
2021-07-15,Argentina,Trigo,326.55,68636,estable,UE,286.0,358.14,2021,7,0,0,72.13999999999999,0.2209156331342826
2021-07-15,Brasil,Carne_porcina,2400.79,203415,subiendo,Oriente Medio,2324.08,2747.0,2021,7,1,0,422.9200000000001,0.17615868110080435
2021-07-15,Brasil,Maíz,174.03,75744,bajando,Sudeste Asiático,160.84,183.13,2021,7,-1,0,22.289999999999992,0.1280813652818479
2021-07-15,Brasil,Arroz,378.51,279058,subiendo,Japón,358.0,433.67,2021,7,1,0,75.67000000000002,0.19991545797997415
2021-07-15,Estados Unidos,Carne_porcina,2359.28,109736,estable,Sudeste Asiático,2252.9,2427.01,2021,7,0,0,174.11000000000013,0.07379793835407417
2021-07-15,Estados Unidos,Carne_bovina,3952.43,275856,estable,Estados Unidos,3373.08,4271.57,2021,7,0,0,898.4899999999998,0.22732597414754968
2021-07-15,Estados Unidos,Leche,358.82,333404,subiendo,UE,309.15,368.56,2021,7,1,0,59.410000000000025,0.16557048102112487
2021-07-15,India,Soja,515.22,78024,subiendo,UE,453.69,571.36,2021,7,1,0,117.67000000000002,0.2283878731415706
2021-07-15,India,Carne_porcina,2588.01,142240,estable,Sudeste Asiático,2502.88,2941.71,2021,7,0,0,438.8299999999999,0.16956271420898678
2021-07-15,India,Maíz,169.18,15875,estable,México,164.21,183.74,2021,7,0,0,19.53,0.11543917720770777
2021-07-15,China,Leche,383.64,209443,estable,Estados Unidos,334.11,397.3,2021,7,0,0,63.19,0.16471170889375455
2021-07-15,China,Maíz,234.18,323650,estable,Japón,216.44,252.27,2021,7,0,0,35.83000000000001,0.15300196430096513
2021-07-15,China,Carne_bovina,3866.83,56047,estable,Estados Unidos,3317.83,3957.09,2021,7,0,0,639.2600000000002,0.16531887877150023
2021-07-15,Francia,Carne_bovina,3868.0,7140,subiendo,Japón,3479.0,3988.16,2021,7,1,0,509.15999999999985,0.1316339193381592
2021-07-15,Francia,Maíz,187.99,43464,estable,UE,182.62,204.24,2021,7,0,0,21.620000000000005,0.1150061173466674
2021-07-15,Francia,Arroz,357.88,18721,subiendo,Oriente Medio,330.23,388.51,2021,7,1,0,58.27999999999997,0.16284788197161051
2021-07-15,Alemania,Arroz,373.23,32269,estable,China,330.2,409.26,2021,7,0,0,79.06,0.21182648768855664
2021-07-15,Alemania,Carne_porcina,2170.03,6795,estable,Oriente Medio,1876.26,2333.93,2021,7,0,0,457.66999999999985,0.2109049183651838
2021-07-15,Alemania,Leche,343.7,17260,subiendo,Sudeste Asiático,304.84,390.51,2021,7,1,0,85.67000000000002,0.24925807390165847
2021-07-15,Australia,Carne_porcina,2381.98,102810,subiendo,Sudeste Asiático,2204.6,2695.61,2021,7,1,0,491.0100000000002,0.20613523203385428
2021-07-15,Australia,Carne_bovina,4085.84,57638,bajando,China,3942.92,4659.53,2021,7,-1,0,716.6099999999997,0.1753886593699214
2021-07-15,Australia,Leche,339.19,108648,bajando,Japón,320.07,387.23,2021,7,-1,0,67.16000000000003,0.19800112031604714
2021-07-15,México,Arroz,328.29,5244,bajando,China,285.57,349.28,2021,7,-1,0,63.70999999999998,0.19406622193792067
2021-07-15,México,Maíz,178.47,24302,estable,Japón,170.85,191.47,2021,7,0,0,20.620000000000005,0.11553762537121087
2021-07-15,México,Trigo,279.86,33933,estable,Japón,247.55,300.01,2021,7,0,0,52.45999999999998,0.18745086829128843
2021-07-15,Kenia,Carne_porcina,2638.99,10008,bajando,Oriente Medio,2407.65,3031.62,2021,7,-1,0,623.9699999999998,0.23644272998381952
2021-07-15,Kenia,Carne_bovina,4023.58,38732,subiendo,Oriente Medio,3431.58,4539.78,2021,7,1,0,1108.1999999999998,0.2754263615983775
2021-07-15,Kenia,Soja,410.62,8402,estable,Japón,368.13,459.17,2021,7,0,0,91.04000000000002,0.22171350640494866
2021-07-15,Nueva Zelanda,Carne_bovina,4452.85,47840,bajando,UE,3919.6,4816.94,2021,7,-1,0,897.3399999999997,0.20152037459155364
2021-07-15,Nueva Zelanda,Carne_porcina,2208.59,13227,subiendo,China,2140.98,2344.99,2021,7,1,0,204.00999999999976,0.09237115082473422
2021-07-15,Nueva Zelanda,Soja,481.32,46896,subiendo,Estados Unidos,431.67,550.77,2021,7,1,0,119.09999999999997,0.2474445275492395
2021-07-15,España,Leche,305.54,7380,bajando,África,285.54,346.33,2021,7,-1,0,60.789999999999964,0.19895921974209582
2021-07-15,España,Trigo,302.34,38173,bajando,Oriente Medio,290.2,326.86,2021,7,-1,0,36.660000000000025,0.12125421710656886
2021-07-15,España,Arroz,379.47,49989,subiendo,Estados Unidos,357.09,416.39,2021,7,1,0,59.30000000000001,0.15627058792526421
2021-08-15,Argentina,Carne_bovina,4205.05,10747,bajando,Sudeste Asiático,4029.83,4368.66,2021,8,-1,0,338.8299999999999,0.08057692536355095
2021-08-15,Argentina,Leche,327.43,118448,estable,UE,311.83,369.72,2021,8,0,0,57.89000000000004,0.17680114833704927
2021-08-15,Argentina,Maíz,215.2,108705,bajando,Oriente Medio,200.17,234.57,2021,8,-1,0,34.400000000000006,0.15985130111524168
2021-08-15,Brasil,Leche,342.41,280868,bajando,Oriente Medio,316.29,379.91,2021,8,-1,0,63.620000000000005,0.18580064834555066
2021-08-15,Brasil,Soja,516.32,358465,bajando,África,492.81,529.95,2021,8,-1,0,37.14000000000004,0.07193213511000937
2021-08-15,Brasil,Carne_bovina,3459.49,364105,estable,Estados Unidos,2966.91,3837.85,2021,8,0,0,870.94,0.25175387123535553
2021-08-15,Estados Unidos,Arroz,348.23,414257,subiendo,África,301.13,376.67,2021,8,1,0,75.54000000000002,0.21692559515262905
2021-08-15,Estados Unidos,Trigo,294.32,169049,estable,Oriente Medio,258.1,312.24,2021,8,0,0,54.139999999999986,0.183949442783365
2021-08-15,Estados Unidos,Soja,492.43,115936,subiendo,México,439.54,540.65,2021,8,1,0,101.10999999999996,0.20532867615701714
2021-08-15,India,Arroz,314.98,88940,subiendo,México,289.45,345.04,2021,8,1,0,55.59000000000003,0.17648739602514454
2021-08-15,India,Leche,315.55,108654,bajando,México,300.44,352.24,2021,8,-1,0,51.80000000000001,0.16415781967992396
2021-08-15,India,Maíz,196.33,140417,bajando,China,175.23,211.38,2021,8,-1,0,36.150000000000006,0.18412876279733104
2021-08-15,China,Soja,492.0,306916,bajando,África,452.58,503.7,2021,8,-1,0,51.120000000000005,0.10390243902439025
2021-08-15,China,Maíz,205.5,452656,bajando,Japón,179.81,223.14,2021,8,-1,0,43.329999999999984,0.21085158150851574
2021-08-15,China,Trigo,300.44,177148,bajando,México,286.57,340.65,2021,8,-1,0,54.079999999999984,0.1800026627612834
2021-08-15,Francia,Leche,345.26,19952,subiendo,UE,311.27,367.16,2021,8,1,0,55.89000000000004,0.161878004981753
2021-08-15,Francia,Soja,479.3,4519,subiendo,Oriente Medio,417.39,500.53,2021,8,1,0,83.13999999999999,0.17346129772585017
2021-08-15,Francia,Carne_porcina,2206.83,30617,bajando,Sudeste Asiático,2074.89,2386.94,2021,8,-1,0,312.0500000000002,0.1414019204016622
2021-08-15,Alemania,Arroz,343.08,7793,subiendo,Estados Unidos,304.15,393.81,2021,8,1,0,89.66000000000003,0.26133846333216754
2021-08-15,Alemania,Soja,467.59,33988,bajando,Oriente Medio,457.83,477.31,2021,8,-1,0,19.480000000000018,0.041660429008319295
2021-08-15,Alemania,Trigo,336.99,8100,bajando,Oriente Medio,307.52,365.39,2021,8,-1,0,57.870000000000005,0.17172616398112706
2021-08-15,Australia,Carne_bovina,3925.73,103943,bajando,China,3812.0,4143.67,2021,8,-1,0,331.6700000000001,0.08448619747155307
2021-08-15,Australia,Soja,459.72,78975,subiendo,Oriente Medio,395.31,512.57,2021,8,1,0,117.26000000000005,0.2550683024449666
2021-08-15,Australia,Carne_porcina,2460.52,148611,bajando,Japón,2326.68,2792.65,2021,8,-1,0,465.97000000000025,0.1893786679238536
2021-08-15,México,Trigo,280.03,26288,estable,China,254.81,298.38,2021,8,0,0,43.56999999999999,0.1555904724493804
2021-08-15,México,Soja,498.08,18349,estable,Estados Unidos,443.43,516.03,2021,8,0,0,72.59999999999997,0.14575971731448756
2021-08-15,México,Arroz,358.51,33994,bajando,México,321.61,400.75,2021,8,-1,0,79.13999999999999,0.22074698055842232
2021-08-15,Kenia,Trigo,307.63,21021,estable,África,272.89,332.47,2021,8,0,0,59.58000000000004,0.19367421902935358
2021-08-15,Kenia,Maíz,220.92,6026,subiendo,Estados Unidos,214.91,229.77,2021,8,1,0,14.860000000000014,0.06726416802462436
2021-08-15,Kenia,Carne_porcina,2520.76,36210,estable,Sudeste Asiático,2366.19,2774.6,2021,8,0,0,408.40999999999985,0.1620185975658134
2021-08-15,Nueva Zelanda,Leche,352.54,14518,subiendo,México,329.23,390.69,2021,8,1,0,61.45999999999998,0.1743348272536449
2021-08-15,Nueva Zelanda,Maíz,166.57,13558,estable,Oriente Medio,156.41,187.64,2021,8,0,0,31.22999999999999,0.18748874347121325
2021-08-15,Nueva Zelanda,Arroz,360.1,1826,estable,China,343.59,370.45,2021,8,0,0,26.860000000000014,0.07459039155790062
2021-08-15,España,Leche,343.4,47842,estable,Japón,293.38,377.45,2021,8,0,0,84.07,0.24481654047757717
2021-08-15,España,Arroz,346.2,48132,estable,Estados Unidos,306.28,393.36,2021,8,0,0,87.08000000000004,0.2515309069901792
2021-08-15,España,Soja,448.27,21026,subiendo,China,431.02,507.54,2021,8,1,0,76.52000000000004,0.17070069377830335
2021-09-15,Argentina,Leche,388.34,113897,bajando,Sudeste Asiático,355.59,422.07,2021,9,-1,0,66.48000000000002,0.17119019415975698
2021-09-15,Argentina,Carne_porcina,2429.05,55154,bajando,México,2145.02,2689.21,2021,9,-1,0,544.19,0.22403408740042405
2021-09-15,Argentina,Maíz,199.09,24021,estable,Japón,190.44,225.83,2021,9,0,0,35.390000000000015,0.1777588025516099
2021-09-15,Brasil,Carne_porcina,2634.6,419401,estable,UE,2244.74,2922.33,2021,9,0,0,677.5900000000001,0.2571889470887422
2021-09-15,Brasil,Maíz,241.19,401020,bajando,Japón,225.2,249.89,2021,9,-1,0,24.689999999999998,0.1023674281686637
2021-09-15,Brasil,Arroz,403.35,318693,estable,México,388.68,449.98,2021,9,0,0,61.30000000000001,0.15197719102516427
2021-09-15,Estados Unidos,Leche,406.34,326663,estable,Estados Unidos,392.13,454.84,2021,9,0,0,62.70999999999998,0.1543288871388492
2021-09-15,Estados Unidos,Carne_bovina,4249.81,214889,bajando,Estados Unidos,4075.05,4392.63,2021,9,-1,0,317.5799999999999,0.07472804666561561
2021-09-15,Estados Unidos,Carne_porcina,2942.61,183060,bajando,Japón,2515.15,3035.72,2021,9,-1,0,520.5699999999997,0.1769075752478241
2021-09-15,India,Carne_porcina,2773.94,76226,subiendo,México,2405.52,2902.88,2021,9,1,0,497.3600000000001,0.17929731717340683
2021-09-15,India,Carne_bovina,4173.38,127841,subiendo,Japón,3676.64,4686.73,2021,9,1,0,1010.0899999999997,0.24203163862384916
2021-09-15,India,Leche,338.53,141063,subiendo,Oriente Medio,328.23,352.21,2021,9,1,0,23.97999999999996,0.07083567187546144
2021-09-15,China,Carne_bovina,4320.59,75887,estable,Japón,3766.74,4475.03,2021,9,0,0,708.29,0.16393362943486883
2021-09-15,China,Soja,539.15,170596,subiendo,China,459.42,598.41,2021,9,1,0,138.98999999999995,0.2577946768060836
2021-09-15,China,Carne_porcina,2602.0,110090,subiendo,China,2383.51,2867.61,2021,9,1,0,484.0999999999999,0.1860491929285165
2021-09-15,Francia,Carne_porcina,2655.03,36896,subiendo,México,2322.13,2840.57,2021,9,1,0,518.44,0.19526709679363322
2021-09-15,Francia,Carne_bovina,3774.1,48481,subiendo,México,3663.56,4168.43,2021,9,1,0,504.87000000000035,0.13377229008240385
2021-09-15,Francia,Arroz,364.47,34445,subiendo,Sudeste Asiático,322.9,408.86,2021,9,1,0,85.96000000000004,0.23584931544434393
2021-09-15,Alemania,Leche,350.6,39581,bajando,UE,299.6,366.66,2021,9,-1,0,67.06,0.1912721049629207
2021-09-15,Alemania,Carne_bovina,4185.36,27494,subiendo,China,3758.91,4712.83,2021,9,1,0,953.9200000000001,0.22791826748475644
2021-09-15,Alemania,Soja,632.26,39556,bajando,Sudeste Asiático,605.97,672.14,2021,9,-1,0,66.16999999999996,0.10465631227659501
2021-09-15,Australia,Carne_porcina,2798.24,112218,bajando,México,2411.98,2858.95,2021,9,-1,0,446.9699999999998,0.1597325461718794
2021-09-15,Australia,Maíz,237.54,88404,subiendo,UE,223.65,269.83,2021,9,1,0,46.17999999999998,0.19440936263366163
2021-09-15,Australia,Arroz,437.37,10415,bajando,África,377.49,481.04,2021,9,-1,0,103.55000000000001,0.23675606465921303
2021-09-15,México,Carne_bovina,4292.58,1985,bajando,Japón,3888.59,4684.37,2021,9,-1,0,795.7799999999997,0.18538501320883938
2021-09-15,México,Trigo,283.64,36015,estable,Oriente Medio,246.97,311.69,2021,9,0,0,64.72,0.2281765618389508
2021-09-15,México,Leche,392.78,36385,bajando,UE,357.99,451.45,2021,9,-1,0,93.45999999999998,0.23794490554508882
2021-09-15,Kenia,Carne_porcina,2669.57,3007,bajando,Oriente Medio,2331.82,2880.36,2021,9,-1,0,548.54,0.20547878497286076
2021-09-15,Kenia,Leche,351.75,25710,subiendo,Japón,304.77,401.92,2021,9,1,0,97.15000000000003,0.27619047619047626
2021-09-15,Kenia,Arroz,367.15,24495,bajando,Estados Unidos,330.22,388.94,2021,9,-1,0,58.71999999999997,0.15993463162195282
2021-09-15,Nueva Zelanda,Maíz,247.38,38462,bajando,Estados Unidos,240.53,277.54,2021,9,-1,0,37.01000000000002,0.14960789069447822
2021-09-15,Nueva Zelanda,Carne_bovina,4210.67,8718,bajando,Sudeste Asiático,3829.18,4681.37,2021,9,-1,0,852.19,0.20238821850204364
2021-09-15,Nueva Zelanda,Leche,365.79,20450,bajando,Estados Unidos,348.21,377.7,2021,9,-1,0,29.49000000000001,0.08062002788485198
2021-09-15,España,Carne_porcina,2354.34,47712,estable,Oriente Medio,2288.88,2534.79,2021,9,0,0,245.90999999999985,0.10444965468029249
2021-09-15,España,Leche,341.24,32295,bajando,UE,309.98,384.05,2021,9,-1,0,74.07,0.2170613058258117
2021-09-15,España,Carne_bovina,4825.76,18323,estable,África,4269.03,5005.02,2021,9,0,0,735.9900000000007,0.1525127648287525
2021-10-15,Argentina,Leche,378.94,21893,bajando,Oriente Medio,360.5,392.75,2021,10,-1,0,32.25,0.08510582150208476
2021-10-15,Argentina,Carne_bovina,4310.36,106251,bajando,China,4061.82,4406.69,2021,10,-1,0,344.86999999999944,0.08000955836635443
2021-10-15,Argentina,Trigo,328.4,114673,subiendo,África,296.64,375.55,2021,10,1,0,78.91000000000003,0.24028623629719864
2021-10-15,Brasil,Arroz,388.48,296416,subiendo,Estados Unidos,376.65,427.11,2021,10,1,0,50.460000000000036,0.12989085667215824
2021-10-15,Brasil,Soja,619.08,196799,subiendo,China,533.37,673.32,2021,10,1,0,139.95000000000005,0.22606125218065523
2021-10-15,Brasil,Carne_porcina,3056.25,145823,subiendo,México,2882.72,3212.88,2021,10,1,0,330.1600000000003,0.10802781186094079
2021-10-15,Estados Unidos,Soja,554.93,466725,bajando,China,506.42,570.28,2021,10,-1,0,63.85999999999996,0.11507757735209839
2021-10-15,Estados Unidos,Arroz,368.25,415960,subiendo,UE,318.58,393.42,2021,10,1,0,74.84000000000003,0.2032315003394434
2021-10-15,Estados Unidos,Maíz,174.6,293176,subiendo,UE,155.56,187.8,2021,10,1,0,32.24000000000001,0.18465063001145482
2021-10-15,India,Carne_porcina,2653.36,125497,subiendo,Estados Unidos,2324.21,2717.75,2021,10,1,0,393.53999999999996,0.14831760484819245
2021-10-15,India,Maíz,185.5,92289,estable,China,157.78,200.88,2021,10,0,0,43.099999999999994,0.2323450134770889
2021-10-15,India,Trigo,386.66,32707,estable,México,356.9,410.84,2021,10,0,0,53.94,0.139502405213883
2021-10-15,China,Trigo,358.12,266638,estable,Japón,344.69,384.47,2021,10,0,0,39.78000000000003,0.1110800848877472
2021-10-15,China,Soja,473.36,297577,subiendo,Oriente Medio,453.82,488.25,2021,10,1,0,34.43000000000001,0.07273533885414907
2021-10-15,China,Carne_porcina,2839.29,124056,bajando,Japón,2710.44,3195.39,2021,10,-1,0,484.9499999999998,0.17079974218906832
2021-10-15,Francia,Maíz,180.71,11074,bajando,Oriente Medio,158.81,188.63,2021,10,-1,0,29.819999999999993,0.16501577112500687
2021-10-15,Francia,Soja,518.28,48734,bajando,Sudeste Asiático,457.79,580.12,2021,10,-1,0,122.32999999999998,0.23603071698695685
2021-10-15,Francia,Leche,384.39,10921,bajando,China,347.0,405.72,2021,10,-1,0,58.72000000000003,0.1527615182496944
2021-10-15,Alemania,Carne_bovina,4436.24,39553,estable,Japón,4341.59,5099.63,2021,10,0,0,758.04,0.17087443420554344
2021-10-15,Alemania,Arroz,430.07,33989,subiendo,México,419.66,456.44,2021,10,1,0,36.77999999999997,0.0855209617039086
2021-10-15,Alemania,Maíz,209.05,42328,bajando,Oriente Medio,202.56,227.91,2021,10,-1,0,25.349999999999994,0.12126285577613008
2021-10-15,Australia,Trigo,313.72,82535,estable,China,282.71,338.3,2021,10,0,0,55.59000000000003,0.17719622593395393
2021-10-15,Australia,Leche,346.05,114088,subiendo,Japón,319.54,385.77,2021,10,1,0,66.22999999999996,0.1913885276694118
2021-10-15,Australia,Maíz,171.45,97374,bajando,UE,146.68,188.9,2021,10,-1,0,42.22,0.2462525517643628
2021-10-15,México,Trigo,346.56,16307,subiendo,UE,339.48,374.33,2021,10,1,0,34.849999999999966,0.10055978762696205
2021-10-15,México,Carne_porcina,2649.44,40388,estable,China,2301.04,2979.84,2021,10,0,0,678.8000000000002,0.25620508484811894
2021-10-15,México,Maíz,226.42,26497,subiendo,Estados Unidos,197.41,231.65,2021,10,1,0,34.24000000000001,0.15122339015987993
2021-10-15,Kenia,Carne_porcina,2837.77,18566,estable,UE,2663.92,3262.78,2021,10,0,0,598.8600000000001,0.21103190181022427
2021-10-15,Kenia,Carne_bovina,4676.77,12943,bajando,África,4452.48,5317.55,2021,10,-1,0,865.0700000000006,0.18497167917173615
2021-10-15,Kenia,Trigo,325.66,1693,subiendo,Oriente Medio,308.97,361.79,2021,10,1,0,52.81999999999999,0.16219369894982494
2021-10-15,Nueva Zelanda,Maíz,182.35,48151,subiendo,África,177.91,201.51,2021,10,1,0,23.599999999999994,0.1294214422813271
2021-10-15,Nueva Zelanda,Leche,373.12,42531,estable,África,318.7,394.29,2021,10,0,0,75.59000000000003,0.2025889794168097
2021-10-15,Nueva Zelanda,Trigo,375.02,30028,estable,Japón,359.94,405.13,2021,10,0,0,45.19,0.12050023998720068
2021-10-15,España,Carne_bovina,4499.04,24996,estable,China,4358.44,4978.8,2021,10,0,0,620.3600000000006,0.13788719371243657
2021-10-15,España,Maíz,221.34,26734,bajando,Japón,216.05,248.01,2021,10,-1,0,31.95999999999998,0.14439324116743463
2021-10-15,España,Trigo,272.92,38943,subiendo,China,241.82,282.85,2021,10,1,0,41.03000000000003,0.150337095119449
2021-11-15,Argentina,Maíz,188.58,84504,subiendo,UE,173.6,207.72,2021,11,1,0,34.120000000000005,0.18093116979531235
2021-11-15,Argentina,Soja,627.89,98292,estable,Estados Unidos,612.05,669.76,2021,11,0,0,57.710000000000036,0.09191100351972485
2021-11-15,Argentina,Arroz,381.65,107989,estable,África,331.67,407.21,2021,11,0,0,75.53999999999996,0.19793004061312713
2021-11-15,Brasil,Maíz,208.66,352833,subiendo,China,188.15,224.45,2021,11,1,0,36.29999999999998,0.17396721939998075
2021-11-15,Brasil,Leche,416.07,80822,subiendo,Oriente Medio,392.45,450.22,2021,11,1,0,57.77000000000004,0.13884682865863926
2021-11-15,Brasil,Carne_porcina,2509.06,176686,bajando,México,2359.19,2600.11,2021,11,-1,0,240.92000000000007,0.09602002343507134
2021-11-15,Estados Unidos,Soja,530.47,354639,estable,África,510.34,542.5,2021,11,0,0,32.160000000000025,0.06062548306219018
2021-11-15,Estados Unidos,Carne_porcina,2614.55,447810,subiendo,África,2333.88,2740.93,2021,11,1,0,407.0499999999997,0.15568644699852735
2021-11-15,Estados Unidos,Leche,400.81,88209,bajando,Japón,392.03,425.14,2021,11,-1,0,33.110000000000014,0.08260771936827926
2021-11-15,India,Soja,506.99,76786,subiendo,China,472.31,560.72,2021,11,1,0,88.41000000000003,0.17438213771474786
2021-11-15,India,Arroz,396.58,67366,subiendo,México,354.16,409.43,2021,11,1,0,55.26999999999998,0.13936658429572843
2021-11-15,India,Leche,364.78,20442,estable,Oriente Medio,349.85,374.28,2021,11,0,0,24.42999999999995,0.06697187345797453
2021-11-15,China,Soja,538.16,182790,subiendo,China,468.03,612.09,2021,11,1,0,144.06000000000006,0.26768990634755474
2021-11-15,China,Maíz,185.63,165314,subiendo,China,164.58,205.71,2021,11,1,0,41.129999999999995,0.221569789365943
2021-11-15,China,Carne_bovina,4887.62,289357,bajando,Sudeste Asiático,4359.88,5344.74,2021,11,-1,0,984.8599999999997,0.2015009350154062
2021-11-15,Francia,Soja,556.73,28754,bajando,Estados Unidos,501.82,584.58,2021,11,-1,0,82.76000000000005,0.14865374598099626
2021-11-15,Francia,Maíz,234.46,12742,subiendo,Estados Unidos,213.23,249.93,2021,11,1,0,36.70000000000002,0.15652989849014765
2021-11-15,Francia,Leche,347.48,31367,subiendo,Estados Unidos,295.41,374.53,2021,11,1,0,79.11999999999995,0.22769655807528474
2021-11-15,Alemania,Maíz,204.24,1401,subiendo,Japón,185.06,233.75,2021,11,1,0,48.69,0.2383960047003525
2021-11-15,Alemania,Trigo,287.31,48550,estable,Estados Unidos,246.74,326.93,2021,11,0,0,80.19,0.2791061919181372
2021-11-15,Alemania,Soja,512.32,38542,bajando,China,481.19,560.24,2021,11,-1,0,79.05000000000001,0.1542980949406621
2021-11-15,Australia,Arroz,361.33,107367,bajando,UE,341.43,409.92,2021,11,-1,0,68.49000000000001,0.1895497190933496
2021-11-15,Australia,Maíz,218.34,133324,subiendo,UE,196.42,237.37,2021,11,1,0,40.95000000000002,0.18755152514427048
2021-11-15,Australia,Carne_porcina,2897.57,99042,subiendo,Sudeste Asiático,2664.45,3260.0,2021,11,1,0,595.5500000000002,0.20553429252787686
2021-11-15,México,Carne_bovina,4257.37,11130,estable,Sudeste Asiático,4116.44,4787.33,2021,11,0,0,670.8900000000003,0.15758320277542245
2021-11-15,México,Soja,541.37,21381,subiendo,UE,530.22,561.91,2021,11,1,0,31.68999999999994,0.05853667547148889
2021-11-15,México,Maíz,228.6,1079,subiendo,Estados Unidos,210.69,251.45,2021,11,1,0,40.75999999999999,0.17830271216097984
2021-11-15,Kenia,Carne_bovina,4300.78,4877,bajando,UE,3810.77,4659.23,2021,11,-1,0,848.4599999999996,0.19728049330586536
2021-11-15,Kenia,Soja,488.47,9629,estable,UE,419.39,560.08,2021,11,0,0,140.69000000000005,0.2880217822998343
2021-11-15,Kenia,Carne_porcina,2964.52,47565,subiendo,China,2779.26,3307.35,2021,11,1,0,528.0899999999997,0.17813676413044935
2021-11-15,Nueva Zelanda,Carne_porcina,2338.77,4323,bajando,Estados Unidos,2054.55,2425.44,2021,11,-1,0,370.8899999999999,0.15858335791890604
2021-11-15,Nueva Zelanda,Maíz,228.93,9335,estable,UE,201.84,254.87,2021,11,0,0,53.03,0.23164286026296246
2021-11-15,Nueva Zelanda,Soja,496.82,9561,estable,UE,449.29,564.0,2021,11,0,0,114.70999999999998,0.23088845054546914
2021-11-15,España,Arroz,362.44,4764,bajando,Japón,352.12,390.42,2021,11,-1,0,38.30000000000001,0.10567266306147227
2021-11-15,España,Trigo,313.28,39309,subiendo,Japón,271.67,322.44,2021,11,1,0,50.76999999999998,0.16205949948927473
2021-11-15,España,Leche,334.55,40204,subiendo,Oriente Medio,314.06,376.6,2021,11,1,0,62.54000000000002,0.18693767747720824
2021-12-15,Argentina,Carne_porcina,2470.72,20715,subiendo,Japón,2138.44,2772.32,2021,12,1,0,633.8800000000001,0.25655679316150765
2021-12-15,Argentina,Maíz,190.71,82327,subiendo,Oriente Medio,171.82,198.27,2021,12,1,0,26.450000000000017,0.13869225525667253
2021-12-15,Argentina,Arroz,330.4,41068,bajando,Sudeste Asiático,281.44,339.4,2021,12,-1,0,57.95999999999998,0.17542372881355928
2021-12-15,Brasil,Arroz,368.52,256179,bajando,China,331.6,409.45,2021,12,-1,0,77.84999999999997,0.21125040703353948
2021-12-15,Brasil,Carne_bovina,3901.54,318511,bajando,África,3499.75,4133.35,2021,12,-1,0,633.6000000000004,0.1623974123038596
2021-12-15,Brasil,Trigo,280.99,183554,bajando,China,254.95,302.38,2021,12,-1,0,47.43000000000001,0.16879604256379233
2021-12-15,Estados Unidos,Soja,475.8,167817,estable,Oriente Medio,425.7,504.02,2021,12,0,0,78.32,0.1646069777217318
2021-12-15,Estados Unidos,Carne_porcina,2361.07,149495,subiendo,Estados Unidos,2125.19,2541.46,2021,12,1,0,416.27,0.176305658027928
2021-12-15,Estados Unidos,Trigo,306.93,126995,bajando,Japón,292.24,339.62,2021,12,-1,0,47.379999999999995,0.15436744534584432
2021-12-15,India,Leche,365.37,94033,bajando,Estados Unidos,315.38,397.12,2021,12,-1,0,81.74000000000001,0.2237184224211074
2021-12-15,India,Carne_porcina,2589.19,20299,estable,Sudeste Asiático,2520.29,2840.96,2021,12,0,0,320.6700000000001,0.12384954367968364
2021-12-15,India,Trigo,292.91,116840,subiendo,Japón,276.56,333.32,2021,12,1,0,56.75999999999999,0.19377965928100777
2021-12-15,China,Carne_porcina,2426.52,165659,subiendo,África,2316.48,2754.97,2021,12,1,0,438.4899999999998,0.18070735044425754
2021-12-15,China,Maíz,222.67,197709,bajando,Estados Unidos,215.0,246.42,2021,12,-1,0,31.419999999999987,0.14110567207077734
2021-12-15,China,Carne_bovina,3660.5,178724,bajando,Japón,3563.19,3750.24,2021,12,-1,0,187.04999999999973,0.051099576560579084
2021-12-15,Francia,Carne_porcina,2346.96,44808,estable,Sudeste Asiático,2118.69,2507.97,2021,12,0,0,389.27999999999975,0.16586563043255945
2021-12-15,Francia,Soja,502.82,31599,estable,Oriente Medio,487.28,549.72,2021,12,0,0,62.440000000000055,0.12417962690426008
2021-12-15,Francia,Maíz,176.74,30722,bajando,México,166.81,201.93,2021,12,-1,0,35.120000000000005,0.1987099694466448
2021-12-15,Alemania,Carne_porcina,2274.68,25295,estable,Sudeste Asiático,2226.57,2400.27,2021,12,0,0,173.69999999999982,0.07636238943499737
2021-12-15,Alemania,Trigo,290.41,33950,bajando,UE,263.12,330.42,2021,12,-1,0,67.30000000000001,0.2317413312213767
2021-12-15,Alemania,Soja,421.75,19713,bajando,China,387.85,479.98,2021,12,-1,0,92.13,0.21844694724362773
2021-12-15,Australia,Carne_bovina,4036.3,32947,bajando,Estados Unidos,3829.87,4429.73,2021,12,-1,0,599.8599999999997,0.14861630701384923
2021-12-15,Australia,Trigo,292.41,109952,bajando,México,280.64,305.17,2021,12,-1,0,24.53000000000003,0.08388905988167308
2021-12-15,Australia,Leche,343.78,128803,bajando,Estados Unidos,302.93,385.38,2021,12,-1,0,82.44999999999999,0.23983361452091453
2021-12-15,México,Carne_bovina,3486.38,19737,subiendo,México,3258.32,3820.57,2021,12,1,0,562.25,0.16127042949993975
2021-12-15,México,Maíz,191.26,28227,subiendo,México,181.89,217.12,2021,12,1,0,35.23000000000002,0.18419951897939987
2021-12-15,México,Trigo,274.83,30675,estable,Oriente Medio,241.46,307.84,2021,12,0,0,66.37999999999997,0.24153112833387902
2021-12-15,Kenia,Soja,442.2,48898,subiendo,Sudeste Asiático,429.91,498.29,2021,12,1,0,68.38,0.15463591135232926
2021-12-15,Kenia,Maíz,207.47,8880,subiendo,África,196.03,223.66,2021,12,1,0,27.629999999999995,0.1331758808502434
2021-12-15,Kenia,Carne_porcina,2663.52,21862,subiendo,Japón,2389.6,3052.47,2021,12,1,0,662.8699999999999,0.2488699165014717
2021-12-15,Nueva Zelanda,Trigo,303.26,31189,bajando,México,291.05,334.97,2021,12,-1,0,43.920000000000016,0.1448262217239333
2021-12-15,Nueva Zelanda,Carne_porcina,2349.3,33585,subiendo,Estados Unidos,2262.52,2681.47,2021,12,1,0,418.9499999999998,0.17832971523432503
2021-12-15,Nueva Zelanda,Soja,523.15,27930,bajando,Estados Unidos,459.81,563.85,2021,12,-1,0,104.04000000000002,0.198872216381535
2021-12-15,España,Arroz,345.89,27655,subiendo,Japón,315.05,357.82,2021,12,1,0,42.76999999999998,0.12365202810141948
2021-12-15,España,Soja,547.6,4056,estable,África,523.5,616.47,2021,12,0,0,92.97000000000003,0.16977720964207454
2021-12-15,España,Carne_bovina,3889.42,25083,bajando,China,3324.39,4432.77,2021,12,-1,0,1108.3800000000006,0.28497308081924827
2022-01-15,Argentina,Arroz,333.07,58839,bajando,Sudeste Asiático,311.79,380.66,2022,1,-1,0,68.87,0.20677335094724836
2022-01-15,Argentina,Carne_porcina,2088.13,88937,subiendo,UE,1983.73,2188.97,2022,1,1,0,205.23999999999978,0.09828889963747457
2022-01-15,Argentina,Soja,497.96,32765,bajando,Estados Unidos,482.08,520.77,2022,1,-1,0,38.69,0.07769700377540364
2022-01-15,Brasil,Soja,484.57,321632,bajando,Estados Unidos,468.99,495.95,2022,1,-1,0,26.95999999999998,0.055636956476876366
2022-01-15,Brasil,Arroz,355.22,380913,bajando,Japón,317.82,395.54,2022,1,-1,0,77.72000000000003,0.2187939868250662
2022-01-15,Brasil,Carne_bovina,4095.74,395649,estable,Japón,3965.67,4256.65,2022,1,0,0,290.97999999999956,0.0710445487262374
2022-01-15,Estados Unidos,Soja,463.67,323789,estable,Estados Unidos,394.2,494.86,2022,1,0,0,100.66000000000003,0.21709405396079112
2022-01-15,Estados Unidos,Carne_porcina,2496.85,459842,subiendo,África,2195.52,2620.35,2022,1,1,0,424.8299999999999,0.17014638444439992
2022-01-15,Estados Unidos,Arroz,336.63,68223,bajando,Oriente Medio,290.15,345.51,2022,1,-1,0,55.360000000000014,0.16445355434750322
2022-01-15,India,Arroz,325.19,41665,estable,Estados Unidos,311.49,340.15,2022,1,0,0,28.659999999999968,0.0881330914234754
2022-01-15,India,Maíz,155.45,42684,subiendo,Oriente Medio,134.15,171.59,2022,1,1,0,37.44,0.2408491476358958
2022-01-15,India,Carne_bovina,4491.29,68264,estable,Estados Unidos,4229.86,5143.76,2022,1,0,0,913.9000000000005,0.20348274103876626
2022-01-15,China,Arroz,385.04,330039,bajando,Oriente Medio,351.24,408.98,2022,1,-1,0,57.74000000000001,0.1499584458757532
2022-01-15,China,Carne_porcina,2415.82,160006,subiendo,Estados Unidos,2097.92,2514.82,2022,1,1,0,416.9000000000001,0.17257080411620074
2022-01-15,China,Leche,325.27,105642,estable,México,287.21,338.28,2022,1,0,0,51.06999999999999,0.15700802410305284
2022-01-15,Francia,Carne_bovina,3863.21,45913,estable,Estados Unidos,3373.44,4421.77,2022,1,0,0,1048.3300000000004,0.271362416228991
2022-01-15,Francia,Carne_porcina,2345.96,41496,bajando,Japón,2107.39,2407.92,2022,1,-1,0,300.5300000000002,0.1281053385394466
2022-01-15,Francia,Leche,353.19,42643,estable,Sudeste Asiático,339.91,371.49,2022,1,0,0,31.579999999999984,0.0894136300574761
2022-01-15,Alemania,Leche,330.71,45805,bajando,México,285.6,347.49,2022,1,-1,0,61.889999999999986,0.18714281394575305
2022-01-15,Alemania,Carne_porcina,2361.38,37627,bajando,UE,2207.7,2508.06,2022,1,-1,0,300.3600000000001,0.12719680864579191
2022-01-15,Alemania,Maíz,170.64,15401,bajando,Estados Unidos,153.95,175.33,2022,1,-1,0,21.380000000000024,0.125293014533521
2022-01-15,Australia,Leche,344.89,134132,estable,África,310.47,365.86,2022,1,0,0,55.389999999999986,0.16060193105047982
2022-01-15,Australia,Trigo,268.01,104773,bajando,México,247.63,301.22,2022,1,-1,0,53.59000000000003,0.19995522555128553
2022-01-15,Australia,Arroz,380.18,106544,subiendo,Oriente Medio,371.45,401.01,2022,1,1,0,29.560000000000002,0.07775264348466517
2022-01-15,México,Maíz,178.55,38327,estable,UE,165.14,190.85,2022,1,0,0,25.710000000000008,0.14399327919350324
2022-01-15,México,Carne_bovina,4261.29,30547,estable,Sudeste Asiático,3820.28,4448.92,2022,1,0,0,628.6399999999999,0.14752340253772916
2022-01-15,México,Trigo,267.8,9984,subiendo,México,233.51,307.15,2022,1,1,0,73.63999999999999,0.2749813293502613
2022-01-15,Kenia,Carne_porcina,2555.75,7297,subiendo,UE,2222.12,2631.22,2022,1,1,0,409.0999999999999,0.16007042942384814
2022-01-15,Kenia,Maíz,170.55,47953,bajando,Oriente Medio,155.23,186.52,2022,1,-1,0,31.29000000000002,0.18346525945470546
2022-01-15,Kenia,Leche,314.86,35289,bajando,Japón,270.67,338.61,2022,1,-1,0,67.94,0.2157784412119672
2022-01-15,Nueva Zelanda,Arroz,388.57,13148,subiendo,Sudeste Asiático,363.22,430.43,2022,1,1,0,67.20999999999998,0.17296754767480757
2022-01-15,Nueva Zelanda,Soja,462.85,46577,estable,Sudeste Asiático,432.46,497.4,2022,1,0,0,64.94,0.1403046343307767
2022-01-15,Nueva Zelanda,Maíz,183.43,14631,estable,México,160.75,201.46,2022,1,0,0,40.71000000000001,0.2219375238510604
2022-01-15,España,Carne_porcina,2175.08,34586,estable,África,1900.19,2253.84,2022,1,0,0,353.6500000000001,0.16259172076429376
2022-01-15,España,Arroz,292.16,5538,bajando,China,277.75,316.47,2022,1,-1,0,38.72000000000003,0.1325301204819278
2022-01-15,España,Trigo,300.89,37899,estable,Sudeste Asiático,287.03,318.02,2022,1,0,0,30.99000000000001,0.10299444979892988
2022-02-15,Argentina,Maíz,163.8,131704,bajando,México,145.81,181.25,2022,2,-1,0,35.44,0.21636141636141634
2022-02-15,Argentina,Carne_porcina,2369.26,127394,estable,Sudeste Asiático,2298.27,2689.17,2022,2,0,0,390.9000000000001,0.16498822417126024
2022-02-15,Argentina,Leche,337.26,111097,bajando,Oriente Medio,316.95,345.49,2022,2,-1,0,28.54000000000002,0.08462313941766003
2022-02-15,Brasil,Leche,305.93,215011,estable,Japón,278.75,313.55,2022,2,0,0,34.80000000000001,0.11375151178374142
2022-02-15,Brasil,Trigo,340.9,346246,bajando,Estados Unidos,332.43,367.27,2022,2,-1,0,34.839999999999975,0.10220005866823109
2022-02-15,Brasil,Maíz,175.76,390825,bajando,Estados Unidos,162.4,187.96,2022,2,-1,0,25.560000000000002,0.14542558033682296
2022-02-15,Estados Unidos,Trigo,317.51,426971,subiendo,Estados Unidos,285.07,328.41,2022,2,1,0,43.34000000000003,0.13649963780668337
2022-02-15,Estados Unidos,Soja,488.08,403590,subiendo,Oriente Medio,433.88,560.49,2022,2,1,0,126.61000000000001,0.2594041960334372
2022-02-15,Estados Unidos,Maíz,219.45,324999,estable,África,203.99,233.79,2022,2,0,0,29.799999999999983,0.13579403053087258
2022-02-15,India,Trigo,285.29,78609,bajando,Japón,253.9,300.55,2022,2,-1,0,46.650000000000006,0.16351782396859338
2022-02-15,India,Arroz,331.15,41801,bajando,Japón,313.9,348.22,2022,2,-1,0,34.32000000000005,0.10363883436509151
2022-02-15,India,Carne_porcina,2677.44,82296,estable,Sudeste Asiático,2375.05,2931.1,2022,2,0,0,556.0499999999997,0.20767972391538175
2022-02-15,China,Trigo,251.29,488709,estable,Estados Unidos,218.37,257.88,2022,2,0,0,39.50999999999999,0.15722869990847224
2022-02-15,China,Arroz,325.47,367424,estable,Sudeste Asiático,307.27,341.23,2022,2,0,0,33.960000000000036,0.10434141395520334
2022-02-15,China,Leche,361.71,386878,estable,México,312.15,376.36,2022,2,0,0,64.21000000000004,0.1775179010809766
2022-02-15,Francia,Maíz,178.4,8546,bajando,China,162.75,188.96,2022,2,-1,0,26.210000000000008,0.14691704035874442
2022-02-15,Francia,Carne_bovina,4022.92,19813,estable,Oriente Medio,3613.27,4350.55,2022,2,0,0,737.2800000000002,0.18326986368110731
2022-02-15,Francia,Arroz,366.27,9235,subiendo,Japón,311.81,387.96,2022,2,1,0,76.14999999999998,0.20790673546837027
2022-02-15,Alemania,Carne_bovina,3569.47,48417,estable,Japón,3296.96,4022.74,2022,2,0,0,725.7799999999997,0.20332990612051643
2022-02-15,Alemania,Arroz,328.34,24315,subiendo,Estados Unidos,312.33,343.62,2022,2,1,0,31.29000000000002,0.0952975574100019
2022-02-15,Alemania,Trigo,322.32,26787,bajando,Oriente Medio,281.95,353.17,2022,2,-1,0,71.22000000000003,0.22096053611317953
2022-02-15,Australia,Carne_porcina,2686.32,122785,subiendo,Japón,2613.17,2831.22,2022,2,1,0,218.04999999999973,0.08117052324369387
2022-02-15,Australia,Leche,324.21,77993,estable,África,292.29,340.02,2022,2,0,0,47.72999999999996,0.1472193948366798
2022-02-15,Australia,Arroz,332.93,107251,subiendo,Japón,295.83,347.54,2022,2,1,0,51.710000000000036,0.1553179347009883
2022-02-15,México,Leche,375.34,3194,subiendo,Japón,334.16,397.13,2022,2,1,0,62.96999999999997,0.16776789044599558
2022-02-15,México,Arroz,310.61,8063,subiendo,México,273.38,335.02,2022,2,1,0,61.639999999999986,0.19844821480312927
2022-02-15,México,Soja,497.13,46426,estable,Oriente Medio,473.07,541.99,2022,2,0,0,68.92000000000002,0.13863576931587315
2022-02-15,Kenia,Maíz,227.99,43672,bajando,Estados Unidos,210.66,240.87,2022,2,-1,0,30.210000000000008,0.1325058116584061
2022-02-15,Kenia,Leche,378.32,11026,estable,UE,353.37,433.7,2022,2,0,0,80.32999999999998,0.21233347430746455
2022-02-15,Kenia,Carne_bovina,3734.31,31527,bajando,Japón,3656.49,3955.65,2022,2,-1,0,299.1600000000003,0.08011118519887217
2022-02-15,Nueva Zelanda,Leche,326.6,25026,subiendo,Estados Unidos,284.49,356.87,2022,2,1,0,72.38,0.2216166564605021
2022-02-15,Nueva Zelanda,Trigo,335.22,23173,subiendo,Sudeste Asiático,317.69,373.73,2022,2,1,0,56.04000000000002,0.16717379631286922
2022-02-15,Nueva Zelanda,Maíz,218.21,14039,subiendo,Estados Unidos,200.24,226.92,2022,2,1,0,26.67999999999998,0.12226754044269271
2022-02-15,España,Leche,305.66,27297,estable,UE,268.37,346.65,2022,2,0,0,78.27999999999997,0.2561015507426551
2022-02-15,España,Soja,436.2,17622,bajando,Sudeste Asiático,395.78,486.55,2022,2,-1,0,90.77000000000004,0.20809261806510784
2022-02-15,España,Maíz,183.6,30903,bajando,China,166.51,197.46,2022,2,-1,0,30.950000000000017,0.16857298474945542
2022-03-15,Argentina,Leche,377.65,92624,subiendo,China,329.52,416.71,2022,3,1,0,87.19,0.2308751489474381
2022-03-15,Argentina,Arroz,317.13,55361,subiendo,México,303.2,330.5,2022,3,1,0,27.30000000000001,0.0860845709961215
2022-03-15,Argentina,Carne_bovina,3663.92,44553,subiendo,Estados Unidos,3371.63,3955.57,2022,3,1,0,583.94,0.15937575056223935
2022-03-15,Brasil,Leche,348.98,135672,estable,Estados Unidos,309.91,395.93,2022,3,0,0,86.01999999999998,0.24648977018740323
2022-03-15,Brasil,Carne_bovina,3985.64,428647,bajando,México,3730.05,4348.5,2022,3,-1,0,618.4499999999998,0.15516955871578963
2022-03-15,Brasil,Maíz,233.82,486048,bajando,Sudeste Asiático,208.51,246.42,2022,3,-1,0,37.91,0.16213326490462748
2022-03-15,Estados Unidos,Maíz,221.04,188259,subiendo,Oriente Medio,198.22,241.02,2022,3,1,0,42.80000000000001,0.1936301121968875
2022-03-15,Estados Unidos,Carne_bovina,4377.94,130785,estable,Sudeste Asiático,4079.19,4658.71,2022,3,0,0,579.52,0.13237275979113466
2022-03-15,Estados Unidos,Carne_porcina,2577.62,131553,bajando,China,2459.94,2825.18,2022,3,-1,0,365.2399999999998,0.14169660384385588
2022-03-15,India,Carne_porcina,2520.68,76773,estable,Estados Unidos,2452.95,2730.17,2022,3,0,0,277.22000000000025,0.1099782598346479
2022-03-15,India,Trigo,319.29,30003,subiendo,UE,276.79,329.25,2022,3,1,0,52.45999999999998,0.16430204516270466
2022-03-15,India,Arroz,327.73,144614,subiendo,Japón,308.26,376.15,2022,3,1,0,67.88999999999999,0.20715222896896832
2022-03-15,China,Carne_bovina,4036.61,88762,bajando,China,3883.96,4371.71,2022,3,-1,0,487.75,0.12083158888275063
2022-03-15,China,Arroz,388.89,168245,estable,Estados Unidos,348.38,426.38,2022,3,0,0,78.0,0.2005708555118414
2022-03-15,China,Leche,351.5,236101,subiendo,África,332.37,399.54,2022,3,1,0,67.17000000000002,0.19109530583214798
2022-03-15,Francia,Maíz,175.19,33258,bajando,México,154.6,191.39,2022,3,-1,0,36.78999999999999,0.21000057080883608
2022-03-15,Francia,Arroz,312.39,19957,subiendo,Estados Unidos,270.12,325.8,2022,3,1,0,55.68000000000001,0.17823874003649287
2022-03-15,Francia,Leche,377.71,18083,estable,Oriente Medio,362.79,394.71,2022,3,0,0,31.91999999999996,0.08450927960604686
2022-03-15,Alemania,Soja,560.99,14261,bajando,México,498.87,636.18,2022,3,-1,0,137.30999999999995,0.24476372127845406
2022-03-15,Alemania,Carne_porcina,2655.32,34984,bajando,África,2261.07,2868.81,2022,3,-1,0,607.7399999999998,0.22887636894988164
2022-03-15,Alemania,Maíz,207.69,25522,estable,Oriente Medio,197.22,230.32,2022,3,0,0,33.099999999999994,0.15937214117193893
2022-03-15,Australia,Maíz,190.85,140242,bajando,Estados Unidos,172.08,210.41,2022,3,-1,0,38.329999999999984,0.20083835472884456
2022-03-15,Australia,Carne_bovina,4165.32,92977,bajando,Japón,3685.64,4493.57,2022,3,-1,0,807.9299999999998,0.19396588977557544
2022-03-15,Australia,Trigo,299.14,54694,subiendo,África,276.32,305.8,2022,3,1,0,29.480000000000018,0.09854917429965909
2022-03-15,México,Maíz,196.74,40622,subiendo,China,183.96,215.33,2022,3,1,0,31.370000000000005,0.15944901900986075
2022-03-15,México,Arroz,369.53,19732,subiendo,UE,329.59,418.45,2022,3,1,0,88.86000000000001,0.24046762103212194
2022-03-15,México,Trigo,350.33,3755,subiendo,África,312.17,387.62,2022,3,1,0,75.44999999999999,0.215368366968287
2022-03-15,Kenia,Carne_bovina,4036.13,48199,subiendo,Oriente Medio,3521.15,4443.44,2022,3,1,0,922.2899999999995,0.22850849700083978
2022-03-15,Kenia,Arroz,357.45,12788,subiendo,Oriente Medio,321.35,380.18,2022,3,1,0,58.829999999999984,0.1645824590851867
2022-03-15,Kenia,Soja,483.9,43356,estable,África,417.42,506.46,2022,3,0,0,89.03999999999996,0.1840049597024178
2022-03-15,Nueva Zelanda,Maíz,206.14,18865,estable,Japón,194.1,214.48,2022,3,0,0,20.379999999999995,0.09886484913165808
2022-03-15,Nueva Zelanda,Soja,518.12,10950,subiendo,Estados Unidos,493.08,553.54,2022,3,1,0,60.45999999999998,0.11669111402763835
2022-03-15,Nueva Zelanda,Carne_bovina,4060.69,8382,estable,África,3735.76,4601.02,2022,3,0,0,865.2600000000002,0.21308201315539974
2022-03-15,España,Carne_bovina,4040.56,1552,subiendo,UE,3713.31,4259.07,2022,3,1,0,545.7599999999998,0.13507038628308943
2022-03-15,España,Arroz,355.58,21027,subiendo,China,304.21,380.63,2022,3,1,0,76.42000000000002,0.2149164744923787
2022-03-15,España,Leche,362.4,33625,bajando,Sudeste Asiático,319.56,384.42,2022,3,-1,0,64.86000000000001,0.1789735099337749
2022-04-15,Argentina,Trigo,312.45,114672,estable,México,297.06,323.52,2022,4,0,0,26.45999999999998,0.08468554968795002
2022-04-15,Argentina,Carne_porcina,2392.15,87645,estable,Estados Unidos,2068.09,2483.81,2022,4,0,0,415.7199999999998,0.17378508872771348
2022-04-15,Argentina,Arroz,407.21,56935,subiendo,Japón,355.82,431.54,2022,4,1,0,75.72000000000003,0.1859482822131088
2022-04-15,Brasil,Maíz,177.62,163748,subiendo,México,167.89,202.82,2022,4,1,0,34.93000000000001,0.19665578200653083
2022-04-15,Brasil,Leche,383.49,417010,subiendo,UE,349.45,421.82,2022,4,1,0,72.37,0.1887141776839031
2022-04-15,Brasil,Trigo,279.39,358348,estable,México,258.38,304.11,2022,4,0,0,45.73000000000002,0.16367801281362976
2022-04-15,Estados Unidos,Carne_porcina,2512.43,338123,subiendo,China,2207.21,2703.78,2022,4,1,0,496.57000000000016,0.19764530753095616
2022-04-15,Estados Unidos,Soja,518.84,440660,subiendo,China,445.22,552.67,2022,4,1,0,107.44999999999993,0.20709660010793293
2022-04-15,Estados Unidos,Carne_bovina,3707.68,226507,subiendo,Oriente Medio,3242.41,3828.28,2022,4,1,0,585.8700000000003,0.15801525482242273
2022-04-15,India,Trigo,274.78,74034,estable,Japón,253.21,280.35,2022,4,0,0,27.140000000000015,0.0987699250309339
2022-04-15,India,Carne_porcina,2557.19,119557,estable,Estados Unidos,2393.02,2796.02,2022,4,0,0,403.0,0.15759485998302825
2022-04-15,India,Maíz,198.2,114361,estable,Oriente Medio,172.7,213.95,2022,4,0,0,41.25,0.2081231079717457
2022-04-15,China,Arroz,338.34,158427,estable,Oriente Medio,317.2,383.93,2022,4,0,0,66.73000000000002,0.19722764083466343
2022-04-15,China,Soja,497.99,263652,estable,UE,456.03,549.06,2022,4,0,0,93.02999999999997,0.1868109801401634
2022-04-15,China,Carne_porcina,2946.05,475368,bajando,Estados Unidos,2656.44,3045.09,2022,4,-1,0,388.6500000000001,0.1319224045756182
2022-04-15,Francia,Arroz,369.67,5874,subiendo,Estados Unidos,346.12,415.08,2022,4,1,0,68.95999999999998,0.18654475613384905
2022-04-15,Francia,Carne_bovina,3747.18,40896,subiendo,UE,3512.95,4235.77,2022,4,1,0,722.8200000000006,0.1928970585880584
2022-04-15,Francia,Trigo,319.62,13244,bajando,UE,293.63,339.53,2022,4,-1,0,45.89999999999998,0.1436080345410174
2022-04-15,Alemania,Leche,374.53,33309,bajando,UE,350.03,402.59,2022,4,-1,0,52.56,0.14033588764584948
2022-04-15,Alemania,Carne_porcina,2578.77,39142,subiendo,China,2404.77,2943.57,2022,4,1,0,538.8000000000002,0.2089368187158995
2022-04-15,Alemania,Maíz,217.15,18458,subiendo,UE,202.12,234.68,2022,4,1,0,32.56,0.14994243610407554
2022-04-15,Australia,Arroz,356.09,39011,bajando,Oriente Medio,329.51,387.9,2022,4,-1,0,58.389999999999986,0.16397539947766013
2022-04-15,Australia,Leche,355.8,101735,estable,Sudeste Asiático,310.67,394.17,2022,4,0,0,83.5,0.23468240584598088
2022-04-15,Australia,Maíz,246.26,49498,estable,Oriente Medio,221.38,273.46,2022,4,0,0,52.079999999999984,0.21148379761227964
2022-04-15,México,Leche,335.94,24193,estable,UE,291.6,362.24,2022,4,0,0,70.63999999999999,0.21027564446032027
2022-04-15,México,Arroz,345.34,38060,subiendo,África,308.18,379.29,2022,4,1,0,71.11000000000001,0.20591301326229228
2022-04-15,México,Carne_bovina,4291.36,1591,bajando,México,4142.26,4700.38,2022,4,-1,0,558.1199999999999,0.13005667201073784
2022-04-15,Kenia,Carne_bovina,3933.55,41458,bajando,Oriente Medio,3645.35,4522.05,2022,4,-1,0,876.7000000000003,0.22287755335511186
2022-04-15,Kenia,Maíz,176.5,41549,bajando,Sudeste Asiático,150.52,180.12,2022,4,-1,0,29.599999999999994,0.1677053824362606
2022-04-15,Kenia,Arroz,376.6,45957,estable,Sudeste Asiático,332.59,401.37,2022,4,0,0,68.78000000000003,0.18263409453000537
2022-04-15,Nueva Zelanda,Carne_bovina,3787.1,34361,subiendo,México,3274.44,4090.32,2022,4,1,0,815.8800000000001,0.2154366137677907
2022-04-15,Nueva Zelanda,Leche,346.03,42282,bajando,Japón,312.06,379.11,2022,4,-1,0,67.05000000000001,0.19376932635898628
2022-04-15,Nueva Zelanda,Trigo,321.99,25957,bajando,China,284.79,341.65,2022,4,-1,0,56.85999999999996,0.17658933507251764
2022-04-15,España,Leche,367.72,26853,subiendo,África,358.69,380.73,2022,4,1,0,22.04000000000002,0.05993690851735021
2022-04-15,España,Carne_bovina,4055.69,27114,subiendo,Sudeste Asiático,3467.94,4347.81,2022,4,1,0,879.8700000000003,0.21694705463188763
2022-04-15,España,Soja,549.52,2184,estable,Estados Unidos,486.42,620.05,2022,4,0,0,133.62999999999994,0.24317586257097093
2022-05-15,Argentina,Trigo,312.75,59795,estable,China,279.25,331.41,2022,5,0,0,52.160000000000025,0.16677857713828945
2022-05-15,Argentina,Carne_bovina,4338.69,134184,bajando,UE,3999.99,4660.1,2022,5,-1,0,660.1100000000006,0.1521450022933191
2022-05-15,Argentina,Maíz,211.32,127198,bajando,China,180.92,221.39,2022,5,-1,0,40.47,0.19151050539466213
2022-05-15,Brasil,Carne_porcina,2657.49,360469,estable,África,2481.71,2716.61,2022,5,0,0,234.9000000000001,0.08839167786144073
2022-05-15,Brasil,Trigo,351.84,203503,subiendo,México,334.16,367.64,2022,5,1,0,33.47999999999996,0.095156889495225
2022-05-15,Brasil,Arroz,356.47,492850,bajando,Oriente Medio,323.79,366.0,2022,5,-1,0,42.20999999999998,0.11841108648694133
2022-05-15,Estados Unidos,Leche,368.12,134932,bajando,China,314.4,405.68,2022,5,-1,0,91.28000000000003,0.24796262088449425
2022-05-15,Estados Unidos,Arroz,331.21,410674,subiendo,China,291.47,377.4,2022,5,1,0,85.92999999999995,0.2594426496784516
2022-05-15,Estados Unidos,Maíz,206.12,118957,estable,China,185.75,217.59,2022,5,0,0,31.840000000000003,0.15447312245294004
2022-05-15,India,Trigo,346.94,108100,subiendo,México,337.29,370.92,2022,5,1,0,33.629999999999995,0.09693318729463307
2022-05-15,India,Arroz,358.61,94831,bajando,Oriente Medio,345.48,372.17,2022,5,-1,0,26.689999999999998,0.07442625693650483
2022-05-15,India,Carne_bovina,4555.68,58296,subiendo,UE,4233.0,4843.29,2022,5,1,0,610.29,0.1339624380992519
2022-05-15,China,Soja,470.28,311569,bajando,Sudeste Asiático,454.81,498.25,2022,5,-1,0,43.44,0.09237050267925491
2022-05-15,China,Carne_porcina,2556.67,245226,estable,Japón,2372.85,2716.24,2022,5,0,0,343.3899999999999,0.13431142853790276
2022-05-15,China,Trigo,275.29,171509,estable,Japón,245.18,298.29,2022,5,0,0,53.110000000000014,0.19292382578371903
2022-05-15,Francia,Maíz,190.39,7660,subiendo,China,161.91,200.36,2022,5,1,0,38.45000000000002,0.2019538841325701
2022-05-15,Francia,Soja,445.18,6990,subiendo,Sudeste Asiático,392.11,499.16,2022,5,1,0,107.05000000000001,0.24046453120086259
2022-05-15,Francia,Trigo,286.43,33417,subiendo,Oriente Medio,272.23,312.12,2022,5,1,0,39.889999999999986,0.13926613832349957
2022-05-15,Alemania,Carne_bovina,4211.11,47685,estable,África,3882.81,4388.93,2022,5,0,0,506.12000000000035,0.12018683909942993
2022-05-15,Alemania,Carne_porcina,2531.53,45647,bajando,Estados Unidos,2386.38,2685.04,2022,5,-1,0,298.65999999999985,0.11797608560830795
2022-05-15,Alemania,Soja,535.95,22475,bajando,África,498.41,577.93,2022,5,-1,0,79.51999999999992,0.14837204963149533
2022-05-15,Australia,Maíz,210.93,105229,bajando,UE,186.37,227.6,2022,5,-1,0,41.22999999999999,0.1954676907030768
2022-05-15,Australia,Trigo,270.83,105976,estable,Japón,242.76,281.21,2022,5,0,0,38.44999999999999,0.14197097810434586
2022-05-15,Australia,Leche,357.16,87541,subiendo,Sudeste Asiático,309.11,391.26,2022,5,1,0,82.14999999999998,0.23000895956994055
2022-05-15,México,Carne_porcina,2334.23,40520,subiendo,China,2085.26,2529.1,2022,5,1,0,443.8399999999997,0.1901440732061535
2022-05-15,México,Carne_bovina,3954.94,9179,estable,Japón,3578.3,4483.32,2022,5,0,0,905.0199999999995,0.22883280150899876
2022-05-15,México,Arroz,313.46,43225,estable,Estados Unidos,283.85,321.25,2022,5,0,0,37.39999999999998,0.11931346902316078
2022-05-15,Kenia,Arroz,404.37,37491,subiendo,África,385.47,437.68,2022,5,1,0,52.20999999999998,0.12911442490788133
2022-05-15,Kenia,Carne_bovina,3790.7,37362,bajando,Estados Unidos,3377.8,3897.36,2022,5,-1,0,519.56,0.13706175640383042
2022-05-15,Kenia,Carne_porcina,2380.04,21036,bajando,África,2280.37,2493.45,2022,5,-1,0,213.07999999999993,0.0895279070939984
2022-05-15,Nueva Zelanda,Trigo,319.25,34545,subiendo,UE,292.61,361.47,2022,5,1,0,68.86000000000001,0.21569303054032893
2022-05-15,Nueva Zelanda,Carne_porcina,2556.41,13320,bajando,México,2461.86,2772.56,2022,5,-1,0,310.6999999999998,0.12153762502884899
2022-05-15,Nueva Zelanda,Soja,536.89,25831,subiendo,Oriente Medio,497.46,552.19,2022,5,1,0,54.730000000000075,0.10193894466278022
2022-05-15,España,Trigo,324.02,40623,estable,México,312.85,357.0,2022,5,0,0,44.14999999999998,0.13625702117153257
2022-05-15,España,Soja,538.67,23377,subiendo,China,506.15,557.3,2022,5,1,0,51.14999999999998,0.09495609556871551
2022-05-15,España,Carne_porcina,2599.46,32437,subiendo,China,2389.08,2730.5,2022,5,1,0,341.4200000000001,0.13134266347626047
2022-06-15,Argentina,Carne_porcina,2345.02,117373,estable,México,2269.03,2443.8,2022,6,0,0,174.76999999999998,0.07452814901365445
2022-06-15,Argentina,Leche,320.07,144899,estable,México,297.83,365.55,2022,6,0,0,67.72000000000003,0.2115787171556223
2022-06-15,Argentina,Trigo,334.05,130015,estable,África,302.96,365.09,2022,6,0,0,62.129999999999995,0.18599012123933542
2022-06-15,Brasil,Trigo,310.08,445435,estable,Estados Unidos,301.68,346.19,2022,6,0,0,44.50999999999999,0.14354360165118676
2022-06-15,Brasil,Arroz,339.46,125213,subiendo,Sudeste Asiático,321.43,366.67,2022,6,1,0,45.24000000000001,0.13327048842278916
2022-06-15,Brasil,Leche,351.57,397379,estable,UE,336.31,372.28,2022,6,0,0,35.96999999999997,0.10231248400034125
2022-06-15,Estados Unidos,Carne_bovina,4123.39,92965,bajando,China,4001.38,4608.21,2022,6,-1,0,606.8299999999999,0.14716774304637686
2022-06-15,Estados Unidos,Soja,522.32,187726,bajando,UE,497.61,586.73,2022,6,-1,0,89.12,0.17062337264512176
2022-06-15,Estados Unidos,Leche,327.03,133821,estable,Oriente Medio,319.72,338.02,2022,6,0,0,18.299999999999955,0.05595816897532323
2022-06-15,India,Soja,481.19,141800,bajando,Oriente Medio,462.12,497.95,2022,6,-1,0,35.829999999999984,0.07446123153016476
2022-06-15,India,Carne_porcina,2146.32,138892,estable,UE,1901.13,2444.95,2022,6,0,0,543.8199999999997,0.25337321555033715
2022-06-15,India,Leche,365.46,15941,estable,Estados Unidos,350.24,393.93,2022,6,0,0,43.69,0.11954796694576698
2022-06-15,China,Carne_bovina,3820.05,272940,bajando,Japón,3356.79,4288.43,2022,6,-1,0,931.6400000000003,0.24388162458606572
2022-06-15,China,Maíz,179.64,214144,estable,China,170.31,194.08,2022,6,0,0,23.77000000000001,0.13232019594745054
2022-06-15,China,Trigo,331.9,400715,bajando,Japón,287.57,355.56,2022,6,-1,0,67.99000000000001,0.20485085869237726
2022-06-15,Francia,Carne_porcina,2163.42,39305,subiendo,China,1908.83,2447.9,2022,6,1,0,539.0700000000002,0.24917491749174925
2022-06-15,Francia,Leche,327.02,32084,bajando,Estados Unidos,305.45,346.96,2022,6,-1,0,41.50999999999999,0.12693413246896212
2022-06-15,Francia,Maíz,178.79,3769,estable,China,168.01,189.99,2022,6,0,0,21.980000000000018,0.12293752447004877
2022-06-15,Alemania,Carne_bovina,3751.62,22478,subiendo,Estados Unidos,3334.86,4175.18,2022,6,1,0,840.3200000000002,0.22398857027097632
2022-06-15,Alemania,Maíz,166.06,23495,estable,Sudeste Asiático,145.59,185.74,2022,6,0,0,40.150000000000006,0.24178007948934124
2022-06-15,Alemania,Leche,321.05,15223,estable,África,294.16,352.49,2022,6,0,0,58.329999999999984,0.18168509577947356
2022-06-15,Australia,Carne_bovina,3983.3,25821,estable,China,3710.29,4344.95,2022,6,0,0,634.6599999999999,0.15933020360003008
2022-06-15,Australia,Soja,582.95,122774,subiendo,África,543.47,616.73,2022,6,1,0,73.25999999999999,0.12567115533064582
2022-06-15,Australia,Carne_porcina,2357.85,97637,bajando,Oriente Medio,2077.55,2554.38,2022,6,-1,0,476.8299999999999,0.20223084589774581
2022-06-15,México,Soja,490.58,25892,bajando,Japón,442.05,543.69,2022,6,-1,0,101.64000000000004,0.20718333401280126
2022-06-15,México,Trigo,230.58,34296,subiendo,Sudeste Asiático,210.56,248.89,2022,6,1,0,38.329999999999984,0.16623297770838746
2022-06-15,México,Carne_porcina,2628.64,28644,estable,Oriente Medio,2374.41,2798.47,2022,6,0,0,424.05999999999995,0.16132296548785682
2022-06-15,Kenia,Soja,480.77,17704,bajando,UE,459.71,533.07,2022,6,-1,0,73.36000000000007,0.15258855585831077
2022-06-15,Kenia,Trigo,262.91,41858,estable,Sudeste Asiático,256.25,279.22,2022,6,0,0,22.970000000000027,0.0873683009394851
2022-06-15,Kenia,Leche,350.81,42603,bajando,Oriente Medio,335.96,359.78,2022,6,-1,0,23.819999999999993,0.06790000285054586
2022-06-15,Nueva Zelanda,Trigo,262.15,1080,subiendo,Sudeste Asiático,256.23,267.67,2022,6,1,0,11.439999999999998,0.04363913789814991
2022-06-15,Nueva Zelanda,Maíz,171.95,28670,subiendo,UE,152.04,181.18,2022,6,1,0,29.140000000000015,0.16946786856644383
2022-06-15,Nueva Zelanda,Carne_porcina,2188.29,38946,subiendo,África,2085.99,2495.64,2022,6,1,0,409.6500000000001,0.18720096513716195
2022-06-15,España,Carne_bovina,4034.21,27354,bajando,China,3727.84,4205.7,2022,6,-1,0,477.8599999999997,0.1184519397849888
2022-06-15,España,Arroz,362.69,41217,estable,Sudeste Asiático,344.37,411.02,2022,6,0,0,66.64999999999998,0.1837657503653257
2022-06-15,España,Leche,345.28,47328,subiendo,África,317.62,392.26,2022,6,1,0,74.63999999999999,0.21617238183503243
2022-07-15,Argentina,Soja,510.86,15576,estable,Oriente Medio,487.76,584.82,2022,7,0,0,97.06000000000006,0.18999334455623862
2022-07-15,Argentina,Arroz,390.99,110597,bajando,China,342.67,446.96,2022,7,-1,0,104.28999999999996,0.26673316453106205
2022-07-15,Argentina,Maíz,208.32,27040,estable,Sudeste Asiático,182.63,225.21,2022,7,0,0,42.58000000000001,0.2043970814132105
2022-07-15,Brasil,Carne_porcina,2548.93,172702,subiendo,Oriente Medio,2260.69,2757.27,2022,7,1,0,496.5799999999999,0.19481900248339498
2022-07-15,Brasil,Leche,305.85,171922,estable,China,284.03,336.72,2022,7,0,0,52.690000000000055,0.17227399051822806
2022-07-15,Brasil,Trigo,269.2,151188,estable,Oriente Medio,262.75,281.11,2022,7,0,0,18.360000000000014,0.0682020802377415
2022-07-15,Estados Unidos,Soja,490.58,70719,bajando,UE,458.78,511.25,2022,7,-1,0,52.47000000000003,0.10695503281829677
2022-07-15,Estados Unidos,Arroz,388.74,370451,subiendo,África,353.18,403.28,2022,7,1,0,50.099999999999966,0.12887791325821876
2022-07-15,Estados Unidos,Leche,318.99,60318,subiendo,Sudeste Asiático,299.73,360.16,2022,7,1,0,60.43000000000001,0.1894416752876266
2022-07-15,India,Trigo,253.24,72966,estable,UE,217.21,274.2,2022,7,0,0,56.98999999999998,0.2250434370557573
2022-07-15,India,Maíz,189.34,47864,subiendo,México,174.33,204.59,2022,7,1,0,30.25999999999999,0.15981831625646978
2022-07-15,India,Carne_bovina,4097.73,134431,subiendo,Oriente Medio,4006.7,4640.77,2022,7,1,0,634.0700000000006,0.15473689091277382
2022-07-15,China,Carne_bovina,3630.17,310051,bajando,Estados Unidos,3173.2,3709.38,2022,7,-1,0,536.1800000000003,0.14770107185062967
2022-07-15,China,Arroz,374.79,403081,subiendo,Estados Unidos,339.0,387.54,2022,7,1,0,48.54000000000002,0.12951252701512853
2022-07-15,China,Soja,489.65,150882,bajando,Oriente Medio,449.67,505.76,2022,7,-1,0,56.089999999999975,0.11455121004799342
2022-07-15,Francia,Arroz,321.22,27172,bajando,Estados Unidos,275.38,366.48,2022,7,-1,0,91.10000000000002,0.2836062511674242
2022-07-15,Francia,Soja,482.68,22969,subiendo,Oriente Medio,466.33,518.32,2022,7,1,0,51.990000000000066,0.107711112952681
2022-07-15,Francia,Maíz,175.58,13883,bajando,China,149.47,189.7,2022,7,-1,0,40.22999999999999,0.22912632418270867
2022-07-15,Alemania,Carne_bovina,3622.57,9949,bajando,China,3091.43,3912.31,2022,7,-1,0,820.8800000000001,0.22660155635363846
2022-07-15,Alemania,Trigo,285.4,3268,estable,Sudeste Asiático,248.96,294.58,2022,7,0,0,45.619999999999976,0.15984583041345474
2022-07-15,Alemania,Maíz,186.25,38117,subiendo,Sudeste Asiático,179.73,205.84,2022,7,1,0,26.110000000000014,0.1401879194630873
2022-07-15,Australia,Arroz,330.07,76554,bajando,México,312.46,370.67,2022,7,-1,0,58.210000000000036,0.17635653043293859
2022-07-15,Australia,Soja,513.19,53826,estable,UE,467.83,523.87,2022,7,0,0,56.04000000000002,0.10919932188857931
2022-07-15,Australia,Carne_porcina,2227.94,24101,subiendo,Japón,2113.75,2357.4,2022,7,1,0,243.6500000000001,0.10936111385405356
2022-07-15,México,Leche,313.63,27038,subiendo,Estados Unidos,280.54,328.65,2022,7,1,0,48.10999999999996,0.1533973153078467
2022-07-15,México,Soja,517.32,10300,estable,China,478.95,548.18,2022,7,0,0,69.22999999999996,0.13382432536921046
2022-07-15,México,Carne_porcina,2714.02,32094,subiendo,Oriente Medio,2524.61,2841.77,2022,7,1,0,317.15999999999985,0.11685986101797328
2022-07-15,Kenia,Soja,446.21,9555,bajando,Oriente Medio,383.86,482.14,2022,7,-1,0,98.27999999999997,0.22025503686604958
2022-07-15,Kenia,Arroz,375.27,2579,estable,Estados Unidos,332.17,399.61,2022,7,0,0,67.44,0.17971060836197938
2022-07-15,Kenia,Trigo,316.78,23987,subiendo,Oriente Medio,270.79,327.47,2022,7,1,0,56.68000000000001,0.17892543721194523
2022-07-15,Nueva Zelanda,Carne_bovina,4038.11,39105,subiendo,Estados Unidos,3855.21,4402.61,2022,7,1,0,547.3999999999996,0.1355584667084353
2022-07-15,Nueva Zelanda,Carne_porcina,2485.7,19712,estable,Oriente Medio,2195.34,2715.08,2022,7,0,0,519.7399999999998,0.20909200627589805
2022-07-15,Nueva Zelanda,Maíz,225.35,34665,estable,Oriente Medio,195.27,243.44,2022,7,0,0,48.16999999999999,0.21375637896605276
2022-07-15,España,Maíz,190.81,17961,subiendo,Japón,173.06,210.93,2022,7,1,0,37.870000000000005,0.19846968188250094
2022-07-15,España,Leche,390.71,8178,estable,China,357.03,430.0,2022,7,0,0,72.97000000000003,0.1867625604668425
2022-07-15,España,Carne_bovina,3690.74,20711,subiendo,China,3330.81,4118.16,2022,7,1,0,787.3499999999999,0.21333120187279514
2022-08-15,Argentina,Leche,360.03,43517,subiendo,África,351.88,380.27,2022,8,1,0,28.389999999999986,0.07885453989945279
2022-08-15,Argentina,Carne_bovina,3719.49,127715,subiendo,Estados Unidos,3218.27,4071.47,2022,8,1,0,853.1999999999998,0.22938628682964596
2022-08-15,Argentina,Soja,477.05,123165,subiendo,Estados Unidos,449.8,487.2,2022,8,1,0,37.39999999999998,0.0783984907242427
2022-08-15,Brasil,Maíz,208.98,439306,subiendo,China,187.39,222.09,2022,8,1,0,34.70000000000002,0.16604459756914547
2022-08-15,Brasil,Soja,553.19,51037,subiendo,China,471.51,601.57,2022,8,1,0,130.06000000000006,0.23510909452448533
2022-08-15,Brasil,Carne_porcina,2240.79,424507,bajando,Sudeste Asiático,1974.37,2318.0,2022,8,-1,0,343.6300000000001,0.15335216597717774
2022-08-15,Estados Unidos,Maíz,204.33,347862,subiendo,UE,180.38,219.2,2022,8,1,0,38.81999999999999,0.18998678608133895
2022-08-15,Estados Unidos,Leche,321.38,498724,subiendo,Oriente Medio,296.89,358.78,2022,8,1,0,61.889999999999986,0.1925757670047918
2022-08-15,Estados Unidos,Carne_bovina,3532.92,409405,bajando,Japón,3431.86,3944.44,2022,8,-1,0,512.5799999999999,0.14508678373696543
2022-08-15,India,Carne_bovina,4227.32,130541,estable,China,3806.56,4609.6,2022,8,0,0,803.0400000000004,0.18996432728064128
2022-08-15,India,Carne_porcina,2472.7,31548,estable,Oriente Medio,2256.1,2605.09,2022,8,0,0,348.99000000000024,0.14113721842520333
2022-08-15,India,Leche,306.32,145017,bajando,Japón,270.29,317.17,2022,8,-1,0,46.879999999999995,0.15304256986158266
2022-08-15,China,Maíz,207.28,100395,estable,UE,184.76,229.27,2022,8,0,0,44.51000000000002,0.21473369355461222
2022-08-15,China,Carne_porcina,2414.93,185862,bajando,Estados Unidos,2291.05,2765.51,2022,8,-1,0,474.46000000000004,0.19646946288298214
2022-08-15,China,Soja,498.99,149149,estable,México,476.36,552.09,2022,8,0,0,75.73000000000002,0.15176656846830602
2022-08-15,Francia,Maíz,177.29,28058,bajando,China,160.99,189.48,2022,8,-1,0,28.48999999999998,0.16069716284054364
2022-08-15,Francia,Trigo,304.86,19571,estable,México,293.35,328.08,2022,8,0,0,34.72999999999996,0.11392114413173246
2022-08-15,Francia,Soja,415.7,4837,estable,Estados Unidos,367.77,458.81,2022,8,0,0,91.04000000000002,0.21900408948761133
2022-08-15,Alemania,Maíz,225.36,10975,subiendo,Japón,206.59,247.34,2022,8,1,0,40.75,0.18082179623713168
2022-08-15,Alemania,Soja,556.11,10783,bajando,Estados Unidos,475.13,592.29,2022,8,-1,0,117.15999999999997,0.21067774361187527
2022-08-15,Alemania,Carne_bovina,4139.65,46142,bajando,Estados Unidos,3770.33,4647.41,2022,8,-1,0,877.0799999999999,0.21187298443105093
2022-08-15,Australia,Trigo,268.37,68266,bajando,Sudeste Asiático,228.72,284.01,2022,8,-1,0,55.28999999999999,0.20602153742966797
2022-08-15,Australia,Carne_porcina,2129.86,46566,estable,África,1840.05,2204.63,2022,8,0,0,364.58000000000015,0.17117557022527308
2022-08-15,Australia,Soja,446.32,56318,estable,África,399.45,456.29,2022,8,0,0,56.84000000000003,0.12735257214554588
2022-08-15,México,Carne_porcina,2447.08,40427,subiendo,Japón,2097.63,2631.69,2022,8,1,0,534.06,0.21824378442878858
2022-08-15,México,Arroz,289.03,37802,subiendo,Estados Unidos,262.9,295.93,2022,8,1,0,33.03000000000003,0.11427879458879713
2022-08-15,México,Maíz,215.93,12519,subiendo,Estados Unidos,199.48,248.05,2022,8,1,0,48.57000000000002,0.22493400639096012
2022-08-15,Kenia,Carne_porcina,2228.39,43917,bajando,África,1897.47,2486.01,2022,8,-1,0,588.5400000000002,0.26410996279825355
2022-08-15,Kenia,Arroz,327.77,48874,bajando,México,294.87,336.28,2022,8,-1,0,41.40999999999997,0.12633859108521212
2022-08-15,Kenia,Maíz,222.13,10458,bajando,Oriente Medio,217.33,251.18,2022,8,-1,0,33.849999999999994,0.1523882411200648
2022-08-15,Nueva Zelanda,Trigo,235.21,16505,subiendo,África,215.19,262.65,2022,8,1,0,47.45999999999998,0.2017771353258789
2022-08-15,Nueva Zelanda,Arroz,333.96,48965,bajando,Sudeste Asiático,320.57,351.91,2022,8,-1,0,31.340000000000032,0.09384357408072833
2022-08-15,Nueva Zelanda,Maíz,199.42,6444,bajando,Oriente Medio,183.37,207.64,2022,8,-1,0,24.269999999999982,0.12170293852171288
2022-08-15,España,Trigo,335.29,13010,bajando,Sudeste Asiático,328.01,364.2,2022,8,-1,0,36.19,0.10793641325419784
2022-08-15,España,Maíz,222.06,26390,bajando,Oriente Medio,216.25,251.21,2022,8,-1,0,34.96000000000001,0.15743492749707289
2022-08-15,España,Soja,431.25,41724,bajando,Oriente Medio,414.34,464.65,2022,8,-1,0,50.31,0.1166608695652174
2022-09-15,Argentina,Leche,363.69,31107,estable,Estados Unidos,336.47,401.18,2022,9,0,0,64.70999999999998,0.17792625587725805
2022-09-15,Argentina,Trigo,286.61,38535,estable,México,262.27,310.36,2022,9,0,0,48.09000000000003,0.16778898154286323
2022-09-15,Argentina,Carne_bovina,3957.42,71680,bajando,México,3781.4,4194.82,2022,9,-1,0,413.4199999999996,0.10446705176604949
2022-09-15,Brasil,Trigo,379.45,337144,subiendo,UE,329.97,403.63,2022,9,1,0,73.65999999999997,0.19412307286862557
2022-09-15,Brasil,Carne_porcina,2893.58,366985,estable,África,2521.1,3048.04,2022,9,0,0,526.94,0.182106594599078
2022-09-15,Brasil,Arroz,370.95,259541,estable,México,353.94,409.37,2022,9,0,0,55.43000000000001,0.14942714651570294
2022-09-15,Estados Unidos,Maíz,229.55,455856,subiendo,UE,210.97,247.97,2022,9,1,0,37.0,0.1611849270311479
2022-09-15,Estados Unidos,Leche,358.28,172422,bajando,Japón,320.26,392.78,2022,9,-1,0,72.51999999999998,0.20241152171485985
2022-09-15,Estados Unidos,Carne_porcina,2707.73,313554,subiendo,UE,2487.51,2859.47,2022,9,1,0,371.9599999999996,0.13736967866072303
2022-09-15,India,Leche,346.49,78071,subiendo,África,332.65,390.2,2022,9,1,0,57.55000000000001,0.16609425957459092
2022-09-15,India,Arroz,394.99,52204,bajando,México,345.81,441.39,2022,9,-1,0,95.57999999999998,0.24198080964075036
2022-09-15,India,Carne_bovina,4139.25,74784,subiendo,UE,3899.46,4249.45,2022,9,1,0,349.9899999999998,0.08455396509029409
2022-09-15,China,Carne_bovina,4439.54,175680,bajando,Estados Unidos,3831.6,4949.64,2022,9,-1,0,1118.0400000000004,0.2518369020213807
2022-09-15,China,Carne_porcina,2841.29,80646,subiendo,Estados Unidos,2438.18,3156.26,2022,9,1,0,718.0800000000004,0.2527302739248723
2022-09-15,China,Leche,352.8,484148,estable,China,303.56,396.9,2022,9,0,0,93.33999999999997,0.26456916099773237
2022-09-15,Francia,Maíz,214.27,8653,subiendo,UE,203.02,232.38,2022,9,1,0,29.359999999999985,0.137023381714659
2022-09-15,Francia,Leche,371.11,43744,estable,Oriente Medio,317.64,414.68,2022,9,0,0,97.04000000000002,0.26148581283177497
2022-09-15,Francia,Soja,608.23,11196,bajando,China,574.06,640.82,2022,9,-1,0,66.7600000000001,0.1097611101063744
2022-09-15,Alemania,Carne_bovina,4623.83,35333,bajando,África,4484.03,5094.21,2022,9,-1,0,610.1800000000003,0.13196419418533992
2022-09-15,Alemania,Carne_porcina,2617.45,23329,subiendo,África,2405.21,2910.09,2022,9,1,0,504.8800000000001,0.19289002655256077
2022-09-15,Alemania,Trigo,282.83,37576,estable,Sudeste Asiático,259.62,288.61,2022,9,0,0,28.99000000000001,0.10249973482303862
2022-09-15,Australia,Soja,588.24,132669,subiendo,Oriente Medio,508.09,602.1,2022,9,1,0,94.01000000000005,0.1598157214742283
2022-09-15,Australia,Arroz,369.37,133202,subiendo,Estados Unidos,356.88,409.26,2022,9,1,0,52.379999999999995,0.1418090261797114
2022-09-15,Australia,Carne_bovina,4616.88,110715,bajando,Sudeste Asiático,4218.69,4781.61,2022,9,-1,0,562.9200000000001,0.12192649581535583
2022-09-15,México,Soja,543.77,28474,estable,UE,525.8,555.14,2022,9,0,0,29.340000000000032,0.05395663607775352
2022-09-15,México,Arroz,401.31,45153,estable,África,382.04,433.62,2022,9,0,0,51.579999999999984,0.12852906730457747
2022-09-15,México,Trigo,352.45,12122,estable,México,330.24,372.93,2022,9,0,0,42.69,0.12112356362604625
2022-09-15,Kenia,Leche,421.72,11634,subiendo,Oriente Medio,390.54,473.43,2022,9,1,0,82.88999999999999,0.19655221473963763
2022-09-15,Kenia,Soja,534.91,26062,estable,África,513.57,563.66,2022,9,0,0,50.08999999999992,0.0936419210708342
2022-09-15,Kenia,Carne_porcina,2590.91,29998,estable,África,2224.6,2851.47,2022,9,0,0,626.8699999999999,0.24194973966675798
2022-09-15,Nueva Zelanda,Maíz,251.29,24899,estable,Estados Unidos,216.52,258.11,2022,9,0,0,41.59,0.1655059890962633
2022-09-15,Nueva Zelanda,Soja,481.53,20542,subiendo,Oriente Medio,413.85,521.23,2022,9,1,0,107.38,0.2229975287105684
2022-09-15,Nueva Zelanda,Carne_bovina,3795.45,4042,estable,México,3666.64,3948.59,2022,9,0,0,281.9500000000003,0.07428631651055877
2022-09-15,España,Leche,402.09,38872,subiendo,México,370.1,425.44,2022,9,1,0,55.339999999999975,0.13763087865900664
2022-09-15,España,Soja,449.5,20754,subiendo,Oriente Medio,417.18,505.79,2022,9,1,0,88.61000000000001,0.19713014460511682
2022-09-15,España,Maíz,229.23,15983,subiendo,Estados Unidos,197.85,260.98,2022,9,1,0,63.130000000000024,0.2754002530209834
2022-10-15,Argentina,Arroz,407.93,111747,estable,México,368.18,458.21,2022,10,0,0,90.02999999999997,0.2206996298384526
2022-10-15,Argentina,Leche,380.66,96506,subiendo,México,350.78,392.9,2022,10,1,0,42.120000000000005,0.11064992381652919
2022-10-15,Argentina,Trigo,315.79,82387,bajando,Oriente Medio,279.07,362.89,2022,10,-1,0,83.82,0.26542955761740394
2022-10-15,Brasil,Arroz,417.6,114109,bajando,Sudeste Asiático,368.36,444.25,2022,10,-1,0,75.88999999999999,0.1817289272030651
2022-10-15,Brasil,Carne_bovina,4726.55,108283,subiendo,UE,4574.16,5378.76,2022,10,1,0,804.6000000000004,0.17022987168230536
2022-10-15,Brasil,Carne_porcina,2450.43,172793,estable,África,2326.58,2658.0,2022,10,0,0,331.4200000000001,0.13524973167974605
2022-10-15,Estados Unidos,Maíz,196.05,385277,subiendo,Sudeste Asiático,170.74,218.69,2022,10,1,0,47.94999999999999,0.2445804641673042
2022-10-15,Estados Unidos,Trigo,259.04,203468,bajando,África,246.17,278.46,2022,10,-1,0,32.28999999999999,0.12465256331068557
2022-10-15,Estados Unidos,Carne_porcina,2533.9,237749,subiendo,Sudeste Asiático,2187.33,2736.33,2022,10,1,0,549.0,0.21666206243340305
2022-10-15,India,Maíz,187.57,79094,estable,Sudeste Asiático,172.4,206.96,2022,10,0,0,34.56,0.18425121288052462
2022-10-15,India,Carne_bovina,4208.64,26043,subiendo,UE,3843.61,4460.72,2022,10,1,0,617.1100000000001,0.14662931493309003
2022-10-15,India,Arroz,331.77,58683,bajando,México,317.43,374.66,2022,10,-1,0,57.23000000000002,0.1724990204057028
2022-10-15,China,Carne_bovina,4346.21,134933,estable,Estados Unidos,3882.05,4868.52,2022,10,0,0,986.4700000000003,0.22697246566548793
2022-10-15,China,Trigo,311.46,127332,bajando,Estados Unidos,287.21,351.45,2022,10,-1,0,64.24000000000001,0.20625441469209532
2022-10-15,China,Arroz,410.69,274715,bajando,Estados Unidos,349.64,453.75,2022,10,-1,0,104.11000000000001,0.2535002069687599
2022-10-15,Francia,Arroz,371.17,47295,subiendo,África,325.55,405.06,2022,10,1,0,79.50999999999999,0.2142145108710294
2022-10-15,Francia,Carne_porcina,2903.9,46326,subiendo,África,2696.23,3044.23,2022,10,1,0,348.0,0.11983883742553118
2022-10-15,Francia,Soja,558.01,32141,estable,China,503.79,617.91,2022,10,0,0,114.11999999999995,0.204512463934338
2022-10-15,Alemania,Maíz,242.78,26780,estable,Japón,211.93,269.54,2022,10,0,0,57.610000000000014,0.2372930224894967
2022-10-15,Alemania,Trigo,368.77,18020,subiendo,África,351.24,409.1,2022,10,1,0,57.860000000000014,0.15689996474767476
2022-10-15,Alemania,Carne_bovina,4672.01,10488,bajando,Japón,4322.09,5216.23,2022,10,-1,0,894.1399999999994,0.19138229584268857
2022-10-15,Australia,Trigo,303.62,12315,bajando,Japón,284.99,338.82,2022,10,-1,0,53.829999999999984,0.17729398590343187
2022-10-15,Australia,Carne_bovina,3977.53,134174,estable,Sudeste Asiático,3639.34,4232.37,2022,10,0,0,593.0299999999997,0.14909504139503654
2022-10-15,Australia,Arroz,354.61,30178,estable,China,312.54,397.72,2022,10,0,0,85.18,0.2402075519584896
2022-10-15,México,Trigo,335.89,9535,bajando,Japón,293.38,373.45,2022,10,-1,0,80.07,0.23838161302807465
2022-10-15,México,Soja,505.55,32597,subiendo,UE,479.77,570.6,2022,10,1,0,90.83000000000004,0.1796657106122046
2022-10-15,México,Carne_porcina,2925.41,33118,bajando,UE,2855.0,3024.46,2022,10,-1,0,169.46000000000004,0.05792692306377569
2022-10-15,Kenia,Soja,519.7,25376,subiendo,México,459.86,567.42,2022,10,1,0,107.55999999999995,0.20696555705214534
2022-10-15,Kenia,Maíz,211.77,25562,subiendo,UE,203.01,242.31,2022,10,1,0,39.30000000000001,0.18557869386598672
2022-10-15,Kenia,Trigo,268.49,12742,subiendo,China,259.58,299.93,2022,10,1,0,40.35000000000002,0.15028492681291677
2022-10-15,Nueva Zelanda,Carne_bovina,4290.78,18441,subiendo,Oriente Medio,3797.01,4838.92,2022,10,1,0,1041.9099999999999,0.24282531381240705
2022-10-15,Nueva Zelanda,Leche,355.39,5682,bajando,Sudeste Asiático,342.9,397.58,2022,10,-1,0,54.68000000000001,0.15385914066237094
2022-10-15,Nueva Zelanda,Maíz,252.54,6268,bajando,Japón,229.29,283.15,2022,10,-1,0,53.859999999999985,0.2132731448483408
2022-10-15,España,Trigo,362.85,13994,subiendo,Estados Unidos,327.92,391.75,2022,10,1,0,63.829999999999984,0.17591291167148954
2022-10-15,España,Carne_porcina,2476.61,38851,subiendo,UE,2382.98,2667.99,2022,10,1,0,285.00999999999976,0.11508069498225387
2022-10-15,España,Maíz,227.71,29392,subiendo,China,209.54,260.62,2022,10,1,0,51.08000000000001,0.22432040753590096
2022-11-15,Argentina,Maíz,225.88,25955,subiendo,África,210.08,248.39,2022,11,1,0,38.309999999999974,0.16960332920134574
2022-11-15,Argentina,Carne_porcina,2877.08,67405,estable,Japón,2493.1,3196.7,2022,11,0,0,703.5999999999999,0.24455350563766037
2022-11-15,Argentina,Arroz,412.83,32808,subiendo,UE,395.04,433.01,2022,11,1,0,37.96999999999997,0.09197490492454514
2022-11-15,Brasil,Carne_porcina,2968.74,275044,subiendo,Estados Unidos,2843.92,3305.42,2022,11,1,0,461.5,0.15545315521062808
2022-11-15,Brasil,Maíz,216.25,482046,subiendo,Sudeste Asiático,208.08,236.13,2022,11,1,0,28.049999999999983,0.12971098265895945
2022-11-15,Brasil,Trigo,319.67,358340,bajando,México,297.63,352.1,2022,11,-1,0,54.47000000000003,0.17039446929646204
2022-11-15,Estados Unidos,Trigo,348.64,336330,bajando,México,333.33,374.59,2022,11,-1,0,41.25999999999999,0.11834557136301053
2022-11-15,Estados Unidos,Maíz,210.6,266417,subiendo,Estados Unidos,180.23,215.09,2022,11,1,0,34.860000000000014,0.1655270655270656
2022-11-15,Estados Unidos,Arroz,370.7,491662,subiendo,China,323.09,415.3,2022,11,1,0,92.21000000000004,0.24874561640140286
2022-11-15,India,Trigo,326.05,19068,estable,Japón,284.49,339.22,2022,11,0,0,54.73000000000002,0.16785769053826105
2022-11-15,India,Leche,386.21,55433,subiendo,Estados Unidos,340.56,397.31,2022,11,1,0,56.75,0.14694078351156106
2022-11-15,India,Soja,484.21,96870,bajando,China,418.73,549.59,2022,11,-1,0,130.86,0.2702546415811322
2022-11-15,China,Soja,531.06,67506,subiendo,Oriente Medio,491.5,597.81,2022,11,1,0,106.30999999999995,0.20018453658720287
2022-11-15,China,Trigo,347.56,460710,subiendo,Japón,329.54,365.61,2022,11,1,0,36.06999999999999,0.1037806421912763
2022-11-15,China,Carne_porcina,2806.31,179126,bajando,Estados Unidos,2601.38,2910.69,2022,11,-1,0,309.30999999999995,0.11021946969508
2022-11-15,Francia,Leche,380.85,36282,estable,Japón,329.79,429.64,2022,11,0,0,99.84999999999997,0.26217670999080994
2022-11-15,Francia,Carne_bovina,4657.19,6928,subiendo,China,4227.63,4952.15,2022,11,1,0,724.5199999999995,0.15557020435069208
2022-11-15,Francia,Maíz,215.58,41090,estable,Estados Unidos,209.9,223.19,2022,11,0,0,13.289999999999992,0.06164764820484271
2022-11-15,Alemania,Soja,497.24,21249,estable,África,440.61,511.42,2022,11,0,0,70.81,0.14240608157026788
2022-11-15,Alemania,Arroz,324.68,18576,estable,UE,299.88,369.23,2022,11,0,0,69.35000000000002,0.21359492423309112
2022-11-15,Alemania,Carne_porcina,2779.0,7408,estable,Estados Unidos,2427.47,2995.83,2022,11,0,0,568.3600000000001,0.2045196113709968
2022-11-15,Australia,Carne_porcina,2577.53,115062,subiendo,Oriente Medio,2477.39,2720.92,2022,11,1,0,243.5300000000002,0.09448192649552098
2022-11-15,Australia,Soja,526.12,143351,estable,Oriente Medio,464.43,543.68,2022,11,0,0,79.24999999999994,0.150631034744925
2022-11-15,Australia,Maíz,247.94,121600,subiendo,Sudeste Asiático,236.81,260.27,2022,11,1,0,23.45999999999998,0.09461966604823739
2022-11-15,México,Maíz,199.47,35933,bajando,África,192.23,210.48,2022,11,-1,0,18.25,0.09149245500576528
2022-11-15,México,Carne_bovina,4204.45,5115,bajando,Japón,4043.87,4482.37,2022,11,-1,0,438.5,0.10429425965346241
2022-11-15,México,Carne_porcina,2506.79,48172,subiendo,UE,2320.39,2591.16,2022,11,1,0,270.77,0.10801463225878513
2022-11-15,Kenia,Soja,535.35,39750,bajando,Estados Unidos,473.21,588.2,2022,11,-1,0,114.99000000000007,0.21479405996077344
2022-11-15,Kenia,Carne_porcina,2553.71,17470,subiendo,Estados Unidos,2492.92,2771.34,2022,11,1,0,278.4200000000001,0.10902569203237646
2022-11-15,Kenia,Maíz,206.79,42175,estable,África,194.6,225.44,2022,11,0,0,30.840000000000003,0.14913680545480926
2022-11-15,Nueva Zelanda,Maíz,245.29,20825,estable,Sudeste Asiático,224.2,263.95,2022,11,0,0,39.75,0.16205308002772228
2022-11-15,Nueva Zelanda,Carne_bovina,4594.17,13994,subiendo,Japón,4357.49,5037.78,2022,11,1,0,680.29,0.14807680168561457
2022-11-15,Nueva Zelanda,Soja,594.35,7243,bajando,China,518.02,642.35,2022,11,-1,0,124.33000000000004,0.20918650626735094
2022-11-15,España,Carne_bovina,4471.53,35063,bajando,África,4228.19,4869.28,2022,11,-1,0,641.0900000000001,0.14337150818623606
2022-11-15,España,Carne_porcina,2881.21,22013,estable,Oriente Medio,2715.19,3117.81,2022,11,0,0,402.6199999999999,0.13973990094439484
2022-11-15,España,Trigo,297.16,49474,estable,México,267.96,307.94,2022,11,0,0,39.98000000000002,0.13454031498182803
2022-12-15,Argentina,Carne_bovina,3613.73,93593,estable,África,3109.33,3961.11,2022,12,0,0,851.7800000000002,0.23570659678503933
2022-12-15,Argentina,Soja,425.21,58120,bajando,China,403.16,463.19,2022,12,-1,0,60.02999999999997,0.14117730062792497
2022-12-15,Argentina,Trigo,289.59,116360,subiendo,México,262.99,316.18,2022,12,1,0,53.19,0.1836734693877551
2022-12-15,Brasil,Soja,544.02,97521,subiendo,Estados Unidos,479.79,574.24,2022,12,1,0,94.44999999999999,0.1736149406271828
2022-12-15,Brasil,Carne_bovina,3809.92,361438,subiendo,China,3538.33,4210.6,2022,12,1,0,672.2700000000004,0.1764525239375106
2022-12-15,Brasil,Trigo,295.73,282460,subiendo,Estados Unidos,267.13,301.66,2022,12,1,0,34.53000000000003,0.11676191120278642
2022-12-15,Estados Unidos,Leche,355.61,151819,subiendo,UE,324.33,375.9,2022,12,1,0,51.56999999999999,0.14501841905458224
2022-12-15,Estados Unidos,Trigo,252.14,372187,subiendo,China,238.49,259.95,2022,12,1,0,21.45999999999998,0.08511144602205116
2022-12-15,Estados Unidos,Maíz,175.05,155272,estable,Estados Unidos,151.85,185.32,2022,12,0,0,33.47,0.1912025135675521
2022-12-15,India,Arroz,356.04,11517,estable,China,322.07,364.15,2022,12,0,0,42.079999999999984,0.11818896753173795
2022-12-15,India,Maíz,195.52,19770,bajando,Oriente Medio,173.34,202.25,2022,12,-1,0,28.909999999999997,0.14786211129296234
2022-12-15,India,Carne_porcina,2495.84,24389,bajando,Oriente Medio,2403.84,2672.59,2022,12,-1,0,268.75,0.10767917815244567
2022-12-15,China,Soja,500.94,57720,estable,África,440.66,522.25,2022,12,0,0,81.58999999999997,0.16287379726114898
2022-12-15,China,Carne_porcina,2179.37,483147,bajando,Estados Unidos,2095.38,2413.72,2022,12,-1,0,318.3399999999997,0.14606973574932192
2022-12-15,China,Carne_bovina,3926.31,153928,bajando,UE,3343.71,4483.03,2022,12,-1,0,1139.3199999999997,0.2901757629937523
2022-12-15,Francia,Carne_bovina,4321.12,20639,subiendo,Japón,4074.83,4626.11,2022,12,1,0,551.2799999999997,0.12757803532417517
2022-12-15,Francia,Trigo,282.04,8622,estable,Japón,256.59,304.69,2022,12,0,0,48.10000000000002,0.17054318536377824
2022-12-15,Francia,Carne_porcina,2471.57,24724,bajando,Oriente Medio,2388.18,2762.64,2022,12,-1,0,374.46000000000004,0.15150693688627068
2022-12-15,Alemania,Arroz,366.84,12800,estable,China,350.87,416.15,2022,12,0,0,65.27999999999997,0.17795224075891392
2022-12-15,Alemania,Carne_porcina,2577.47,23294,subiendo,Sudeste Asiático,2197.47,2658.01,2022,12,1,0,460.5400000000004,0.17867909228817425
2022-12-15,Alemania,Soja,537.73,38003,subiendo,Estados Unidos,478.03,561.26,2022,12,1,0,83.23000000000002,0.15478028006620426
2022-12-15,Australia,Soja,441.19,80076,subiendo,Sudeste Asiático,384.66,465.42,2022,12,1,0,80.75999999999999,0.18305038645481536
2022-12-15,Australia,Trigo,277.74,61477,estable,Oriente Medio,256.75,299.49,2022,12,0,0,42.74000000000001,0.15388492835025566
2022-12-15,Australia,Carne_bovina,3756.99,104092,bajando,África,3557.48,4016.99,2022,12,-1,0,459.50999999999976,0.12230801785471875
2022-12-15,México,Leche,319.81,46102,bajando,Estados Unidos,280.07,344.25,2022,12,-1,0,64.18,0.20068165473249744
2022-12-15,México,Soja,477.23,1792,subiendo,África,419.74,541.03,2022,12,1,0,121.28999999999996,0.2541541814219558
2022-12-15,México,Arroz,339.77,49622,bajando,Estados Unidos,292.84,378.64,2022,12,-1,0,85.80000000000001,0.2525237660770522
2022-12-15,Kenia,Soja,525.36,3130,estable,Japón,479.13,541.18,2022,12,0,0,62.049999999999955,0.1181094868280797
2022-12-15,Kenia,Trigo,289.1,33029,estable,Oriente Medio,273.43,305.92,2022,12,0,0,32.49000000000001,0.11238325838810102
2022-12-15,Kenia,Carne_bovina,4144.07,35245,bajando,México,3636.82,4254.55,2022,12,-1,0,617.73,0.14906360172487435
2022-12-15,Nueva Zelanda,Carne_porcina,2439.7,43718,bajando,Oriente Medio,2155.07,2619.83,2022,12,-1,0,464.75999999999976,0.1904988318235848
2022-12-15,Nueva Zelanda,Arroz,348.38,26408,subiendo,Oriente Medio,321.19,391.99,2022,12,1,0,70.80000000000001,0.2032263620184856
2022-12-15,Nueva Zelanda,Maíz,207.39,44196,bajando,UE,190.28,233.55,2022,12,-1,0,43.27000000000001,0.2086407252037225
2022-12-15,España,Carne_porcina,2060.44,30675,bajando,Estados Unidos,1905.89,2131.11,2022,12,-1,0,225.22000000000003,0.10930675001456001
2022-12-15,España,Carne_bovina,3952.63,3687,estable,Sudeste Asiático,3693.63,4462.09,2022,12,0,0,768.46,0.19441738791639998
2022-12-15,España,Leche,324.91,16478,bajando,Oriente Medio,307.98,349.51,2022,12,-1,0,41.52999999999997,0.12782001169554635
